network,n_nodes,out_degree,weight_regime,reciprocity,mc_struct_mean,mc_struct_std,mc_null_random_mean,mc_null_random_std,mc_p_value,mc_cohens_d,mc_p_fmt,kr_struct_mean,kr_struct_std,kr_null_random_mean,kr_null_random_std,kr_p_value,kr_cohens_d,kr_p_fmt
SW,64,6,binary,0.0000,11.0463,0.2783,11.0479,0.2699,0.9346,-0.0057,0.935,6.0000,0.2000,5.9640,0.1109,0.2732,0.2226,0.273
SW,64,6,binary,0.1000,11.0082,0.2693,10.9567,0.2613,0.0047,0.1961,<0.01,5.9800,0.1400,5.9400,0.1217,0.1343,0.3050,0.134
SW,64,6,binary,0.2000,10.9128,0.2537,10.8381,0.2769,0.0001,0.2734,<0.0001,5.9800,0.2441,5.9040,0.1216,0.0540,0.3941,0.054
SW,64,6,binary,0.3000,10.7755,0.2730,10.7356,0.2669,0.0319,0.1489,<0.05,5.9400,0.2375,5.9040,0.1341,0.3578,0.1867,0.358
SW,64,6,binary,0.4000,10.7516,0.2761,10.6234,0.2791,0.0000,0.4601,<0.0001,5.8800,0.3250,5.8680,0.1580,0.8167,0.0470,0.817
SW,64,6,binary,0.5000,10.6688,0.2747,10.4911,0.2746,0.0000,0.6472,<0.0001,5.9000,0.3000,5.8720,0.1312,0.5508,0.1209,0.551
SW,64,6,binary,0.6000,10.5252,0.3066,10.3519,0.2842,0.0000,0.6017,<0.0001,5.9400,0.2375,5.8120,0.1807,0.0034,0.6066,<0.01
SW,64,6,binary,0.7000,10.4563,0.2604,10.2629,0.2775,0.0000,0.7041,<0.0001,5.9400,0.2375,5.7440,0.2229,0.0001,0.8511,<0.0001
SW,64,6,binary,0.8000,10.4137,0.2902,10.1503,0.2807,0.0000,0.9330,<0.0001,5.9600,0.1960,5.6760,0.2259,0.0000,1.3431,<0.0001
SW,64,6,binary,0.9000,10.2977,0.2849,10.0316,0.2796,0.0000,0.9487,<0.0001,5.8800,0.3250,5.6080,0.2038,0.0000,1.0028,<0.0001
SW,64,6,binary,1.0000,10.2030,0.2507,9.8752,0.2844,0.0000,1.1746,<0.0001,5.8800,0.3250,5.4960,0.2341,0.0000,1.3560,<0.0001
SW,64,6,random_narrow,0.0000,11.6559,0.3102,11.6805,0.3314,0.2790,-0.0751,0.279,6.3000,0.4583,6.2360,0.1682,0.3610,0.1854,0.361
SW,64,6,random_narrow,0.1000,11.6717,0.3575,11.5735,0.3166,0.0000,0.3034,<0.0001,6.2200,0.5400,6.1760,0.1773,0.5891,0.1095,0.589
SW,64,6,random_narrow,0.2000,11.5016,0.3350,11.4514,0.3218,0.0255,0.1550,<0.05,6.2600,0.4386,6.1080,0.1707,0.0260,0.4567,<0.05
SW,64,6,random_narrow,0.3000,11.4116,0.3653,11.3346,0.3232,0.0008,0.2332,<0.001,6.0600,0.3693,6.0600,0.1400,1.0000,0.0000,1.000
SW,64,6,random_narrow,0.4000,11.3357,0.3196,11.2328,0.3191,0.0000,0.3224,<0.0001,6.1000,0.3606,6.0200,0.1077,0.1399,0.3007,0.140
SW,64,6,random_narrow,0.5000,11.2564,0.3511,11.1071,0.3266,0.0000,0.4514,<0.0001,6.0400,0.3441,6.0040,0.1296,0.4947,0.1385,0.495
SW,64,6,random_narrow,0.6000,11.1916,0.3615,10.9657,0.3415,0.0000,0.6549,<0.0001,6.0200,0.2441,5.9480,0.1118,0.0635,0.3792,0.063
SW,64,6,random_narrow,0.7000,11.0683,0.3445,10.8860,0.3481,0.0000,0.5247,<0.0001,6.0200,0.2441,5.9560,0.1283,0.1075,0.3282,0.108
SW,64,6,random_narrow,0.8000,11.0430,0.3735,10.7713,0.3663,0.0000,0.7393,<0.0001,5.9600,0.3980,5.9480,0.1375,0.8423,0.0403,0.842
SW,64,6,random_narrow,0.9000,10.9566,0.3393,10.6405,0.3480,0.0000,0.9122,<0.0001,5.9800,0.2441,5.9200,0.1131,0.1218,0.3154,0.122
SW,64,6,random_narrow,1.0000,10.8674,0.3517,10.4759,0.3530,0.0000,1.1098,<0.0001,6.0200,0.1400,5.8760,0.1379,0.0000,1.0362,<0.0001
SW,64,6,random_broad,0.0000,15.1122,1.1797,15.0311,1.3942,0.3903,0.0596,0.390,11.7200,1.4702,11.4560,0.6789,0.2566,0.2305,0.257
SW,64,6,random_broad,0.1000,14.4883,1.3899,14.7073,1.5533,0.0387,-0.1434,<0.05,10.8400,1.6415,10.9440,0.7111,0.6849,-0.0822,0.685
SW,64,6,random_broad,0.2000,14.1936,1.7301,14.3955,1.6832,0.0852,-0.1194,0.085,10.7400,1.8200,10.5240,0.7817,0.4471,0.1542,0.447
SW,64,6,random_broad,0.3000,13.9750,1.6301,14.0616,1.7273,0.4658,-0.0506,0.466,10.1400,1.6494,10.0840,0.8228,0.8320,0.0430,0.832
SW,64,6,random_broad,0.4000,13.9372,1.6988,13.7490,1.7813,0.1249,0.1064,0.125,10.1200,1.4648,9.8800,0.7277,0.3069,0.2075,0.307
SW,64,6,random_broad,0.5000,13.6945,1.8492,13.4652,1.7563,0.0621,0.1294,0.062,9.9000,2.0224,9.6440,0.7697,0.4096,0.1673,0.410
SW,64,6,random_broad,0.6000,12.7005,2.0962,13.3126,1.6475,0.0000,-0.3538,<0.0001,9.1200,1.9354,9.6240,0.7458,0.0921,-0.3437,0.092
SW,64,6,random_broad,0.7000,12.7319,1.8018,12.7945,1.8550,0.6246,-0.0339,0.625,8.9800,1.8165,9.0840,0.7112,0.7098,-0.0754,0.710
SW,64,6,random_broad,0.8000,12.5166,1.8335,12.7391,1.8427,0.0815,-0.1209,0.081,8.7000,1.6279,9.0280,0.7642,0.2047,-0.2579,0.205
SW,64,6,random_broad,0.9000,12.3423,1.7382,12.7378,1.7812,0.0013,-0.2229,<0.01,8.8000,1.6248,9.0320,0.7677,0.3684,-0.1826,0.368
SW,64,6,random_broad,1.0000,12.2259,1.8280,12.4009,1.7657,0.1555,-0.0985,0.155,8.3000,1.6279,8.7600,0.7099,0.0729,-0.3663,0.073
SW,64,6,adjusted_narrow,0.0000,11.6842,0.3475,11.6670,0.3238,0.4494,0.0525,0.449,6.3000,0.4583,6.2360,0.1682,0.3610,0.1854,0.361
SW,64,6,adjusted_narrow,0.1000,11.6101,0.3673,11.5396,0.3081,0.0014,0.2214,<0.01,6.2200,0.4600,6.1520,0.1628,0.3317,0.1971,0.332
SW,64,6,adjusted_narrow,0.2000,11.4304,0.3587,11.4008,0.3438,0.2180,0.0854,0.218,6.3000,0.4583,6.1040,0.1455,0.0053,0.5765,<0.01
SW,64,6,adjusted_narrow,0.3000,11.3269,0.3336,11.2490,0.3379,0.0009,0.2308,<0.001,6.0400,0.2800,6.0400,0.1200,1.0000,0.0000,1.000
SW,64,6,adjusted_narrow,0.4000,11.2198,0.3578,11.1323,0.3399,0.0002,0.2551,<0.001,6.0200,0.3736,6.0080,0.0891,0.8273,0.0442,0.827
SW,64,6,adjusted_narrow,0.5000,11.1060,0.3495,10.9675,0.3367,0.0000,0.4084,<0.0001,6.0000,0.2828,5.9760,0.1106,0.5814,0.1118,0.581
SW,64,6,adjusted_narrow,0.6000,11.0924,0.3675,10.8402,0.3588,0.0000,0.7001,<0.0001,6.0200,0.3156,5.9480,0.1044,0.1327,0.3063,0.133
SW,64,6,adjusted_narrow,0.7000,10.9782,0.3588,10.7406,0.3526,0.0000,0.6718,<0.0001,5.9600,0.2800,5.9400,0.1149,0.6447,0.0935,0.645
SW,64,6,adjusted_narrow,0.8000,10.9353,0.3865,10.6345,0.3551,0.0000,0.8345,<0.0001,6.0000,0.2828,5.8960,0.1800,0.0323,0.4387,<0.05
SW,64,6,adjusted_narrow,0.9000,10.7846,0.3959,10.5145,0.3507,0.0000,0.7535,<0.0001,5.9800,0.2441,5.8680,0.1476,0.0071,0.5552,<0.01
SW,64,6,adjusted_narrow,1.0000,10.9048,0.4224,10.6092,0.3833,0.0000,0.7578,<0.0001,6.1000,0.3000,5.9160,0.1206,0.0001,0.8048,<0.001
SW,64,6,adjusted_broad,0.0000,15.0649,1.1769,15.0734,1.3993,0.9281,-0.0063,0.928,11.7200,1.4702,11.4560,0.6789,0.2566,0.2305,0.257
SW,64,6,adjusted_broad,0.1000,13.2780,1.7478,13.3848,2.1266,0.4563,-0.0517,0.456,9.8200,1.7169,9.5440,0.9174,0.3234,0.2005,0.323
SW,64,6,adjusted_broad,0.2000,12.1224,1.9932,12.1450,2.0647,0.8739,-0.0110,0.874,8.6600,1.7957,8.4640,0.8758,0.4939,0.1387,0.494
SW,64,6,adjusted_broad,0.3000,11.2074,2.0364,11.3533,1.9748,0.2891,-0.0735,0.289,7.5400,1.5647,7.8120,0.6124,0.2599,-0.2289,0.260
SW,64,6,adjusted_broad,0.4000,11.1748,1.7733,10.7869,1.7335,0.0013,0.2229,<0.01,7.6800,1.2718,7.3120,0.6186,0.0716,0.3680,0.072
SW,64,6,adjusted_broad,0.5000,10.7588,1.6568,10.6199,1.6978,0.2361,0.0822,0.236,7.2400,1.4080,7.2080,0.5628,0.8829,0.0298,0.883
SW,64,6,adjusted_broad,0.6000,9.7440,1.8776,10.3275,1.4230,0.0000,-0.3869,<0.0001,6.5600,1.4854,6.9360,0.6098,0.1044,-0.3312,0.104
SW,64,6,adjusted_broad,0.7000,9.6256,1.7026,9.8175,1.6327,0.0925,-0.1167,0.093,6.4200,1.2975,6.5440,0.4700,0.5308,-0.1271,0.531
SW,64,6,adjusted_broad,0.8000,9.7922,1.4366,9.7246,1.5612,0.5271,0.0439,0.527,6.5000,0.9849,6.4800,0.4271,0.8965,0.0263,0.897
SW,64,6,adjusted_broad,0.9000,9.1744,1.6538,9.3955,1.5461,0.0418,-0.1413,<0.05,6.0800,1.0741,6.1280,0.5040,0.7776,-0.0572,0.778
SW,64,6,adjusted_broad,1.0000,8.1734,1.8050,8.5355,1.7087,0.0025,-0.2099,<0.01,5.4400,1.0984,5.6680,0.4571,0.1829,-0.2710,0.183
SW,64,10,binary,0.0000,9.0312,0.2064,9.0480,0.2082,0.2420,-0.0812,0.242,4.9600,0.1960,4.9760,0.0650,0.5887,-0.1096,0.589
SW,64,10,binary,0.1000,9.0280,0.2087,9.0112,0.2036,0.2355,0.0823,0.235,5.0000,0.0000,4.9840,0.0674,0.1030,0.2374,0.103
SW,64,10,binary,0.2000,8.9815,0.2208,8.9708,0.2057,0.4597,0.0513,0.460,5.0000,0.0000,4.9600,0.0800,0.0010,0.5000,<0.01
SW,64,10,binary,0.3000,8.9540,0.2056,8.9220,0.2040,0.0238,0.1568,<0.05,5.0000,0.0000,4.9800,0.0600,0.0238,0.3333,<0.05
SW,64,10,binary,0.4000,8.9235,0.2072,8.8641,0.2053,0.0000,0.2891,<0.0001,4.9600,0.1960,4.9560,0.1003,0.8991,0.0257,0.899
SW,64,10,binary,0.5000,8.8748,0.2154,8.8072,0.2143,0.0000,0.3152,<0.0001,4.9600,0.1960,4.9680,0.0835,0.7932,-0.0531,0.793
SW,64,10,binary,0.6000,8.8557,0.2100,8.7740,0.2113,0.0000,0.3871,<0.0001,4.9800,0.1400,4.9640,0.0866,0.4979,0.1374,0.498
SW,64,10,binary,0.7000,8.8305,0.2175,8.6913,0.2020,0.0000,0.6797,<0.0001,4.9400,0.2375,4.9640,0.0866,0.5079,-0.1343,0.508
SW,64,10,binary,0.8000,8.7982,0.2139,8.6245,0.2035,0.0000,0.8464,<0.0001,4.9600,0.1960,4.9640,0.0768,0.8944,-0.0269,0.894
SW,64,10,binary,0.9000,8.7806,0.2207,8.5652,0.2132,0.0000,1.0045,<0.0001,4.9800,0.1400,4.9560,0.1003,0.3318,0.1971,0.332
SW,64,10,binary,1.0000,8.7371,0.2156,8.4842,0.2007,0.0000,1.2442,<0.0001,4.9800,0.1400,4.9360,0.1091,0.0858,0.3506,0.086
SW,64,10,random_narrow,0.0000,9.5686,0.2362,9.5379,0.2287,0.0540,0.1337,0.054,5.0400,0.2800,5.0320,0.1157,0.8537,0.0373,0.854
SW,64,10,random_narrow,0.1000,9.5172,0.2449,9.5098,0.2356,0.6545,0.0310,0.654,5.0400,0.1960,5.0480,0.0943,0.7973,-0.0520,0.797
SW,64,10,random_narrow,0.2000,9.4849,0.2422,9.4647,0.2319,0.2120,0.0866,0.212,5.0600,0.3105,5.0360,0.0954,0.6062,0.1045,0.606
SW,64,10,random_narrow,0.3000,9.4426,0.2369,9.4321,0.2407,0.5293,0.0436,0.529,4.9800,0.2441,5.0040,0.0937,0.5221,-0.1298,0.522
SW,64,10,random_narrow,0.4000,9.3867,0.2258,9.3480,0.2259,0.0136,0.1713,<0.05,5.0000,0.2828,5.0360,0.0954,0.4006,-0.1706,0.401
SW,64,10,random_narrow,0.5000,9.3597,0.2120,9.2872,0.2355,0.0000,0.3129,<0.0001,5.0400,0.1960,5.0000,0.0894,0.1967,0.2626,0.197
SW,64,10,random_narrow,0.6000,9.3532,0.2512,9.2546,0.2349,0.0000,0.4151,<0.0001,5.0200,0.1400,4.9880,0.0621,0.1468,0.2955,0.147
SW,64,10,random_narrow,0.7000,9.3212,0.2366,9.1809,0.2371,0.0000,0.5917,<0.0001,5.0000,0.2000,4.9920,0.0560,0.7880,0.0545,0.788
SW,64,10,random_narrow,0.8000,9.2942,0.2292,9.1293,0.2382,0.0000,0.6968,<0.0001,5.0400,0.1960,4.9720,0.0895,0.0295,0.4464,<0.05
SW,64,10,random_narrow,0.9000,9.2465,0.2403,9.0665,0.2391,0.0000,0.7521,<0.0001,5.0000,0.2828,4.9840,0.0543,0.6982,0.0786,0.698
SW,64,10,random_narrow,1.0000,9.2289,0.2578,8.9843,0.2419,0.0000,1.0000,<0.0001,5.0200,0.1400,4.9640,0.0768,0.0159,0.4959,<0.05
SW,64,10,random_broad,0.0000,14.1180,1.0978,14.1000,1.0081,0.8008,0.0175,0.801,9.6200,1.0176,9.6040,0.4791,0.9209,0.0201,0.921
SW,64,10,random_broad,0.1000,14.0378,0.9083,13.9776,1.1826,0.4471,0.0527,0.447,9.4800,0.9847,9.5000,0.4968,0.8992,-0.0256,0.899
SW,64,10,random_broad,0.2000,13.6499,1.0914,13.9536,1.1318,0.0001,-0.2699,<0.001,9.2000,0.8718,9.3720,0.5367,0.2424,-0.2376,0.242
SW,64,10,random_broad,0.3000,13.5348,1.1804,13.7722,1.1496,0.0031,-0.2056,<0.01,8.9200,1.0553,9.3280,0.5072,0.0165,-0.4928,<0.05
SW,64,10,random_broad,0.4000,13.4171,1.5679,13.5673,1.0960,0.0685,-0.1264,0.068,9.2400,1.4637,9.1600,0.4613,0.7160,0.0737,0.716
SW,64,10,random_broad,0.5000,13.5044,1.3434,13.4802,1.0988,0.7604,0.0211,0.760,9.3200,1.1391,8.9880,0.5620,0.0703,0.3696,0.070
SW,64,10,random_broad,0.6000,13.2906,1.0707,13.1786,1.2467,0.1853,0.0919,0.185,9.1400,1.1491,8.8160,0.4831,0.0719,0.3676,0.072
SW,64,10,random_broad,0.7000,13.0150,1.5527,13.1229,1.2634,0.2374,-0.0820,0.237,8.7800,1.1712,8.7960,0.4481,0.9290,-0.0180,0.929
SW,64,10,random_broad,0.8000,13.0700,1.1581,12.9689,1.2759,0.2462,0.0804,0.246,8.8000,0.8944,8.7120,0.4217,0.5348,0.1259,0.535
SW,64,10,random_broad,0.9000,12.5058,1.4417,12.8845,1.3002,0.0000,-0.2859,<0.0001,8.3000,1.1874,8.5960,0.4956,0.1105,-0.3253,0.111
SW,64,10,random_broad,1.0000,12.8267,1.1626,12.7406,1.2264,0.3073,0.0708,0.307,8.6600,1.1245,8.4440,0.5220,0.2255,0.2464,0.226
SW,64,10,adjusted_narrow,0.0000,9.5318,0.2368,9.5403,0.2399,0.6074,-0.0356,0.607,5.0400,0.2800,5.0320,0.1157,0.8537,0.0373,0.854
SW,64,10,adjusted_narrow,0.1000,9.4814,0.2304,9.5076,0.2422,0.1158,-0.1091,0.116,5.0200,0.2441,5.0440,0.1003,0.5259,-0.1286,0.526
SW,64,10,adjusted_narrow,0.2000,9.4700,0.2246,9.4356,0.2254,0.0277,0.1528,<0.05,5.0600,0.3105,5.0200,0.0917,0.3892,0.1747,0.389
SW,64,10,adjusted_narrow,0.3000,9.4027,0.2168,9.3894,0.2355,0.4116,0.0569,0.412,5.0000,0.2000,5.0080,0.1055,0.8049,-0.0500,0.805
SW,64,10,adjusted_narrow,0.4000,9.3357,0.2399,9.2997,0.2410,0.0311,0.1496,<0.05,5.0000,0.2828,5.0200,0.1149,0.6475,-0.0926,0.648
SW,64,10,adjusted_narrow,0.5000,9.3018,0.2429,9.2377,0.2357,0.0001,0.2710,<0.0001,5.0200,0.1400,4.9960,0.0747,0.2924,0.2139,0.292
SW,64,10,adjusted_narrow,0.6000,9.2914,0.2505,9.1833,0.2515,0.0000,0.4300,<0.0001,5.0000,0.0000,4.9800,0.0721,0.0580,0.2774,0.058
SW,64,10,adjusted_narrow,0.7000,9.2119,0.2625,9.0905,0.2339,0.0000,0.5083,<0.0001,5.0200,0.1400,4.9920,0.0560,0.1967,0.2626,0.197
SW,64,10,adjusted_narrow,0.8000,9.2180,0.2407,9.0330,0.2404,0.0000,0.7698,<0.0001,5.0000,0.2000,4.9880,0.0621,0.6892,0.0810,0.689
SW,64,10,adjusted_narrow,0.9000,9.1666,0.2639,8.9736,0.2346,0.0000,0.8054,<0.0001,4.9200,0.2713,4.9760,0.0650,0.1631,-0.2839,0.163
SW,64,10,adjusted_narrow,1.0000,9.3692,0.2866,9.1253,0.2781,0.0000,0.8723,<0.0001,5.0600,0.3693,4.9920,0.0688,0.2081,0.2560,0.208
SW,64,10,adjusted_broad,0.0000,14.1834,1.0482,14.1181,1.0036,0.3512,0.0647,0.351,9.6200,1.0176,9.6040,0.4791,0.9209,0.0201,0.921
SW,64,10,adjusted_broad,0.1000,13.5974,1.0699,13.4240,1.5767,0.0966,0.1153,0.097,9.0800,0.9968,8.9880,0.5884,0.5792,0.1124,0.579
SW,64,10,adjusted_broad,0.2000,12.5443,1.6418,12.9543,1.6637,0.0004,-0.2470,<0.001,8.2600,1.2932,8.5760,0.6370,0.1282,-0.3100,0.128
SW,64,10,adjusted_broad,0.3000,12.2448,1.7310,12.2899,1.7781,0.7134,-0.0255,0.713,8.0800,1.3090,8.0880,0.5895,0.9690,-0.0079,0.969
SW,64,10,adjusted_broad,0.4000,11.2844,1.9167,11.6559,1.6005,0.0013,-0.2241,<0.01,7.5800,1.6503,7.7240,0.5945,0.5669,-0.1161,0.567
SW,64,10,adjusted_broad,0.5000,11.1541,1.7383,11.1422,1.5890,0.9156,0.0073,0.916,7.3000,1.3304,7.2920,0.5589,0.9691,0.0078,0.969
SW,64,10,adjusted_broad,0.6000,10.7450,1.6673,10.9287,1.5742,0.0958,-0.1156,0.096,7.1600,1.2862,7.2200,0.5188,0.7627,-0.0612,0.763
SW,64,10,adjusted_broad,0.7000,10.5962,1.7660,10.3220,1.5249,0.0117,0.1749,<0.05,7.0400,1.1993,6.7280,0.4846,0.0945,0.3411,0.095
SW,64,10,adjusted_broad,0.8000,10.0205,1.6374,10.1270,1.4486,0.2999,-0.0719,0.300,6.3400,1.1421,6.5640,0.4694,0.2071,-0.2565,0.207
SW,64,10,adjusted_broad,0.9000,9.5410,1.7514,9.5591,1.5578,0.8694,-0.0114,0.869,6.1200,1.0703,6.2520,0.5182,0.4390,-0.1570,0.439
SW,64,10,adjusted_broad,1.0000,8.7581,1.4446,8.7594,1.5453,0.9902,-0.0008,0.990,5.6800,0.9261,5.6920,0.5517,0.9380,-0.0157,0.938
SW,128,6,binary,0.0000,12.0754,0.2498,11.9964,0.2177,0.0000,0.3535,<0.0001,6.3200,0.4665,6.1600,0.1386,0.0235,0.4650,<0.05
SW,128,6,binary,0.1000,11.9736,0.2376,11.8871,0.2205,0.0000,0.3873,<0.0001,6.3400,0.4737,6.0920,0.1454,0.0007,0.7078,<0.001
SW,128,6,binary,0.2000,11.8838,0.2670,11.7655,0.2239,0.0000,0.5108,<0.0001,6.1800,0.4331,6.0600,0.1077,0.0628,0.3802,0.063
SW,128,6,binary,0.3000,11.7707,0.2407,11.6046,0.2311,0.0000,0.7134,<0.0001,6.1800,0.3842,5.9760,0.1031,0.0005,0.7253,<0.001
SW,128,6,binary,0.4000,11.6194,0.2715,11.4632,0.2425,0.0000,0.6314,<0.0001,6.1000,0.3000,6.0280,0.0981,0.1135,0.3226,0.114
SW,128,6,binary,0.5000,11.5435,0.2517,11.3066,0.2434,0.0000,0.9681,<0.0001,6.0400,0.1960,6.0080,0.0688,0.2834,0.2179,0.283
SW,128,6,binary,0.6000,11.4313,0.2542,11.1549,0.2550,0.0000,1.0841,<0.0001,6.0600,0.2375,5.9880,0.0475,0.0400,0.4204,<0.05
SW,128,6,binary,0.7000,11.3355,0.2441,11.0024,0.2609,0.0000,1.2903,<0.0001,6.0800,0.2713,5.9760,0.0650,0.0105,0.5272,<0.05
SW,128,6,binary,0.8000,11.2189,0.2671,10.8652,0.2593,0.0000,1.3572,<0.0001,6.1200,0.3816,5.9960,0.0280,0.0255,0.4583,<0.05
SW,128,6,binary,0.9000,11.0763,0.2841,10.7178,0.2737,0.0000,1.3014,<0.0001,6.1000,0.3000,5.9760,0.0650,0.0057,0.5713,<0.01
SW,128,6,binary,1.0000,10.9203,0.2832,10.5720,0.2745,0.0000,1.2623,<0.0001,6.0200,0.1400,5.9640,0.0768,0.0159,0.4959,<0.05
SW,128,6,random_narrow,0.0000,12.6998,0.2789,12.6078,0.2460,0.0000,0.3651,<0.0001,6.8200,0.3842,6.6280,0.2333,0.0035,0.6041,<0.01
SW,128,6,random_narrow,0.1000,12.5544,0.2858,12.4811,0.2580,0.0001,0.2789,<0.0001,6.7400,0.4386,6.5280,0.2289,0.0034,0.6059,<0.01
SW,128,6,random_narrow,0.2000,12.4839,0.2600,12.3267,0.2459,0.0000,0.6332,<0.0001,6.7000,0.4583,6.4200,0.2010,0.0002,0.7913,<0.001
SW,128,6,random_narrow,0.3000,12.2928,0.2935,12.1762,0.2613,0.0000,0.4371,<0.0001,6.5000,0.5000,6.2800,0.2263,0.0061,0.5669,<0.01
SW,128,6,random_narrow,0.4000,12.1570,0.2670,12.0020,0.2621,0.0000,0.5899,<0.0001,6.3400,0.4737,6.1960,0.1897,0.0510,0.3991,0.051
SW,128,6,random_narrow,0.5000,12.0058,0.2497,11.8543,0.2717,0.0000,0.5650,<0.0001,6.3800,0.4854,6.1480,0.1952,0.0025,0.6271,<0.01
SW,128,6,random_narrow,0.6000,11.9466,0.2785,11.7166,0.2760,0.0000,0.8323,<0.0001,6.3400,0.4737,6.0400,0.1386,0.0000,0.8596,<0.0001
SW,128,6,random_narrow,0.7000,11.7924,0.2745,11.5723,0.2845,0.0000,0.7781,<0.0001,6.3400,0.4737,6.0320,0.1085,0.0000,0.8963,<0.0001
SW,128,6,random_narrow,0.8000,11.6904,0.2808,11.4058,0.2760,0.0000,1.0283,<0.0001,6.2600,0.4821,6.0240,0.0862,0.0011,0.6815,<0.01
SW,128,6,random_narrow,0.9000,11.5823,0.2950,11.2409,0.2930,0.0000,1.1638,<0.0001,6.2800,0.4490,5.9680,0.1085,0.0000,0.9552,<0.0001
SW,128,6,random_narrow,1.0000,11.5098,0.3011,11.1156,0.2963,0.0000,1.3269,<0.0001,6.2800,0.4915,5.9880,0.0475,0.0001,0.8362,<0.0001
SW,128,6,random_broad,0.0000,17.8757,1.6085,17.6398,1.4629,0.0223,0.1586,<0.05,15.4000,2.3065,14.8720,0.8942,0.1384,0.3018,0.138
SW,128,6,random_broad,0.1000,16.3899,2.0752,16.8100,2.0138,0.0028,-0.2076,<0.01,13.6200,2.7777,13.9320,1.2928,0.4776,-0.1440,0.478
SW,128,6,random_broad,0.2000,15.7702,2.6294,15.7903,2.5818,0.9106,-0.0078,0.911,13.2400,3.4033,12.6480,1.4174,0.2637,0.2271,0.264
SW,128,6,random_broad,0.3000,14.9384,2.7433,15.4100,2.4941,0.0074,-0.1859,<0.01,11.8400,2.9756,12.2240,1.2791,0.4086,-0.1677,0.409
SW,128,6,random_broad,0.4000,14.9199,2.2074,14.6830,2.6252,0.1821,0.0925,0.182,12.2400,2.9971,11.3800,1.2682,0.0674,0.3737,0.067
SW,128,6,random_broad,0.5000,14.3120,2.5184,14.5165,2.5560,0.2475,-0.0802,0.248,11.0800,2.6970,11.1840,0.9362,0.7993,-0.0515,0.799
SW,128,6,random_broad,0.6000,14.7735,2.2088,14.1066,2.3787,0.0000,0.2836,<0.0001,11.8000,2.8983,10.8560,1.0933,0.0354,0.4310,<0.05
SW,128,6,random_broad,0.7000,14.0964,2.0475,13.6590,2.4114,0.0075,0.1857,<0.01,10.8800,2.3886,10.3200,1.3523,0.1564,0.2885,0.156
SW,128,6,random_broad,0.8000,13.7308,2.1350,13.2771,2.3697,0.0051,0.1945,<0.01,10.3000,2.2023,10.0640,1.1124,0.5047,0.1353,0.505
SW,128,6,random_broad,0.9000,12.7079,2.5719,13.0595,2.2963,0.0307,-0.1500,<0.05,9.7800,3.0219,9.7960,1.3638,0.9731,-0.0068,0.973
SW,128,6,random_broad,1.0000,12.2639,2.4757,12.9674,2.0066,0.0000,-0.3363,<0.0001,9.2400,3.0170,9.6200,1.0742,0.4082,-0.1678,0.408
SW,128,6,adjusted_narrow,0.0000,12.7071,0.2683,12.6021,0.2456,0.0000,0.4208,<0.0001,6.8200,0.3842,6.6280,0.2333,0.0035,0.6041,<0.01
SW,128,6,adjusted_narrow,0.1000,12.5356,0.2823,12.4333,0.2536,0.0000,0.3958,<0.0001,6.7400,0.4821,6.5000,0.2236,0.0021,0.6387,<0.01
SW,128,6,adjusted_narrow,0.2000,12.4171,0.2880,12.2610,0.2562,0.0000,0.5961,<0.0001,6.6400,0.4800,6.3800,0.2126,0.0008,0.7004,<0.001
SW,128,6,adjusted_narrow,0.3000,12.1911,0.2600,12.0820,0.2640,0.0000,0.4144,<0.0001,6.4800,0.4996,6.2640,0.2381,0.0075,0.5519,<0.01
SW,128,6,adjusted_narrow,0.4000,12.0038,0.2810,11.8637,0.2759,0.0000,0.5063,<0.0001,6.2600,0.5219,6.1760,0.1903,0.2925,0.2138,0.292
SW,128,6,adjusted_narrow,0.5000,11.8938,0.2789,11.7260,0.2797,0.0000,0.6004,<0.0001,6.2600,0.4386,6.1240,0.1955,0.0502,0.4005,0.050
SW,128,6,adjusted_narrow,0.6000,11.7493,0.3007,11.5479,0.2823,0.0000,0.7054,<0.0001,6.2600,0.4386,6.0160,0.1433,0.0004,0.7478,<0.001
SW,128,6,adjusted_narrow,0.7000,11.6271,0.2887,11.3953,0.2908,0.0000,0.7980,<0.0001,6.2800,0.4490,6.0000,0.1058,0.0000,0.8584,<0.0001
SW,128,6,adjusted_narrow,0.8000,11.5105,0.3056,11.2359,0.2865,0.0000,0.9475,<0.0001,6.2400,0.4271,6.0040,0.1019,0.0003,0.7601,<0.001
SW,128,6,adjusted_narrow,0.9000,11.3951,0.3163,11.0929,0.3028,0.0000,0.9903,<0.0001,6.2000,0.4000,5.9800,0.0917,0.0003,0.7582,<0.001
SW,128,6,adjusted_narrow,1.0000,11.5930,0.3856,11.2736,0.3723,0.0000,0.8529,<0.0001,6.6400,0.4800,6.0800,0.1497,0.0000,1.5751,<0.0001
SW,128,6,adjusted_broad,0.0000,17.8562,1.5261,17.6769,1.4517,0.0775,0.1225,0.078,15.4000,2.3065,14.8720,0.8942,0.1384,0.3018,0.138
SW,128,6,adjusted_broad,0.1000,13.7116,2.5221,13.9815,2.6681,0.1412,-0.1021,0.141,10.2800,2.8986,10.5200,1.2662,0.5965,-0.1073,0.597
SW,128,6,adjusted_broad,0.2000,11.7729,2.4667,11.9233,2.5672,0.3954,-0.0589,0.395,8.3800,2.3228,8.5720,1.0024,0.5965,-0.1073,0.596
SW,128,6,adjusted_broad,0.3000,11.2696,2.3596,11.3431,2.0014,0.6081,-0.0356,0.608,7.9600,1.9896,7.8840,0.7201,0.8020,0.0508,0.802
SW,128,6,adjusted_broad,0.4000,10.6911,1.5113,10.7328,1.8658,0.7398,-0.0230,0.740,7.4600,1.4995,7.3680,0.6316,0.6931,0.0800,0.693
SW,128,6,adjusted_broad,0.5000,10.3567,1.5781,10.5792,1.7839,0.0671,-0.1270,0.067,6.9200,1.1461,7.2200,0.6083,0.1088,-0.3270,0.109
SW,128,6,adjusted_broad,0.6000,10.9426,1.3957,10.1642,1.6155,0.0000,0.4923,<0.0001,7.6400,1.3529,6.8960,0.5444,0.0006,0.7215,<0.001
SW,128,6,adjusted_broad,0.7000,10.4814,1.4674,10.0220,1.5934,0.0000,0.2920,<0.0001,7.0800,1.2303,6.8040,0.5374,0.1533,0.2907,0.153
SW,128,6,adjusted_broad,0.8000,9.9010,1.4267,9.6721,1.6255,0.0385,0.1436,<0.05,6.6200,1.0176,6.4080,0.4612,0.1872,0.2683,0.187
SW,128,6,adjusted_broad,0.9000,9.1175,1.8284,9.2682,1.5993,0.1853,-0.0919,0.185,6.1200,1.2750,6.1400,0.5204,0.9192,-0.0205,0.919
SW,128,6,adjusted_broad,1.0000,8.0857,1.9024,8.4332,1.6767,0.0035,-0.2025,<0.01,5.4400,1.1342,5.7160,0.5108,0.1236,-0.3138,0.124
SW,128,10,binary,0.0000,9.7266,0.1876,9.6528,0.1738,0.0000,0.4188,<0.0001,4.9800,0.1400,4.9760,0.0763,0.8610,0.0355,0.861
SW,128,10,binary,0.1000,9.6745,0.1905,9.6410,0.1796,0.0078,0.1848,<0.01,4.9800,0.1400,4.9840,0.0543,0.8525,-0.0377,0.852
SW,128,10,binary,0.2000,9.6470,0.2060,9.5754,0.1711,0.0000,0.4039,<0.0001,4.9800,0.1400,4.9800,0.0721,1.0000,0.0000,1.000
SW,128,10,binary,0.3000,9.6051,0.1980,9.5200,0.1762,0.0000,0.4727,<0.0001,4.9400,0.2375,4.9800,0.0600,0.2558,-0.2309,0.256
SW,128,10,binary,0.4000,9.5673,0.2095,9.4509,0.1757,0.0000,0.6406,<0.0001,4.9800,0.1400,4.9920,0.0392,0.5647,-0.1167,0.565
SW,128,10,binary,0.5000,9.5234,0.1852,9.3708,0.1979,0.0000,0.7790,<0.0001,5.0000,0.0000,4.9760,0.0650,0.0128,0.3693,<0.05
SW,128,10,binary,0.6000,9.5208,0.1854,9.3142,0.2035,0.0000,1.0303,<0.0001,5.0000,0.0000,4.9840,0.0543,0.0443,0.2949,<0.05
SW,128,10,binary,0.7000,9.4859,0.2037,9.2346,0.2015,0.0000,1.2451,<0.0001,4.9600,0.1960,4.9680,0.0733,0.7895,-0.0541,0.790
SW,128,10,binary,0.8000,9.4063,0.2016,9.1458,0.2110,0.0000,1.2437,<0.0001,4.9800,0.1400,4.9520,0.0943,0.2484,0.2346,0.248
SW,128,10,binary,0.9000,9.4032,0.1942,9.0946,0.1877,0.0000,1.6344,<0.0001,4.9200,0.2713,4.9920,0.0392,0.0690,-0.3715,0.069
SW,128,10,binary,1.0000,9.3721,0.2381,8.9970,0.2089,0.0000,1.7530,<0.0001,5.0000,0.0000,4.9680,0.0835,0.0099,0.3831,<0.01
SW,128,10,random_narrow,0.0000,10.1802,0.1712,10.1476,0.1757,0.0074,0.1860,<0.01,5.3000,0.5000,5.2200,0.1929,0.2986,0.2111,0.299
SW,128,10,random_narrow,0.1000,10.1226,0.1832,10.1121,0.1690,0.3766,0.0613,0.377,5.2600,0.4821,5.1760,0.1945,0.2608,0.2285,0.261
SW,128,10,random_narrow,0.2000,10.0884,0.1827,10.0345,0.1795,0.0000,0.2991,<0.0001,5.2600,0.5219,5.1640,0.1425,0.2172,0.2509,0.217
SW,128,10,random_narrow,0.3000,10.0301,0.1891,9.9681,0.1770,0.0000,0.3462,<0.0001,5.1600,0.3666,5.0880,0.1395,0.2019,0.2596,0.202
SW,128,10,random_narrow,0.4000,9.9974,0.2000,9.9201,0.1783,0.0000,0.4245,<0.0001,5.1000,0.4123,5.0800,0.1649,0.7532,0.0637,0.753
SW,128,10,random_narrow,0.5000,9.9764,0.1921,9.8367,0.1730,0.0000,0.7923,<0.0001,5.1400,0.4477,5.0400,0.0894,0.1284,0.3098,0.128
SW,128,10,random_narrow,0.6000,9.9198,0.1854,9.7646,0.1822,0.0000,0.8490,<0.0001,5.1000,0.3606,5.0160,0.0967,0.1184,0.3182,0.118
SW,128,10,random_narrow,0.7000,9.8955,0.1872,9.7028,0.1863,0.0000,1.0338,<0.0001,5.1200,0.3250,5.0080,0.1055,0.0239,0.4636,<0.05
SW,128,10,random_narrow,0.8000,9.8462,0.1984,9.6286,0.1899,0.0000,1.1370,<0.0001,5.1200,0.3816,4.9960,0.0848,0.0287,0.4486,<0.05
SW,128,10,random_narrow,0.9000,9.8308,0.1934,9.5543,0.1934,0.0000,1.4295,<0.0001,5.0600,0.3693,4.9680,0.0926,0.0939,0.3417,0.094
SW,128,10,random_narrow,1.0000,9.7919,0.2036,9.4638,0.1930,0.0000,1.6845,<0.0001,5.1400,0.4005,4.9760,0.0763,0.0059,0.5689,<0.01
SW,128,10,random_broad,0.0000,16.1578,1.1021,16.3732,1.0582,0.0036,-0.2022,<0.01,11.7000,1.4731,11.7640,0.5509,0.7764,-0.0575,0.776
SW,128,10,random_broad,0.1000,16.0122,1.2525,16.0108,1.3351,0.9875,0.0011,0.988,11.2400,1.5305,11.5920,0.7673,0.1533,-0.2908,0.153
SW,128,10,random_broad,0.2000,15.5536,1.4545,15.6996,1.6475,0.1930,-0.0903,0.193,10.8600,1.8222,11.0840,0.8140,0.4340,-0.1587,0.434
SW,128,10,random_broad,0.3000,15.7294,1.0794,15.4646,1.4976,0.0079,0.1843,<0.01,11.0400,1.1993,10.8960,0.6838,0.4671,0.1475,0.467
SW,128,10,random_broad,0.4000,14.9647,1.8271,14.8075,2.0152,0.2537,0.0792,0.254,10.7400,1.8527,10.4240,0.8860,0.2841,0.2176,0.284
SW,128,10,random_broad,0.5000,14.6998,1.9962,14.8544,1.8695,0.2386,-0.0817,0.239,10.4400,1.8564,10.5680,0.9151,0.6660,-0.0875,0.666
SW,128,10,random_broad,0.6000,14.8559,1.7177,14.4754,1.9401,0.0040,0.1997,<0.01,10.8600,1.9288,10.1960,0.7521,0.0270,0.4536,<0.05
SW,128,10,random_broad,0.7000,14.3502,1.9903,14.3998,1.8799,0.7063,-0.0261,0.706,10.3800,1.9276,10.1040,0.7912,0.3561,0.1873,0.356
SW,128,10,random_broad,0.8000,13.7656,1.8139,14.2714,1.8838,0.0001,-0.2701,<0.001,9.3400,1.6806,9.9960,0.8490,0.0165,-0.4927,<0.05
SW,128,10,random_broad,0.9000,13.9612,1.9044,13.8868,1.8395,0.5618,0.0402,0.562,10.2800,2.1637,9.7560,0.7465,0.1123,0.3238,0.112
SW,128,10,random_broad,1.0000,13.6907,1.9506,13.9902,1.6003,0.0095,-0.1801,<0.01,9.4400,1.9200,9.8480,0.6664,0.1631,-0.2839,0.163
SW,128,10,adjusted_narrow,0.0000,10.1788,0.1834,10.1511,0.1738,0.0233,0.1574,<0.05,5.1800,0.4331,5.1840,0.1994,0.9533,-0.0119,0.953
SW,128,10,adjusted_narrow,0.1000,10.1352,0.1674,10.0936,0.1726,0.0005,0.2423,<0.001,5.2000,0.4000,5.1800,0.1844,0.7513,0.0642,0.751
SW,128,10,adjusted_narrow,0.2000,10.0472,0.1699,10.0068,0.1779,0.0010,0.2283,<0.01,5.1400,0.4005,5.1080,0.1798,0.6110,0.1031,0.611
SW,128,10,adjusted_narrow,0.3000,9.9608,0.1818,9.9336,0.1788,0.0289,0.1517,<0.05,5.0800,0.3370,5.0680,0.1420,0.8188,0.0464,0.819
SW,128,10,adjusted_narrow,0.4000,9.9424,0.1933,9.8512,0.1828,0.0000,0.4941,<0.0001,5.0600,0.2375,5.0440,0.1283,0.6791,0.0838,0.679
SW,128,10,adjusted_narrow,0.5000,9.9073,0.1959,9.7591,0.1888,0.0000,0.7801,<0.0001,5.0400,0.2800,5.0240,0.0950,0.7057,0.0765,0.706
SW,128,10,adjusted_narrow,0.6000,9.8432,0.1926,9.6907,0.1816,0.0000,0.8312,<0.0001,5.2400,0.4716,5.0200,0.1077,0.0020,0.6432,<0.01
SW,128,10,adjusted_narrow,0.7000,9.8038,0.1786,9.6118,0.1930,0.0000,1.0064,<0.0001,5.0600,0.3105,4.9840,0.1317,0.1179,0.3187,0.118
SW,128,10,adjusted_narrow,0.8000,9.7359,0.2271,9.5298,0.2021,0.0000,0.9982,<0.0001,5.0800,0.3919,4.9960,0.0937,0.1477,0.2948,0.148
SW,128,10,adjusted_narrow,0.9000,9.6883,0.2015,9.4417,0.1948,0.0000,1.2586,<0.0001,5.0800,0.4400,4.9600,0.0800,0.0633,0.3795,0.063
SW,128,10,adjusted_narrow,1.0000,9.9850,0.2397,9.7010,0.2549,0.0000,1.1253,<0.0001,5.4400,0.4964,5.0840,0.1391,0.0000,0.9766,<0.0001
SW,128,10,adjusted_broad,0.0000,16.1994,1.1220,16.3594,1.0315,0.0277,-0.1528,<0.05,11.7000,1.4731,11.7640,0.5509,0.7764,-0.0575,0.776
SW,128,10,adjusted_broad,0.1000,14.4672,2.1511,14.4775,2.2523,0.9470,-0.0046,0.947,10.0000,1.8868,10.2400,0.8764,0.4213,-0.1631,0.421
SW,128,10,adjusted_broad,0.2000,13.1455,2.4213,13.2966,2.4110,0.3667,-0.0626,0.367,9.0600,1.9433,9.2200,0.9451,0.6054,-0.1047,0.605
SW,128,10,adjusted_broad,0.3000,13.0290,1.9142,12.4512,2.1059,0.0001,0.2784,<0.0001,8.8400,1.7130,8.4120,0.7282,0.1107,0.3252,0.111
SW,128,10,adjusted_broad,0.4000,11.1493,1.8046,11.3820,2.1938,0.1160,-0.1090,0.116,7.4200,1.2504,7.8000,0.7767,0.0738,-0.3651,0.074
SW,128,10,adjusted_broad,0.5000,11.0199,1.9578,11.1848,1.8192,0.1971,-0.0895,0.197,7.4200,1.6382,7.6320,0.6613,0.4029,-0.1697,0.403
SW,128,10,adjusted_broad,0.6000,10.6668,1.5693,10.5823,1.6970,0.4675,0.0504,0.467,7.3200,1.3775,7.0840,0.5700,0.2705,0.2239,0.271
SW,128,10,adjusted_broad,0.7000,10.2841,1.4716,10.4931,1.5769,0.0535,-0.1340,0.053,6.9400,1.2395,7.0280,0.5879,0.6544,-0.0907,0.654
SW,128,10,adjusted_broad,0.8000,9.9469,1.5649,10.0942,1.4982,0.1596,-0.0976,0.160,6.5200,1.2040,6.6320,0.5159,0.5509,-0.1209,0.551
SW,128,10,adjusted_broad,0.9000,9.7026,1.4167,9.5186,1.5444,0.0817,0.1208,0.082,6.5400,1.1351,6.2880,0.4852,0.1562,0.2887,0.156
SW,128,10,adjusted_broad,1.0000,8.3803,1.6733,8.5871,1.5474,0.0575,-0.1318,0.057,5.6000,1.0583,5.7080,0.4275,0.5093,-0.1338,0.509
SW,256,6,binary,0.0000,12.8540,0.1949,12.7178,0.1698,0.0000,0.7819,<0.0001,6.6400,0.5571,6.3800,0.2163,0.0030,0.6152,<0.01
SW,256,6,binary,0.1000,12.7305,0.1787,12.5998,0.1755,0.0000,0.7425,<0.0001,6.6000,0.4899,6.2120,0.2206,0.0000,1.0213,<0.0001
SW,256,6,binary,0.2000,12.5360,0.1854,12.4048,0.1662,0.0000,0.7739,<0.0001,6.4600,0.4984,6.1040,0.1455,0.0000,0.9697,<0.0001
SW,256,6,binary,0.3000,12.3558,0.1981,12.2003,0.1782,0.0000,0.8553,<0.0001,6.3400,0.4737,6.0480,0.1170,0.0001,0.8463,<0.0001
SW,256,6,binary,0.4000,12.1988,0.1904,12.0011,0.1965,0.0000,1.0113,<0.0001,6.2600,0.4386,5.9960,0.0937,0.0001,0.8324,<0.0001
SW,256,6,binary,0.5000,12.0365,0.2073,11.7961,0.1970,0.0000,1.2097,<0.0001,6.2600,0.4821,6.0080,0.1129,0.0006,0.7198,<0.001
SW,256,6,binary,0.6000,11.8115,0.2053,11.5970,0.2097,0.0000,1.0265,<0.0001,6.1400,0.4005,5.9880,0.0621,0.0100,0.5304,<0.05
SW,256,6,binary,0.7000,11.5831,0.2419,11.3841,0.2076,0.0000,0.9311,<0.0001,6.2800,0.4490,5.9920,0.0560,0.0000,0.9001,<0.0001
SW,256,6,binary,0.8000,11.4295,0.2489,11.1639,0.2182,0.0000,1.1881,<0.0001,6.3000,0.5000,5.9760,0.0650,0.0000,0.9088,<0.0001
SW,256,6,binary,0.9000,11.2194,0.2330,10.9946,0.2287,0.0000,0.9800,<0.0001,6.2400,0.5122,5.9840,0.0543,0.0008,0.7028,<0.001
SW,256,6,binary,1.0000,10.9954,0.2962,10.7705,0.2377,0.0000,0.9058,<0.0001,6.3800,0.4854,5.9880,0.0475,0.0000,1.1367,<0.0001
SW,256,6,random_narrow,0.0000,13.4364,0.2188,13.3035,0.1870,0.0000,0.6901,<0.0001,6.9200,0.2713,6.8600,0.1709,0.1933,0.2646,0.193
SW,256,6,random_narrow,0.1000,13.2745,0.1878,13.1567,0.1875,0.0000,0.6278,<0.0001,6.9400,0.2375,6.8200,0.2163,0.0103,0.5283,<0.05
SW,256,6,random_narrow,0.2000,13.0606,0.1925,12.9489,0.2022,0.0000,0.5572,<0.0001,6.9200,0.2713,6.6840,0.2120,0.0000,0.9694,<0.0001
SW,256,6,random_narrow,0.3000,12.8839,0.2257,12.7454,0.2082,0.0000,0.6557,<0.0001,6.7800,0.4142,6.5640,0.1947,0.0013,0.6674,<0.01
SW,256,6,random_narrow,0.4000,12.6778,0.2344,12.5368,0.2170,0.0000,0.6414,<0.0001,6.7400,0.4386,6.4840,0.2082,0.0004,0.7456,<0.001
SW,256,6,random_narrow,0.5000,12.5091,0.2123,12.3104,0.2154,0.0000,0.9247,<0.0001,6.7200,0.4490,6.2880,0.2006,0.0000,1.2423,<0.0001
SW,256,6,random_narrow,0.6000,12.3591,0.2295,12.0969,0.2201,0.0000,1.1829,<0.0001,6.7000,0.5000,6.2160,0.2072,0.0000,1.2646,<0.0001
SW,256,6,random_narrow,0.7000,12.1253,0.2250,11.8641,0.2365,0.0000,1.1132,<0.0001,6.6600,0.4737,6.1040,0.1886,0.0000,1.5421,<0.0001
SW,256,6,random_narrow,0.8000,11.9528,0.2631,11.6732,0.2374,0.0000,1.1560,<0.0001,6.6400,0.5200,6.0320,0.1667,0.0000,1.5746,<0.0001
SW,256,6,random_narrow,0.9000,11.7186,0.2521,11.4727,0.2430,0.0000,1.0054,<0.0001,6.6000,0.4899,5.9840,0.1255,0.0000,1.7226,<0.0001
SW,256,6,random_narrow,1.0000,11.5667,0.2852,11.2558,0.2520,0.0000,1.2061,<0.0001,6.6600,0.4737,6.0040,0.0747,0.0000,1.9345,<0.0001
SW,256,6,random_broad,0.0000,19.6652,1.3662,19.9754,1.6145,0.0046,-0.1968,<0.01,19.2200,3.1830,18.9920,1.1349,0.6378,0.0954,0.638
SW,256,6,random_broad,0.1000,17.8964,3.0043,18.5331,2.6842,0.0008,-0.2324,<0.001,17.5000,4.9568,17.1840,2.1335,0.6828,0.0828,0.683
SW,256,6,random_broad,0.2000,16.5125,3.1029,16.8808,3.4894,0.1215,-0.1074,0.121,14.5600,4.8007,14.7080,1.8204,0.8405,-0.0408,0.841
SW,256,6,random_broad,0.3000,15.2280,3.2937,15.7110,3.3682,0.0381,-0.1439,<0.05,12.6600,4.3663,13.4480,1.9785,0.2527,-0.2325,0.253
SW,256,6,random_broad,0.4000,14.8848,3.1375,15.1553,3.1405,0.2142,-0.0862,0.214,12.4000,4.1376,12.8720,1.7485,0.4638,-0.1486,0.464
SW,256,6,random_broad,0.5000,15.0055,2.3468,14.4958,2.9595,0.0104,0.1778,<0.05,12.5000,3.2450,12.0280,2.0580,0.3920,0.1737,0.392
SW,256,6,random_broad,0.6000,13.2542,2.5755,13.6991,2.7749,0.0194,-0.1622,<0.05,10.0200,2.9698,10.7760,1.5293,0.1164,-0.3201,0.116
SW,256,6,random_broad,0.7000,12.8376,2.5801,13.2766,2.6167,0.0154,-0.1682,<0.05,10.0600,3.6134,10.7200,1.5523,0.2429,-0.2373,0.243
SW,256,6,random_broad,0.8000,12.4191,2.4920,12.8426,2.5868,0.0176,-0.1647,<0.05,9.7400,2.7262,10.2600,1.5332,0.2473,-0.2351,0.247
SW,256,6,random_broad,0.9000,12.7097,1.9549,12.5689,2.2160,0.3503,0.0648,0.350,9.6200,2.9250,9.7680,1.2247,0.7446,-0.0660,0.745
SW,256,6,random_broad,1.0000,12.0968,2.6303,12.4870,2.3339,0.0185,-0.1635,<0.05,9.0400,2.6904,9.7840,1.4377,0.0909,-0.3449,0.091
SW,256,6,adjusted_narrow,0.0000,13.4304,0.2044,13.3072,0.1940,0.0000,0.6294,<0.0001,6.9200,0.2713,6.8600,0.1709,0.1933,0.2646,0.193
SW,256,6,adjusted_narrow,0.1000,13.2225,0.1966,13.1085,0.1978,0.0000,0.5767,<0.0001,6.9000,0.3000,6.8160,0.1953,0.1037,0.3319,0.104
SW,256,6,adjusted_narrow,0.2000,12.9898,0.2073,12.8618,0.1942,0.0000,0.6518,<0.0001,6.8800,0.3250,6.6480,0.1982,0.0000,0.8619,<0.0001
SW,256,6,adjusted_narrow,0.3000,12.7654,0.2440,12.6025,0.2198,0.0000,0.7272,<0.0001,6.7800,0.4142,6.4960,0.2088,0.0000,0.8658,<0.0001
SW,256,6,adjusted_narrow,0.4000,12.5171,0.2283,12.3644,0.2250,0.0000,0.6770,<0.0001,6.7600,0.4271,6.3800,0.2236,0.0000,1.1148,<0.0001
SW,256,6,adjusted_narrow,0.5000,12.3184,0.2435,12.0757,0.2323,0.0000,1.0362,<0.0001,6.6600,0.4737,6.2120,0.2169,0.0000,1.2160,<0.0001
SW,256,6,adjusted_narrow,0.6000,12.0558,0.2473,11.8649,0.2413,0.0000,0.7877,<0.0001,6.6000,0.5292,6.1240,0.1644,0.0000,1.2149,<0.0001
SW,256,6,adjusted_narrow,0.7000,11.8200,0.2700,11.6220,0.2437,0.0000,0.7974,<0.0001,6.5400,0.5370,6.0800,0.1442,0.0000,1.1699,<0.0001
SW,256,6,adjusted_narrow,0.8000,11.6598,0.2777,11.4148,0.2437,0.0000,0.9812,<0.0001,6.6200,0.4854,6.0160,0.1641,0.0000,1.6671,<0.0001
SW,256,6,adjusted_narrow,0.9000,11.4588,0.2894,11.2458,0.2591,0.0000,0.8058,<0.0001,6.3600,0.5200,5.9680,0.1287,0.0000,1.0349,<0.0001
SW,256,6,adjusted_narrow,1.0000,11.6182,0.3372,11.3722,0.3042,0.0000,0.7936,<0.0001,6.8200,0.4771,6.3280,0.2425,0.0000,1.3001,<0.0001
SW,256,6,adjusted_broad,0.0000,19.5698,1.4152,20.0122,1.6166,0.0001,-0.2791,<0.0001,19.2200,3.1830,18.9920,1.1349,0.6378,0.0954,0.638
SW,256,6,adjusted_broad,0.1000,12.5225,2.9474,13.3894,2.9190,0.0000,-0.2965,<0.0001,9.2600,3.1988,10.4000,1.4945,0.0260,-0.4566,<0.05
SW,256,6,adjusted_broad,0.2000,11.3379,2.3893,11.2286,2.3497,0.5033,0.0464,0.503,8.4000,2.6382,8.1120,1.0277,0.4781,0.1439,0.478
SW,256,6,adjusted_broad,0.3000,10.8236,2.2602,10.5371,1.9095,0.0363,0.1453,<0.05,7.6600,2.0358,7.5200,0.8266,0.6566,0.0901,0.657
SW,256,6,adjusted_broad,0.4000,10.3578,1.6057,10.2864,1.7024,0.5411,0.0424,0.541,7.1200,1.5052,7.2240,0.6295,0.6564,-0.0901,0.656
SW,256,6,adjusted_broad,0.5000,10.5174,1.2277,10.0780,1.4984,0.0000,0.3016,<0.0001,7.2200,1.2213,7.0680,0.6701,0.4468,0.1543,0.447
SW,256,6,adjusted_broad,0.6000,9.4983,1.4475,9.7184,1.4455,0.0283,-0.1522,<0.05,6.5800,1.3724,6.6960,0.6096,0.5899,-0.1092,0.590
SW,256,6,adjusted_broad,0.7000,9.4509,1.5461,9.4840,1.3815,0.7349,-0.0235,0.735,6.4600,1.1526,6.5520,0.3991,0.5987,-0.1067,0.599
SW,256,6,adjusted_broad,0.8000,9.1312,1.5644,9.1794,1.4775,0.6416,-0.0323,0.642,6.2600,1.1800,6.2760,0.5698,0.9321,-0.0173,0.932
SW,256,6,adjusted_broad,0.9000,9.1684,1.2210,8.9413,1.3395,0.0132,0.1720,<0.05,6.2600,1.0547,6.0640,0.4408,0.2329,0.2425,0.233
SW,256,6,adjusted_broad,1.0000,7.7872,1.5988,7.8487,1.5311,0.5657,-0.0398,0.566,5.4000,1.1136,5.4040,0.4534,0.9815,-0.0047,0.981
SW,256,10,binary,0.0000,10.2890,0.1283,10.2195,0.1282,0.0000,0.5420,<0.0001,4.9200,0.2713,4.9640,0.0768,0.2774,-0.2207,0.277
SW,256,10,binary,0.1000,10.2566,0.1413,10.1885,0.1350,0.0000,0.5003,<0.0001,4.9200,0.2713,4.9640,0.0768,0.2774,-0.2207,0.277
SW,256,10,binary,0.2000,10.2097,0.1319,10.1165,0.1355,0.0000,0.6909,<0.0001,4.9800,0.1400,4.9440,0.1061,0.1546,0.2898,0.155
SW,256,10,binary,0.3000,10.1230,0.1318,10.0224,0.1320,0.0000,0.7630,<0.0001,4.9600,0.1960,4.9760,0.0763,0.5955,-0.1076,0.596
SW,256,10,binary,0.4000,10.0648,0.1373,9.9284,0.1327,0.0000,1.0216,<0.0001,4.9400,0.2375,4.9680,0.0835,0.4381,-0.1573,0.438
SW,256,10,binary,0.5000,10.0112,0.1430,9.8382,0.1487,0.0000,1.1711,<0.0001,4.9400,0.2375,4.9560,0.0920,0.6611,-0.0888,0.661
SW,256,10,binary,0.6000,9.9327,0.1737,9.7379,0.1528,0.0000,1.2450,<0.0001,4.9400,0.2375,4.9560,0.0920,0.6611,-0.0888,0.661
SW,256,10,binary,0.7000,9.8815,0.1665,9.6416,0.1519,0.0000,1.5537,<0.0001,5.0000,0.0000,4.9480,0.0964,0.0004,0.5393,<0.001
SW,256,10,binary,0.8000,9.7977,0.1756,9.5500,0.1702,0.0000,1.4472,<0.0001,4.9200,0.2713,4.9560,0.0920,0.3812,-0.1777,0.381
SW,256,10,binary,0.9000,9.7456,0.1916,9.4506,0.2005,0.0000,1.4817,<0.0001,4.9800,0.1400,4.9680,0.0733,0.5963,0.1074,0.596
SW,256,10,binary,1.0000,9.6306,0.1933,9.3343,0.2052,0.0000,1.4580,<0.0001,4.9200,0.2713,4.9640,0.0866,0.2821,-0.2185,0.282
SW,256,10,random_narrow,0.0000,10.6544,0.1361,10.6040,0.1363,0.0000,0.3695,<0.0001,5.5400,0.5370,5.4520,0.2360,0.2962,0.2122,0.296
SW,256,10,random_narrow,0.1000,10.6280,0.1309,10.5461,0.1307,0.0000,0.6265,<0.0001,5.6400,0.4800,5.3520,0.2138,0.0002,0.7751,<0.001
SW,256,10,random_narrow,0.2000,10.5680,0.1298,10.4707,0.1377,0.0000,0.7131,<0.0001,5.5800,0.5325,5.2920,0.2270,0.0007,0.7036,<0.001
SW,256,10,random_narrow,0.3000,10.4785,0.1305,10.3884,0.1370,0.0000,0.6627,<0.0001,5.4000,0.5292,5.1960,0.2097,0.0138,0.5069,<0.05
SW,256,10,random_narrow,0.4000,10.4017,0.1512,10.2996,0.1323,0.0000,0.7526,<0.0001,5.4200,0.5325,5.1480,0.1992,0.0012,0.6765,<0.01
SW,256,10,random_narrow,0.5000,10.3468,0.1451,10.2028,0.1406,0.0000,1.0192,<0.0001,5.3400,0.5142,5.0840,0.1793,0.0014,0.6648,<0.01
SW,256,10,random_narrow,0.6000,10.2707,0.1316,10.1127,0.1401,0.0000,1.1388,<0.0001,5.4200,0.5689,5.0400,0.1265,0.0000,0.9222,<0.0001
SW,256,10,random_narrow,0.7000,10.2250,0.1523,10.0113,0.1453,0.0000,1.4592,<0.0001,5.2800,0.5307,4.9840,0.0784,0.0002,0.7804,<0.001
SW,256,10,random_narrow,0.8000,10.1438,0.1612,9.9260,0.1495,0.0000,1.4375,<0.0001,5.3400,0.5517,5.0160,0.1433,0.0001,0.8038,<0.001
SW,256,10,random_narrow,0.9000,10.0966,0.1517,9.8354,0.1564,0.0000,1.6785,<0.0001,5.4400,0.5352,4.9920,0.1055,0.0000,1.1615,<0.0001
SW,256,10,random_narrow,1.0000,9.9857,0.1689,9.7323,0.1485,0.0000,1.6655,<0.0001,5.5600,0.5352,4.9720,0.0981,0.0000,1.5284,<0.0001
SW,256,10,random_broad,0.0000,18.3630,0.9567,18.3892,1.2718,0.7584,-0.0213,0.758,13.9800,1.7943,14.1320,0.7436,0.5851,-0.1107,0.585
SW,256,10,random_broad,0.1000,18.1331,1.3338,17.8567,1.6972,0.0153,0.1683,<0.05,13.9000,2.3770,13.4960,1.1080,0.2835,0.2179,0.284
SW,256,10,random_broad,0.2000,16.6496,2.5339,17.1790,2.1799,0.0007,-0.2360,<0.001,12.6600,2.8044,13.1360,1.2162,0.2784,-0.2202,0.278
SW,256,10,random_broad,0.3000,16.3248,2.1813,16.6161,2.3879,0.0746,-0.1237,0.075,12.4400,2.5152,12.4520,1.1113,0.9757,-0.0062,0.976
SW,256,10,random_broad,0.4000,15.4350,2.7808,15.9333,2.5559,0.0057,-0.1921,<0.01,11.7800,2.9346,12.0160,1.3913,0.6121,-0.1028,0.612
SW,256,10,random_broad,0.5000,15.7472,2.3410,15.7337,2.3398,0.9337,0.0058,0.934,11.5400,2.4430,11.5320,1.1082,0.9834,0.0042,0.983
SW,256,10,random_broad,0.6000,14.9119,2.4499,15.3299,2.2520,0.0084,-0.1828,<0.01,11.2400,2.7023,11.4280,1.1157,0.6536,-0.0909,0.654
SW,256,10,random_broad,0.7000,14.7595,2.7609,14.7758,2.4570,0.9255,-0.0065,0.925,10.9600,2.8211,11.1760,1.1917,0.6226,-0.0997,0.623
SW,256,10,random_broad,0.8000,14.5524,2.4822,14.3918,2.3480,0.3286,0.0677,0.329,10.7000,2.4678,10.6920,1.0509,0.9834,0.0042,0.983
SW,256,10,random_broad,0.9000,14.8331,2.0311,13.8728,2.5913,0.0000,0.3830,<0.0001,11.2000,2.6382,10.2320,1.0387,0.0188,0.4828,<0.05
SW,256,10,random_broad,1.0000,13.6194,2.2872,13.6659,2.3370,0.7735,-0.0200,0.774,10.0000,2.4083,10.0240,1.1354,0.9498,-0.0127,0.950
SW,256,10,adjusted_narrow,0.0000,10.6628,0.1408,10.5976,0.1337,0.0000,0.4834,<0.0001,5.5400,0.5370,5.4520,0.2360,0.2962,0.2122,0.296
SW,256,10,adjusted_narrow,0.1000,10.6170,0.1419,10.5333,0.1355,0.0000,0.6132,<0.0001,5.6200,0.4854,5.3160,0.2230,0.0001,0.8048,<0.001
SW,256,10,adjusted_narrow,0.2000,10.5246,0.1351,10.4450,0.1372,0.0000,0.5821,<0.0001,5.5800,0.5325,5.2400,0.1960,0.0001,0.8474,<0.0001
SW,256,10,adjusted_narrow,0.3000,10.4098,0.1360,10.3216,0.1385,0.0000,0.6384,<0.0001,5.3400,0.4737,5.1560,0.2051,0.0143,0.5041,<0.05
SW,256,10,adjusted_narrow,0.4000,10.3461,0.1552,10.2175,0.1441,0.0000,0.8808,<0.0001,5.3400,0.4737,5.1400,0.1887,0.0072,0.5547,<0.01
SW,256,10,adjusted_narrow,0.5000,10.2470,0.1516,10.1074,0.1472,0.0000,0.9431,<0.0001,5.3200,0.5075,5.0400,0.1200,0.0003,0.7593,<0.001
SW,256,10,adjusted_narrow,0.6000,10.1436,0.1533,10.0026,0.1497,0.0000,0.9383,<0.0001,5.4000,0.4899,5.0440,0.1152,0.0000,1.0004,<0.0001
SW,256,10,adjusted_narrow,0.7000,10.0849,0.1603,9.9001,0.1511,0.0000,1.2105,<0.0001,5.2600,0.4821,4.9800,0.0825,0.0001,0.8096,<0.001
SW,256,10,adjusted_narrow,0.8000,10.0228,0.1530,9.7969,0.1500,0.0000,1.5007,<0.0001,5.2400,0.5122,4.9680,0.1157,0.0005,0.7325,<0.001
SW,256,10,adjusted_narrow,0.9000,9.9622,0.1721,9.7046,0.1662,0.0000,1.5411,<0.0001,5.3600,0.4800,4.9640,0.0954,0.0000,1.1443,<0.0001
SW,256,10,adjusted_narrow,1.0000,10.2376,0.2350,9.9919,0.2250,0.0000,1.0836,<0.0001,5.8400,0.3666,5.3400,0.2307,0.0000,1.6326,<0.0001
SW,256,10,adjusted_broad,0.0000,18.3823,0.9691,18.3467,1.2933,0.6804,0.0286,0.680,13.9800,1.7943,14.1320,0.7436,0.5851,-0.1107,0.585
SW,256,10,adjusted_broad,0.1000,15.1128,2.7380,14.5491,2.9855,0.0058,0.1914,<0.01,10.7600,2.6875,10.5040,1.3043,0.5500,0.1212,0.550
SW,256,10,adjusted_broad,0.2000,12.0231,2.4754,12.6699,2.5658,0.0003,-0.2536,<0.001,8.3000,2.0905,8.9000,1.0698,0.0768,-0.3613,0.077
SW,256,10,adjusted_broad,0.3000,11.6015,2.2588,11.6272,2.1810,0.8660,-0.0117,0.866,8.2000,2.0100,8.0720,0.8087,0.6801,0.0836,0.680
SW,256,10,adjusted_broad,0.4000,10.5759,1.9976,10.8604,1.8476,0.0286,-0.1519,<0.05,7.3600,1.6942,7.5240,0.7878,0.5404,-0.1241,0.540
SW,256,10,adjusted_broad,0.5000,10.5361,1.3717,10.6743,1.6146,0.2061,-0.0877,0.206,7.1600,1.1893,7.3840,0.6857,0.2562,-0.2308,0.256
SW,256,10,adjusted_broad,0.6000,10.1900,1.6623,10.3019,1.4262,0.2717,-0.0762,0.272,7.1400,1.5101,7.0920,0.6452,0.8383,0.0413,0.838
SW,256,10,adjusted_broad,0.7000,10.0418,1.4740,9.9165,1.4452,0.2130,0.0864,0.213,6.9600,1.2159,6.8440,0.5250,0.5412,0.1239,0.541
SW,256,10,adjusted_broad,0.8000,9.5970,1.3861,9.5929,1.3672,0.9654,0.0030,0.965,6.5600,1.0800,6.5360,0.4480,0.8860,0.0290,0.886
SW,256,10,adjusted_broad,0.9000,9.7628,1.1757,9.1659,1.4914,0.0000,0.4134,<0.0001,6.6600,0.9922,6.2080,0.5137,0.0056,0.5721,<0.01
SW,256,10,adjusted_broad,1.0000,7.8538,1.5251,7.7962,1.5148,0.5842,0.0380,0.584,5.3400,0.9718,5.3640,0.4467,0.8755,-0.0317,0.876
SW,512,6,binary,0.0000,13.3544,0.1285,13.1775,0.1165,0.0000,1.4920,<0.0001,6.7600,0.4271,6.4200,0.3655,0.0047,0.8554,<0.01
SW,512,6,binary,0.1000,13.1726,0.1195,13.0338,0.1214,0.0000,1.1458,<0.0001,6.8400,0.3666,6.2600,0.3200,0.0000,1.6856,<0.0001
SW,512,6,binary,0.2000,12.8945,0.1310,12.7538,0.1277,0.0000,1.0970,<0.0001,6.4000,0.5657,6.2800,0.4020,0.4011,0.2445,0.401
SW,512,6,binary,0.3000,12.5680,0.1485,12.4229,0.1454,0.0000,0.9945,<0.0001,6.4000,0.4899,6.0800,0.2315,0.0057,0.8352,<0.01
SW,512,6,binary,0.4000,12.2269,0.1607,12.1013,0.1491,0.0000,0.8313,<0.0001,6.6000,0.4899,6.0400,0.1960,0.0000,1.5010,<0.0001
SW,512,6,binary,0.5000,11.9172,0.1654,11.7890,0.1591,0.0000,0.8006,<0.0001,6.2800,0.5307,5.9600,0.1960,0.0079,0.8000,<0.01
SW,512,6,binary,0.6000,11.5931,0.1690,11.4631,0.1661,0.0000,0.7807,<0.0001,6.4400,0.5713,5.9600,0.1960,0.0003,1.1239,<0.001
SW,512,6,binary,0.7000,11.2963,0.1744,11.1270,0.1845,0.0000,0.9258,<0.0001,6.4800,0.4996,6.0000,0.0000,0.0000,1.3587,<0.0001
SW,512,6,binary,0.8000,10.9671,0.1851,10.8151,0.1928,0.0000,0.7935,<0.0001,6.5200,0.5741,5.9600,0.1356,0.0000,1.3425,<0.0001
SW,512,6,binary,0.9000,10.6666,0.1791,10.5032,0.1905,0.0000,0.8661,<0.0001,6.4400,0.4964,5.9800,0.0980,0.0001,1.2857,<0.0001
SW,512,6,binary,1.0000,10.3440,0.2103,10.2139,0.2025,0.0000,0.6383,<0.0001,6.6400,0.4800,6.0000,0.0000,0.0000,1.8856,<0.0001
SW,512,6,random_narrow,0.0000,13.9738,0.1589,13.7748,0.1456,0.0000,1.3462,<0.0001,6.9600,0.1960,6.9400,0.1625,0.7020,0.1111,0.702
SW,512,6,random_narrow,0.1000,13.7631,0.1573,13.5963,0.1540,0.0000,1.0789,<0.0001,6.8800,0.3250,6.9000,0.2000,0.7984,-0.0741,0.798
SW,512,6,random_narrow,0.2000,13.4610,0.1515,13.2996,0.1471,0.0000,1.0913,<0.0001,6.8000,0.4000,6.7400,0.3774,0.5954,0.1543,0.595
SW,512,6,random_narrow,0.3000,13.0952,0.1667,12.9629,0.1570,0.0000,0.8340,<0.0001,6.8000,0.4000,6.6800,0.3429,0.2701,0.3221,0.270
SW,512,6,random_narrow,0.4000,12.7963,0.1735,12.6288,0.1685,0.0000,0.9896,<0.0001,6.9600,0.1960,6.7000,0.3162,0.0013,0.9884,<0.01
SW,512,6,random_narrow,0.5000,12.4574,0.1813,12.2980,0.1747,0.0000,0.9062,<0.0001,6.8000,0.4000,6.4800,0.4118,0.0088,0.7883,<0.01
SW,512,6,random_narrow,0.6000,12.1422,0.1867,11.9698,0.1874,0.0000,0.9203,<0.0001,6.8800,0.3250,6.2000,0.4243,0.0000,1.7995,<0.0001
SW,512,6,random_narrow,0.7000,11.8170,0.2007,11.6328,0.1877,0.0000,0.9697,<0.0001,6.8400,0.3666,6.1000,0.2828,0.0000,2.2601,<0.0001
SW,512,6,random_narrow,0.8000,11.5209,0.1988,11.3054,0.2032,0.0000,1.0641,<0.0001,6.7600,0.4271,6.0400,0.1356,0.0000,2.2723,<0.0001
SW,512,6,random_narrow,0.9000,11.1800,0.2019,10.9885,0.2044,0.0000,0.9393,<0.0001,6.7600,0.4271,5.9400,0.2939,0.0000,2.2367,<0.0001
SW,512,6,random_narrow,1.0000,10.8787,0.2184,10.6948,0.2046,0.0000,0.8887,<0.0001,6.8800,0.3250,6.0000,0.1414,0.0000,3.5116,<0.0001
SW,512,6,random_broad,0.0000,21.4502,1.5971,21.8712,1.8953,0.0010,-0.2277,<0.01,25.2000,4.7917,23.8600,3.4220,0.2704,0.3218,0.270
SW,512,6,random_broad,0.1000,17.7247,3.4338,18.4521,4.0513,0.0081,-0.1839,<0.01,16.7200,6.7854,19.7400,5.3369,0.0930,-0.4947,0.093
SW,512,6,random_broad,0.2000,16.0553,3.8258,16.2933,3.9587,0.3833,-0.0605,0.383,16.4000,6.8411,15.3200,4.6128,0.5244,0.1851,0.524
SW,512,6,random_broad,0.3000,14.8498,3.6169,15.1068,3.8351,0.3294,-0.0676,0.329,13.5600,5.9537,14.4800,3.7643,0.5253,-0.1847,0.525
SW,512,6,random_broad,0.4000,14.0493,2.7879,14.1829,3.2193,0.5408,-0.0424,0.541,11.7200,4.6948,12.5200,3.6783,0.5142,-0.1897,0.514
SW,512,6,random_broad,0.5000,13.4046,2.8788,13.6228,3.1790,0.3150,-0.0697,0.315,12.0400,4.0346,11.2400,2.8182,0.4298,0.2299,0.430
SW,512,6,random_broad,0.6000,12.5751,3.0029,12.7404,2.5860,0.3702,-0.0622,0.370,10.0400,3.5268,11.0400,2.4038,0.2567,-0.3313,0.257
SW,512,6,random_broad,0.7000,12.0594,2.2407,12.4206,2.3750,0.0270,-0.1535,<0.05,8.8800,2.6126,10.7800,2.6498,0.0158,-0.7221,<0.05
SW,512,6,random_broad,0.8000,11.6066,2.1890,12.0707,2.3790,0.0044,-0.1976,<0.01,9.2800,2.1821,9.6600,1.9886,0.5313,-0.1820,0.531
SW,512,6,random_broad,0.9000,11.4453,1.8402,11.5132,2.1654,0.6434,-0.0321,0.643,8.6800,2.1858,9.4600,2.5057,0.2562,-0.3317,0.256
SW,512,6,random_broad,1.0000,11.2907,1.6362,11.5982,2.0618,0.0265,-0.1540,<0.05,7.8800,1.5574,10.1400,2.6402,0.0007,-1.0427,<0.001
SW,512,6,adjusted_narrow,0.0000,13.9520,0.1553,13.7812,0.1497,0.0000,1.1339,<0.0001,6.9600,0.1960,6.9400,0.1625,0.7020,0.1111,0.702
SW,512,6,adjusted_narrow,0.1000,13.6767,0.1560,13.5286,0.1576,0.0000,0.9413,<0.0001,6.9200,0.2713,6.8600,0.2245,0.4080,0.2410,0.408
SW,512,6,adjusted_narrow,0.2000,13.2898,0.1697,13.1251,0.1584,0.0000,1.0272,<0.0001,6.8400,0.3666,6.7800,0.2857,0.5301,0.1826,0.530
SW,512,6,adjusted_narrow,0.3000,12.8450,0.1754,12.7107,0.1690,0.0000,0.7899,<0.0001,6.8000,0.4899,6.7600,0.3499,0.7462,0.0940,0.746
SW,512,6,adjusted_narrow,0.4000,12.4517,0.2095,12.2996,0.1749,0.0000,0.8401,<0.0001,6.9200,0.2713,6.5800,0.3919,0.0010,1.0088,<0.01
SW,512,6,adjusted_narrow,0.5000,12.0418,0.1940,11.9121,0.1882,0.0000,0.6856,<0.0001,6.7200,0.4490,6.3000,0.4243,0.0017,0.9615,<0.01
SW,512,6,adjusted_narrow,0.6000,11.6977,0.2067,11.5289,0.1907,0.0000,0.8726,<0.0001,6.7600,0.4271,6.1800,0.2786,0.0000,1.6086,<0.0001
SW,512,6,adjusted_narrow,0.7000,11.3462,0.2221,11.1899,0.2096,0.0000,0.7384,<0.0001,6.8000,0.4000,6.0400,0.3137,0.0000,2.1144,<0.0001
SW,512,6,adjusted_narrow,0.8000,11.0339,0.2214,10.8500,0.2054,0.0000,0.8836,<0.0001,6.6400,0.4800,6.1800,0.3124,0.0003,1.1359,<0.001
SW,512,6,adjusted_narrow,0.9000,10.7452,0.2169,10.5874,0.2060,0.0000,0.7588,<0.0001,6.6000,0.4899,5.9800,0.2638,0.0000,1.5758,<0.0001
SW,512,6,adjusted_narrow,1.0000,10.6230,0.2518,10.5409,0.2236,0.0000,0.3594,<0.0001,6.9600,0.3441,6.6200,0.3250,0.0010,1.0159,<0.001
SW,512,6,adjusted_broad,0.0000,21.4903,1.5804,21.8502,1.8878,0.0049,-0.1956,<0.01,25.2000,4.7917,23.9600,3.4174,0.3072,0.2980,0.307
SW,512,6,adjusted_broad,0.1000,11.5869,2.3002,12.1056,2.9215,0.0082,-0.1835,<0.01,8.0000,2.4658,9.8800,2.8435,0.0181,-0.7064,<0.05
SW,512,6,adjusted_broad,0.2000,10.3146,1.8041,10.2720,1.8333,0.7373,0.0233,0.737,7.6000,1.4697,7.4400,1.4582,0.7067,0.1093,0.707
SW,512,6,adjusted_broad,0.3000,9.8416,1.6333,9.8040,1.5468,0.7281,0.0241,0.728,6.9200,1.5471,6.9800,1.0815,0.8769,-0.0450,0.877
SW,512,6,adjusted_broad,0.4000,9.6880,1.1048,9.5596,1.2450,0.1301,0.1050,0.130,6.6800,1.1906,7.1000,0.8944,0.1735,-0.3989,0.173
SW,512,6,adjusted_broad,0.5000,9.3841,1.2565,9.3368,1.2595,0.5878,0.0376,0.588,6.9200,1.1285,6.7000,0.7746,0.4349,0.2273,0.435
SW,512,6,adjusted_broad,0.6000,9.0140,1.2992,9.0694,1.1218,0.4879,-0.0481,0.488,6.4000,1.3565,6.2800,0.7359,0.7049,0.1100,0.705
SW,512,6,adjusted_broad,0.7000,8.7721,1.0664,8.9289,1.0441,0.0310,-0.1497,<0.05,6.0800,0.8908,6.3600,0.7552,0.2460,-0.3391,0.246
SW,512,6,adjusted_broad,0.8000,8.6352,1.0751,8.7720,1.0415,0.0598,-0.1306,0.060,6.2400,0.8139,5.9800,0.6400,0.2246,0.3551,0.225
SW,512,6,adjusted_broad,0.9000,8.4415,1.0309,8.4032,1.1582,0.6279,0.0336,0.628,5.9200,1.0167,5.8800,0.7909,0.8797,0.0439,0.880
SW,512,6,adjusted_broad,1.0000,7.3082,1.3880,7.3855,1.4331,0.4341,-0.0542,0.434,4.9600,1.1482,5.3800,0.8518,0.1566,-0.4155,0.157
SW,512,10,binary,0.0000,10.5876,0.0817,10.5096,0.0750,0.0000,1.0247,<0.0001,5.1200,0.3250,5.0400,0.1356,0.2713,0.3213,0.271
SW,512,10,binary,0.1000,10.5520,0.0856,10.4654,0.0792,0.0000,1.0794,<0.0001,5.1200,0.3250,4.9600,0.1356,0.0307,0.6426,<0.05
SW,512,10,binary,0.2000,10.4794,0.0927,10.3870,0.0809,0.0000,1.1126,<0.0001,4.9600,0.1960,4.9800,0.0980,0.6567,-0.1291,0.657
SW,512,10,binary,0.3000,10.3755,0.0924,10.2772,0.0824,0.0000,1.1674,<0.0001,5.1200,0.3250,4.9400,0.1625,0.0190,0.7006,<0.05
SW,512,10,binary,0.4000,10.2405,0.0917,10.1423,0.0843,0.0000,1.1481,<0.0001,5.2400,0.4271,4.9000,0.2000,0.0009,1.0196,<0.001
SW,512,10,binary,0.5000,10.1104,0.1028,9.9867,0.0931,0.0000,1.3053,<0.0001,5.1600,0.3666,4.9400,0.1625,0.0099,0.7759,<0.01
SW,512,10,binary,0.6000,9.9716,0.1192,9.8330,0.0998,0.0000,1.3429,<0.0001,5.0000,0.2828,4.9600,0.1356,0.5351,0.1803,0.535
SW,512,10,binary,0.7000,9.8312,0.1235,9.6705,0.1088,0.0000,1.4438,<0.0001,5.1200,0.5879,4.9400,0.1625,0.1547,0.4174,0.155
SW,512,10,binary,0.8000,9.6942,0.1293,9.5334,0.1158,0.0000,1.3604,<0.0001,5.4000,0.5657,5.0000,0.0000,0.0011,1.0000,<0.01
SW,512,10,binary,0.9000,9.5455,0.1361,9.3963,0.1228,0.0000,1.1926,<0.0001,5.3600,0.4800,4.9600,0.1356,0.0003,1.1341,<0.001
SW,512,10,binary,1.0000,9.3996,0.1426,9.2539,0.1185,0.0000,1.1854,<0.0001,5.2400,0.5122,4.9800,0.0980,0.0183,0.7050,<0.05
SW,512,10,random_narrow,0.0000,11.0016,0.1162,10.9081,0.1089,0.0000,0.8489,<0.0001,5.8000,0.4000,5.5800,0.3655,0.0524,0.5742,0.052
SW,512,10,random_narrow,0.1000,10.9551,0.1176,10.8511,0.1117,0.0000,0.9231,<0.0001,5.8400,0.3666,5.4600,0.3441,0.0006,1.0688,<0.001
SW,512,10,random_narrow,0.2000,10.8641,0.1122,10.7643,0.1117,0.0000,0.8935,<0.0001,5.6400,0.4800,5.5600,0.3262,0.5027,0.1949,0.503
SW,512,10,random_narrow,0.3000,10.7642,0.1170,10.6463,0.1099,0.0000,1.0607,<0.0001,5.5600,0.4964,5.4000,0.4243,0.2359,0.3465,0.236
SW,512,10,random_narrow,0.4000,10.6314,0.1153,10.5146,0.1097,0.0000,1.0557,<0.0001,5.9200,0.2713,5.4600,0.3441,0.0000,1.4846,<0.0001
SW,512,10,random_narrow,0.5000,10.4849,0.1001,10.3643,0.1066,0.0000,1.1434,<0.0001,5.6000,0.4899,5.1200,0.2561,0.0001,1.2279,<0.0001
SW,512,10,random_narrow,0.6000,10.3649,0.1127,10.2134,0.1108,0.0000,1.3630,<0.0001,5.4000,0.4899,5.0000,0.3162,0.0015,0.9701,<0.01
SW,512,10,random_narrow,0.7000,10.2299,0.1093,10.0678,0.1195,0.0000,1.3751,<0.0001,5.8000,0.4000,5.0400,0.2417,0.0000,2.2999,<0.0001
SW,512,10,random_narrow,0.8000,10.0908,0.1257,9.9257,0.1249,0.0000,1.3201,<0.0001,5.6400,0.4800,5.1400,0.2653,0.0000,1.2893,<0.0001
SW,512,10,random_narrow,0.9000,9.9478,0.1280,9.7936,0.1313,0.0000,1.1791,<0.0001,5.6400,0.4800,5.0200,0.2227,0.0000,1.6570,<0.0001
SW,512,10,random_narrow,1.0000,9.8165,0.1248,9.6538,0.1340,0.0000,1.2280,<0.0001,5.4800,0.4996,5.0000,0.2000,0.0001,1.2614,<0.0001
SW,512,10,random_broad,0.0000,19.9229,1.1661,19.8278,1.2861,0.3258,0.0763,0.326,17.1600,2.4113,17.3000,1.9339,0.8253,-0.0641,0.825
SW,512,10,random_broad,0.1000,18.4684,2.6185,18.6211,2.7420,0.4665,-0.0565,0.466,15.9200,3.3457,15.6200,2.8223,0.7385,0.0969,0.739
SW,512,10,random_broad,0.2000,17.3994,3.5990,17.5033,3.0749,0.6811,-0.0319,0.681,15.1600,4.1442,14.3600,3.1922,0.4574,0.2163,0.457
SW,512,10,random_broad,0.3000,17.0614,3.3959,16.6885,3.0980,0.1334,0.1165,0.133,14.4800,4.0607,13.0800,2.7301,0.1675,0.4046,0.167
SW,512,10,random_broad,0.4000,15.7050,3.1084,15.6138,3.3056,0.7168,0.0281,0.717,14.3200,3.9972,11.9800,3.2756,0.0313,0.6403,<0.05
SW,512,10,random_broad,0.5000,14.2948,3.2253,15.6726,2.6113,0.0000,-0.4867,<0.0001,11.4800,3.8587,13.2000,2.4207,0.0705,-0.5340,0.071
SW,512,10,random_broad,0.6000,14.1059,2.5116,14.1896,3.0262,0.7065,-0.0292,0.706,11.5200,3.9204,10.3600,2.7947,0.2437,0.3407,0.244
SW,512,10,random_broad,0.7000,14.3606,2.8230,14.2244,2.8326,0.5351,0.0481,0.535,12.7200,3.5947,11.4000,3.0984,0.1794,0.3934,0.179
SW,512,10,random_broad,0.8000,13.9536,2.4358,14.2320,2.4130,0.1385,-0.1150,0.139,11.1200,3.5022,11.1400,1.7351,0.9801,-0.0072,0.980
SW,512,10,random_broad,0.9000,13.4837,2.5766,13.1544,2.3849,0.0835,0.1344,0.084,10.4000,3.5100,9.9400,2.3338,0.5954,0.1543,0.595
SW,512,10,random_broad,1.0000,13.4658,2.1763,13.0791,2.5232,0.0392,0.1602,<0.05,11.1200,3.3265,10.1600,2.4687,0.2619,0.3277,0.262
SW,512,10,adjusted_narrow,0.0000,10.9927,0.1221,10.9093,0.1104,0.0000,0.7284,<0.0001,5.8000,0.4000,5.5800,0.3655,0.0524,0.5742,0.052
SW,512,10,adjusted_narrow,0.1000,10.9278,0.1232,10.8340,0.1064,0.0000,0.8355,<0.0001,5.8400,0.3666,5.3400,0.4176,0.0001,1.2725,<0.0001
SW,512,10,adjusted_narrow,0.2000,10.8148,0.1119,10.7072,0.1188,0.0000,0.9229,<0.0001,5.6000,0.4899,5.4800,0.3868,0.3510,0.2719,0.351
SW,512,10,adjusted_narrow,0.3000,10.6530,0.1119,10.5459,0.1122,0.0000,0.9552,<0.0001,5.3200,0.6145,5.3000,0.3464,0.8901,0.0401,0.890
SW,512,10,adjusted_narrow,0.4000,10.4672,0.1038,10.3720,0.1102,0.0000,0.8803,<0.0001,5.8400,0.3666,5.4800,0.3311,0.0008,1.0307,<0.001
SW,512,10,adjusted_narrow,0.5000,10.3154,0.1147,10.1912,0.1131,0.0000,1.0930,<0.0001,5.6000,0.4899,5.0200,0.2638,0.0000,1.4742,<0.0001
SW,512,10,adjusted_narrow,0.6000,10.1666,0.1365,10.0212,0.1284,0.0000,1.1085,<0.0001,5.2400,0.4271,4.9600,0.1960,0.0053,0.8427,<0.01
SW,512,10,adjusted_narrow,0.7000,9.9927,0.1471,9.8589,0.1288,0.0000,0.9897,<0.0001,5.4800,0.4996,5.0400,0.1960,0.0002,1.1595,<0.001
SW,512,10,adjusted_narrow,0.8000,9.8812,0.1352,9.7240,0.1393,0.0000,1.1397,<0.0001,5.6000,0.4899,5.0600,0.2154,0.0000,1.4270,<0.0001
SW,512,10,adjusted_narrow,0.9000,9.7212,0.1501,9.5814,0.1418,0.0000,0.9661,<0.0001,5.4800,0.4996,4.9600,0.1356,0.0000,1.4205,<0.0001
SW,512,10,adjusted_narrow,1.0000,9.9230,0.1869,9.7558,0.1631,0.0000,0.9750,<0.0001,5.9200,0.2713,5.7200,0.2482,0.0105,0.7692,<0.05
SW,512,10,adjusted_broad,0.0000,19.9986,1.1485,19.7606,1.2482,0.0118,0.1958,<0.05,17.1600,2.4113,17.3200,1.9742,0.8025,-0.0726,0.802
SW,512,10,adjusted_broad,0.1000,13.1394,3.1883,13.3517,3.4820,0.4192,-0.0627,0.419,10.0400,3.5831,9.5400,2.5881,0.5820,0.1600,0.582
SW,512,10,adjusted_broad,0.2000,11.1854,2.3332,11.6038,2.3134,0.0203,-0.1803,<0.05,7.8000,1.5748,8.0600,1.4786,0.5582,-0.1702,0.558
SW,512,10,adjusted_broad,0.3000,10.6671,1.6818,10.6070,1.7028,0.6480,0.0354,0.648,7.5200,1.5263,7.5600,1.1430,0.9186,-0.0297,0.919
SW,512,10,adjusted_broad,0.4000,10.0061,1.3859,9.9126,1.6864,0.4496,0.0587,0.450,7.4000,1.4142,6.7400,1.3276,0.1020,0.4812,0.102
SW,512,10,adjusted_broad,0.5000,9.4054,1.5307,9.9727,1.1436,0.0000,-0.4413,<0.0001,6.6800,1.2560,7.2600,0.8499,0.0671,-0.5409,0.067
SW,512,10,adjusted_broad,0.6000,9.3590,1.0850,9.2421,1.3281,0.2294,0.0933,0.229,6.6800,1.2238,6.2000,1.1136,0.1617,0.4103,0.162
SW,512,10,adjusted_broad,0.7000,9.2903,1.1364,9.2985,1.1141,0.9253,-0.0073,0.925,6.8000,0.8944,6.5800,1.0458,0.4373,0.2261,0.437
SW,512,10,adjusted_broad,0.8000,9.1584,0.8067,9.1785,0.9729,0.7785,-0.0218,0.778,6.4400,1.0229,6.4200,0.7305,0.9382,0.0225,0.938
SW,512,10,adjusted_broad,0.9000,8.7354,1.0786,8.6243,1.0441,0.1750,0.1053,0.175,6.1600,1.2225,6.0800,0.7440,0.7854,0.0791,0.785
SW,512,10,adjusted_broad,1.0000,7.5944,1.3895,7.3249,1.5148,0.0186,0.1829,<0.05,5.3600,0.8890,5.1600,0.7310,0.3989,0.2457,0.399
SW,1024,6,binary,0.0000,13.5090,0.0847,13.3736,0.0873,0.0000,1.5576,<0.0001,7.0000,0.0000,6.7778,0.2947,0.0003,0.7541,<0.001
SW,1024,6,binary,0.1000,13.2831,0.0890,13.1691,0.0966,0.0000,1.1953,<0.0001,6.9000,0.3051,6.4889,0.3889,0.0000,1.1762,<0.0001
SW,1024,6,binary,0.2000,12.8371,0.1087,12.7339,0.1178,0.0000,0.8879,<0.0001,6.9333,0.2537,6.1778,0.2096,0.0000,3.2469,<0.0001
SW,1024,6,binary,0.3000,12.2822,0.1227,12.1675,0.1123,0.0000,1.0053,<0.0001,6.9000,0.3051,6.0333,0.1017,0.0000,3.8107,<0.0001
SW,1024,6,binary,0.4000,11.7142,0.0945,11.6225,0.0982,0.0000,0.9389,<0.0001,6.3667,0.4901,6.0000,0.0000,0.0003,1.0580,<0.001
SW,1024,6,binary,0.5000,11.2344,0.1043,11.1009,0.0990,0.0000,1.3370,<0.0001,6.1333,0.3457,6.0111,0.0609,0.0659,0.4924,0.066
SW,1024,6,binary,0.6000,10.7703,0.1023,10.6513,0.0894,0.0000,1.2980,<0.0001,6.2000,0.4068,6.0000,0.0000,0.0117,0.6952,<0.05
SW,1024,6,binary,0.7000,10.3240,0.0959,10.2108,0.0984,0.0000,1.1559,<0.0001,6.3000,0.4661,6.0000,0.0000,0.0014,0.9103,<0.01
SW,1024,6,binary,0.8000,9.8990,0.0954,9.7937,0.0878,0.0000,1.1812,<0.0001,6.3000,0.4661,6.0000,0.0000,0.0014,0.9103,<0.01
SW,1024,6,binary,0.9000,9.5034,0.0859,9.4271,0.0906,0.0000,0.8503,<0.0001,6.0667,0.2537,6.0000,0.0000,0.1608,0.3716,0.161
SW,1024,6,binary,1.0000,9.1235,0.0973,9.0731,0.0855,0.0000,0.5749,<0.0001,6.2333,0.4302,6.0000,0.0000,0.0059,0.7671,<0.01
SW,1024,6,random_narrow,0.0000,13.4512,0.1079,13.2924,0.1289,0.0000,1.2985,<0.0001,7.0000,0.0000,7.0000,0.0000,,,NaN
SW,1024,6,random_narrow,0.1000,13.0464,0.1655,12.9024,0.1606,0.0000,0.8871,<0.0001,7.0000,0.0000,7.0000,0.0000,,,NaN
SW,1024,6,random_narrow,0.2000,12.3714,0.1085,12.2740,0.1284,0.0000,0.7980,<0.0001,7.0000,0.0000,7.0000,0.0000,,,NaN
SW,1024,6,random_narrow,0.3000,11.7096,0.1459,11.5890,0.1235,0.0000,0.9173,<0.0001,7.0000,0.0000,7.0000,0.0000,,,NaN
SW,1024,6,random_narrow,0.4000,11.1454,0.1156,11.0649,0.1213,0.0000,0.6734,<0.0001,7.0000,0.0000,7.0000,0.0000,,,NaN
SW,1024,6,random_narrow,0.5000,10.5462,0.1212,10.4390,0.1082,0.0000,0.9507,<0.0001,7.0000,0.0000,7.0000,0.0000,,,NaN
SW,1024,6,random_narrow,0.6000,10.0843,0.1132,9.9681,0.1216,0.0000,0.9776,<0.0001,7.0000,0.0000,6.9833,0.0913,0.3256,0.1826,0.326
SW,1024,6,random_narrow,0.7000,9.5845,0.1170,9.4700,0.0870,0.0000,1.1687,<0.0001,7.0000,0.0000,6.9833,0.0913,0.3256,0.1826,0.326
SW,1024,6,random_narrow,0.8000,9.1915,0.0869,9.1048,0.0986,0.0000,0.9131,<0.0001,7.0000,0.0000,6.9833,0.0913,0.3256,0.1826,0.326
SW,1024,6,random_narrow,0.9000,8.7896,0.1229,8.6840,0.1173,0.0000,0.8863,<0.0001,7.0000,0.0000,6.9333,0.1729,0.0434,0.3856,<0.05
SW,1024,6,random_narrow,1.0000,8.4120,0.0788,8.3615,0.0678,0.0000,0.7047,<0.0001,7.0000,0.0000,6.9167,0.1895,0.0226,0.4397,<0.05
SW,1024,6,random_broad,0.0000,19.6832,1.4268,19.9146,1.4982,0.0435,-0.1569,<0.05,39.0667,7.5655,36.2000,4.7987,0.0859,0.4525,0.086
SW,1024,6,random_broad,0.1000,15.8716,3.6496,16.8931,3.0646,0.0001,-0.3123,<0.0001,24.0000,12.3679,25.3000,6.8990,0.6175,-0.1298,0.618
SW,1024,6,random_broad,0.2000,14.3142,3.2565,14.3999,3.4391,0.7440,-0.0253,0.744,18.5000,9.6588,17.4167,6.8495,0.6184,0.1294,0.618
SW,1024,6,random_broad,0.3000,11.8850,3.0729,12.9097,2.8832,0.0000,-0.3476,<0.0001,12.6333,7.6225,12.7333,5.0030,0.9523,-0.0155,0.952
SW,1024,6,random_broad,0.4000,11.8433,2.3978,11.5001,2.3505,0.0619,0.1450,0.062,12.4000,5.7090,11.3500,3.6463,0.4000,0.2192,0.400
SW,1024,6,random_broad,0.5000,11.1863,1.7883,10.9168,2.0357,0.0762,0.1377,0.076,10.5667,2.9558,10.1167,2.8908,0.5534,0.1539,0.553
SW,1024,6,random_broad,0.6000,10.5893,1.6688,10.4251,1.7544,0.2204,0.0951,0.220,11.1000,3.3151,10.0667,3.4385,0.2409,0.3060,0.241
SW,1024,6,random_broad,0.7000,10.2050,1.6686,10.1452,1.6427,0.6405,0.0362,0.640,9.4667,3.5500,9.5833,2.4568,0.8829,-0.0382,0.883
SW,1024,6,random_broad,0.8000,9.6888,1.3975,9.9077,1.3686,0.0410,-0.1588,<0.05,8.8000,2.4126,9.2667,2.0792,0.4256,-0.2072,0.426
SW,1024,6,random_broad,0.9000,9.0819,1.4109,9.6255,1.4979,0.0000,-0.3700,<0.0001,8.0000,2.4495,9.6333,2.1812,0.0085,-0.7043,<0.01
SW,1024,6,random_broad,1.0000,9.3667,1.1959,9.3435,1.2816,0.8120,0.0185,0.812,8.9667,2.5391,8.7167,1.8601,0.6653,0.1123,0.665
SW,1024,6,adjusted_narrow,0.0000,14.1458,0.1273,13.9432,0.1372,0.0000,1.5124,<0.0001,7.0000,0.0000,7.0000,0.0000,,,NaN
SW,1024,6,adjusted_narrow,0.1000,13.7542,0.1420,13.6000,0.1405,0.0000,1.0930,<0.0001,7.0000,0.0000,7.0000,0.0000,,,NaN
SW,1024,6,adjusted_narrow,0.2000,13.0571,0.1311,12.9567,0.1124,0.0000,0.8436,<0.0001,7.0000,0.0000,7.0000,0.0000,,,NaN
SW,1024,6,adjusted_narrow,0.3000,12.3599,0.1258,12.2336,0.1267,0.0000,0.9991,<0.0001,7.0000,0.0000,7.0000,0.0000,,,NaN
SW,1024,6,adjusted_narrow,0.4000,11.7040,0.0957,11.5976,0.1034,0.0000,1.0543,<0.0001,7.0000,0.0000,7.0000,0.0000,,,NaN
SW,1024,6,adjusted_narrow,0.5000,11.1562,0.1127,11.0277,0.1083,0.0000,1.1707,<0.0001,7.0000,0.0000,7.0000,0.0000,,,NaN
SW,1024,6,adjusted_narrow,0.6000,10.6359,0.0899,10.5383,0.1051,0.0000,0.9729,<0.0001,7.0333,0.1826,7.0000,0.0000,0.3256,0.2582,0.326
SW,1024,6,adjusted_narrow,0.7000,10.1874,0.0985,10.0832,0.1001,0.0000,1.0464,<0.0001,7.0000,0.0000,7.0167,0.0913,0.3256,-0.1826,0.326
SW,1024,6,adjusted_narrow,0.8000,9.7808,0.0983,9.7034,0.0915,0.0000,0.8257,<0.0001,7.0000,0.0000,6.9667,0.1269,0.1608,0.2628,0.161
SW,1024,6,adjusted_narrow,0.9000,9.4548,0.0889,9.3873,0.0873,0.0000,0.7683,<0.0001,7.0000,0.0000,6.9167,0.1895,0.0226,0.4397,<0.05
SW,1024,6,adjusted_narrow,1.0000,9.2411,0.0905,9.2123,0.0955,0.0001,0.3068,<0.0001,7.6333,0.5561,7.1500,0.2980,0.0001,1.0835,<0.001
SW,1024,6,adjusted_broad,0.0000,22.7845,1.6274,22.8820,1.7242,0.4581,-0.0576,0.458,39.0667,7.5655,36.2000,4.7987,0.0859,0.4525,0.086
SW,1024,6,adjusted_broad,0.1000,10.5170,1.9573,10.9281,1.9202,0.0063,-0.2127,<0.01,8.6667,2.7834,9.2333,2.9790,0.4496,-0.1966,0.450
SW,1024,6,adjusted_broad,0.2000,9.7524,1.7115,9.7078,1.3378,0.6964,0.0303,0.696,8.3667,3.0792,7.7333,1.5410,0.3194,0.2601,0.319
SW,1024,6,adjusted_broad,0.3000,8.8423,1.1686,9.1471,1.1830,0.0009,-0.2587,<0.001,7.1667,1.8952,6.9000,1.0939,0.5078,0.1723,0.508
SW,1024,6,adjusted_broad,0.4000,8.8334,1.0248,8.7170,0.9223,0.1175,0.1215,0.118,6.9333,1.4368,6.7333,1.0148,0.5362,0.1608,0.536
SW,1024,6,adjusted_broad,0.5000,8.6458,0.6682,8.5336,0.8780,0.0760,0.1378,0.076,6.6333,1.0662,6.5000,1.0255,0.6234,0.1275,0.623
SW,1024,6,adjusted_broad,0.6000,8.4974,0.7258,8.3924,0.7182,0.0607,0.1457,0.061,6.7333,1.4126,6.3500,0.8625,0.2107,0.3275,0.211
SW,1024,6,adjusted_broad,0.7000,8.2414,0.6490,8.2597,0.7877,0.7503,-0.0247,0.750,6.4667,1.3830,6.3500,0.8320,0.6939,0.1022,0.694
SW,1024,6,adjusted_broad,0.8000,8.0853,0.7438,8.1430,0.5673,0.2392,-0.0914,0.239,6.3667,1.4016,6.2833,0.7621,0.7761,0.0739,0.776
SW,1024,6,adjusted_broad,0.9000,7.6660,0.8418,7.9068,0.7687,0.0001,-0.3033,<0.001,5.8000,1.0306,6.3000,0.7724,0.0381,-0.5490,<0.05
SW,1024,6,adjusted_broad,1.0000,7.0061,1.1320,6.8614,1.0783,0.0894,0.1319,0.089,5.2333,1.0726,5.4667,0.8193,0.3479,-0.2445,0.348
SW,1024,10,binary,0.0000,10.7086,0.0449,10.6400,0.0491,0.0000,1.4152,<0.0001,5.1333,0.3457,5.0000,0.0000,0.0434,0.5454,<0.05
SW,1024,10,binary,0.1000,10.6525,0.0498,10.5848,0.0530,0.0000,1.2895,<0.0001,5.0667,0.2537,5.0111,0.0609,0.2520,0.3011,0.252
SW,1024,10,binary,0.2000,10.5372,0.0516,10.4812,0.0589,0.0000,0.9712,<0.0001,5.3000,0.4661,5.0111,0.0609,0.0021,0.8692,<0.01
SW,1024,10,binary,0.3000,10.3738,0.0571,10.3179,0.0616,0.0000,0.9162,<0.0001,5.2000,0.4068,5.0000,0.0000,0.0117,0.6952,<0.05
SW,1024,10,binary,0.4000,10.1588,0.0623,10.0979,0.0679,0.0000,0.9096,<0.0001,5.1000,0.3051,5.0000,0.0000,0.0831,0.4635,0.083
SW,1024,10,binary,0.5000,9.9332,0.0757,9.8648,0.0789,0.0000,0.8725,<0.0001,5.0333,0.1826,5.0000,0.0000,0.3256,0.2582,0.326
SW,1024,10,binary,0.6000,9.6898,0.0798,9.5945,0.0869,0.0000,1.1117,<0.0001,5.1333,0.3457,5.0000,0.0000,0.0434,0.5454,<0.05
SW,1024,10,binary,0.7000,9.4220,0.0909,9.3164,0.0887,0.0000,1.1857,<0.0001,5.2667,0.4498,5.0000,0.0000,0.0029,0.8385,<0.01
SW,1024,10,binary,0.8000,9.1996,0.0791,9.0616,0.0773,0.0000,1.7769,<0.0001,5.5333,0.5074,5.0000,0.0000,0.0000,1.4864,<0.0001
SW,1024,10,binary,0.9000,8.9755,0.0717,8.8333,0.0746,0.0000,1.9188,<0.0001,5.8667,0.3457,5.0000,0.0000,0.0000,3.5449,<0.0001
SW,1024,10,binary,1.0000,8.7501,0.0699,8.6172,0.0767,0.0000,1.7585,<0.0001,5.8667,0.3457,5.0000,0.0000,0.0000,3.5449,<0.0001
SW,1024,10,random_narrow,0.0000,10.6319,0.0711,10.5505,0.0844,0.0000,1.0144,<0.0001,6.0000,0.0000,6.0000,0.0000,,,NaN
SW,1024,10,random_narrow,0.1000,10.5337,0.0764,10.4651,0.0912,0.0000,0.7926,<0.0001,6.0000,0.0000,6.0000,0.0000,,,NaN
SW,1024,10,random_narrow,0.2000,10.3087,0.1086,10.2418,0.1078,0.0000,0.6193,<0.0001,6.0000,0.0000,6.0000,0.0000,,,NaN
SW,1024,10,random_narrow,0.3000,9.9796,0.1281,9.9065,0.1346,0.0000,0.5523,<0.0001,6.0000,0.0000,6.0000,0.0000,,,NaN
SW,1024,10,random_narrow,0.4000,9.6133,0.0975,9.5561,0.0903,0.0000,0.6164,<0.0001,6.0000,0.0000,6.0000,0.0000,,,NaN
SW,1024,10,random_narrow,0.5000,9.3687,0.0800,9.2900,0.0839,0.0000,0.9522,<0.0001,6.0000,0.0000,5.9667,0.1269,0.1608,0.2628,0.161
SW,1024,10,random_narrow,0.6000,9.1213,0.1109,8.9835,0.1182,0.0000,1.1895,<0.0001,6.0000,0.0000,5.9333,0.1729,0.0434,0.3856,<0.05
SW,1024,10,random_narrow,0.7000,8.8014,0.1207,8.6909,0.0817,0.0000,1.1458,<0.0001,6.0000,0.0000,5.8833,0.2151,0.0059,0.5424,<0.01
SW,1024,10,random_narrow,0.8000,8.5496,0.0692,8.5018,0.0599,0.0000,0.7571,<0.0001,6.0000,0.0000,5.9167,0.1895,0.0226,0.4397,<0.05
SW,1024,10,random_narrow,0.9000,8.3583,0.0683,8.3151,0.0757,0.0000,0.5894,<0.0001,6.0000,0.0000,5.9667,0.1269,0.1608,0.2628,0.161
SW,1024,10,random_narrow,1.0000,8.1613,0.0953,8.0877,0.1020,0.0000,0.7376,<0.0001,6.0000,0.0000,5.8333,0.2733,0.0023,0.6097,<0.01
SW,1024,10,random_broad,0.0000,18.9697,1.2028,19.1783,1.2639,0.0310,-0.1676,<0.05,24.4667,3.4314,23.8167,3.3153,0.4586,0.1927,0.459
SW,1024,10,random_broad,0.1000,17.4900,2.4985,17.3241,3.0400,0.4565,0.0578,0.456,20.6667,6.0363,21.2833,4.2643,0.6496,-0.1180,0.650
SW,1024,10,random_broad,0.2000,15.4810,3.2835,15.6136,3.0136,0.5824,-0.0427,0.582,17.1000,7.5079,16.6167,4.0272,0.7575,0.0802,0.757
SW,1024,10,random_broad,0.3000,13.9019,3.3434,14.5218,3.1935,0.0140,-0.1911,<0.05,14.6000,6.1454,15.4333,5.2584,0.5748,-0.1457,0.575
SW,1024,10,random_broad,0.4000,13.7211,2.4849,13.3769,2.5812,0.0822,0.1350,0.082,13.6667,5.5543,13.1833,3.3438,0.6849,0.1054,0.685
SW,1024,10,random_broad,0.5000,12.8848,2.4592,12.3793,2.6024,0.0110,0.1978,<0.05,12.9333,5.2387,11.4333,3.3081,0.1910,0.3424,0.191
SW,1024,10,random_broad,0.6000,12.0401,2.2700,12.1615,2.1499,0.4751,-0.0554,0.475,12.1000,4.6709,11.7500,3.0222,0.7319,0.0890,0.732
SW,1024,10,random_broad,0.7000,11.7946,2.3097,11.6004,2.1741,0.2596,0.0875,0.260,11.0333,4.1563,10.7333,2.7877,0.7440,0.0848,0.744
SW,1024,10,random_broad,0.8000,11.1186,1.8429,11.3879,1.8867,0.0641,-0.1438,0.064,10.9667,3.9347,11.0500,2.8447,0.9255,-0.0243,0.925
SW,1024,10,random_broad,0.9000,11.0894,1.6147,11.0612,1.8074,0.8351,0.0162,0.835,10.4000,3.5194,10.3333,2.5540,0.9334,0.0217,0.933
SW,1024,10,random_broad,1.0000,11.2130,1.6136,10.5802,1.6387,0.0000,0.3881,<0.0001,10.9667,3.4490,10.0333,2.4387,0.2316,0.3125,0.232
SW,1024,10,adjusted_narrow,0.0000,11.1253,0.1062,10.9837,0.1066,0.0000,1.3306,<0.0001,6.0000,0.0000,6.0000,0.0000,,,NaN
SW,1024,10,adjusted_narrow,0.1000,11.0106,0.1123,10.8843,0.1058,0.0000,1.1689,<0.0001,6.0000,0.0000,6.0000,0.0000,,,NaN
SW,1024,10,adjusted_narrow,0.2000,10.8104,0.1040,10.6946,0.0905,0.0000,1.2163,<0.0001,6.0000,0.0000,6.0000,0.0000,,,NaN
SW,1024,10,adjusted_narrow,0.3000,10.5459,0.0993,10.4512,0.0673,0.0000,1.1931,<0.0001,6.0000,0.0000,6.0000,0.0000,,,NaN
SW,1024,10,adjusted_narrow,0.4000,10.2558,0.0835,10.1908,0.0555,0.0000,0.9819,<0.0001,6.0000,0.0000,6.0000,0.0000,,,NaN
SW,1024,10,adjusted_narrow,0.5000,9.9823,0.0737,9.9077,0.0703,0.0000,1.0430,<0.0001,6.0000,0.0000,5.9667,0.1269,0.1608,0.2628,0.161
SW,1024,10,adjusted_narrow,0.6000,9.7177,0.0767,9.6207,0.0811,0.0000,1.2189,<0.0001,6.0000,0.0000,5.8500,0.2330,0.0014,0.6437,<0.01
SW,1024,10,adjusted_narrow,0.7000,9.4560,0.0870,9.3408,0.0832,0.0000,1.3629,<0.0001,6.0000,0.0000,5.7833,0.2842,0.0002,0.7625,<0.001
SW,1024,10,adjusted_narrow,0.8000,9.2141,0.0870,9.0846,0.0779,0.0000,1.5978,<0.0001,6.0000,0.0000,5.8500,0.2675,0.0046,0.5608,<0.01
SW,1024,10,adjusted_narrow,0.9000,9.0060,0.0818,8.8857,0.0715,0.0000,1.6032,<0.0001,6.0000,0.0000,5.7667,0.3144,0.0003,0.7421,<0.001
SW,1024,10,adjusted_narrow,1.0000,8.9740,0.0775,8.9090,0.0800,0.0000,0.8221,<0.0001,6.0000,0.0000,6.0000,0.0000,,,NaN
SW,1024,10,adjusted_broad,0.0000,21.1289,1.1863,21.2512,1.3737,0.2308,-0.0930,0.231,24.4667,3.4314,23.8167,3.3153,0.4586,0.1927,0.459
SW,1024,10,adjusted_broad,0.1000,12.1762,2.2458,11.9658,2.6939,0.2884,0.0824,0.288,9.6667,2.9634,9.4167,2.2131,0.7127,0.0956,0.713
SW,1024,10,adjusted_broad,0.2000,9.9557,1.5039,10.3258,1.9840,0.0096,-0.2013,<0.01,7.2000,1.6484,8.1500,1.8623,0.0409,-0.5402,<0.05
SW,1024,10,adjusted_broad,0.3000,9.4109,1.5009,9.6420,1.3482,0.0338,-0.1649,<0.05,7.4667,2.0126,7.7333,1.6595,0.5778,-0.1446,0.578
SW,1024,10,adjusted_broad,0.4000,9.2555,0.9753,9.0906,1.0164,0.0344,0.1644,<0.05,7.1000,1.6263,7.1500,0.9391,0.8847,-0.0377,0.885
SW,1024,10,adjusted_broad,0.5000,8.8838,0.9163,8.6913,0.9768,0.0097,0.2011,<0.01,6.9333,1.7991,6.6000,0.9861,0.3783,0.2298,0.378
SW,1024,10,adjusted_broad,0.6000,8.6101,0.8071,8.6240,0.7516,0.8159,-0.0181,0.816,6.8333,1.4162,6.9000,1.0372,0.8360,-0.0537,0.836
SW,1024,10,adjusted_broad,0.7000,8.4744,0.9617,8.3601,0.7563,0.0763,0.1377,0.076,6.6333,1.4967,6.5500,1.0285,0.8026,0.0649,0.803
SW,1024,10,adjusted_broad,0.8000,8.2406,0.6362,8.3435,0.6047,0.0314,-0.1673,<0.05,6.4667,1.0080,6.6500,1.0919,0.5019,-0.1745,0.502
SW,1024,10,adjusted_broad,0.9000,8.1636,0.5853,8.0704,0.7323,0.0808,0.1356,0.081,6.1000,1.0619,6.3000,0.7022,0.3936,-0.2222,0.394
SW,1024,10,adjusted_broad,1.0000,6.9769,0.9225,6.8199,1.1595,0.0628,0.1445,0.063,5.4000,1.0700,5.1833,0.8758,0.3944,0.2216,0.394
HM,64,6,binary,0.0000,11.2602,0.3132,11.0272,0.2719,0.0000,0.8347,<0.0001,6.2200,0.4142,5.9720,0.0895,0.0001,0.8275,<0.0001
HM,64,6,binary,0.1000,11.0904,0.3021,10.9778,0.2618,0.0000,0.4186,<0.0001,6.3200,0.4665,5.9400,0.1149,0.0000,1.1186,<0.0001
HM,64,6,binary,0.2000,10.9644,0.2693,10.8512,0.2682,0.0000,0.4218,<0.0001,6.1800,0.3842,5.9640,0.0866,0.0002,0.7756,<0.001
HM,64,6,binary,0.3000,10.8172,0.2986,10.7287,0.2797,0.0000,0.3127,<0.0001,6.0600,0.4200,5.9120,0.1143,0.0192,0.4809,<0.05
HM,64,6,binary,0.4000,10.6916,0.3008,10.6210,0.2741,0.0003,0.2534,<0.001,6.1200,0.5154,5.9040,0.1455,0.0058,0.5704,<0.01
HM,64,6,binary,0.5000,10.5286,0.3591,10.4725,0.2918,0.0079,0.1843,<0.01,5.9600,0.3441,5.8480,0.1526,0.0399,0.4208,<0.05
HM,64,6,binary,0.6000,10.4757,0.2947,10.3682,0.2799,0.0000,0.3806,<0.0001,6.0400,0.3441,5.8240,0.1632,0.0001,0.8021,<0.001
HM,64,6,binary,0.7000,10.3165,0.3278,10.2634,0.2800,0.0080,0.1841,<0.01,5.9600,0.4454,5.7680,0.1891,0.0066,0.5611,<0.01
HM,64,6,binary,0.8000,10.2222,0.3135,10.1354,0.2779,0.0000,0.3054,<0.0001,5.9200,0.3919,5.7000,0.2341,0.0011,0.6815,<0.01
HM,64,6,binary,0.9000,10.1176,0.2922,10.0220,0.2814,0.0000,0.3372,<0.0001,5.9000,0.3606,5.6040,0.2135,0.0000,0.9990,<0.0001
HM,64,6,binary,1.0000,9.9650,0.3135,9.8821,0.2822,0.0000,0.2882,<0.0001,5.7800,0.4142,5.5000,0.2375,0.0001,0.8293,<0.0001
HM,64,6,random_narrow,0.0000,11.8694,0.3493,11.6707,0.3228,0.0000,0.6070,<0.0001,6.5200,0.5381,6.2000,0.1918,0.0002,0.7921,<0.001
HM,64,6,random_narrow,0.1000,11.7255,0.3507,11.5938,0.3115,0.0000,0.4138,<0.0001,6.5200,0.4996,6.1440,0.1499,0.0000,1.0195,<0.0001
HM,64,6,random_narrow,0.2000,11.5670,0.3810,11.4872,0.3168,0.0005,0.2428,<0.001,6.5800,0.5325,6.1360,0.1718,0.0000,1.1222,<0.0001
HM,64,6,random_narrow,0.3000,11.4694,0.3984,11.3500,0.3330,0.0000,0.3465,<0.0001,6.6000,0.4899,6.0520,0.1253,0.0000,1.5326,<0.0001
HM,64,6,random_narrow,0.4000,11.2844,0.3596,11.2284,0.3238,0.0144,0.1698,<0.05,6.4200,0.5689,6.0240,0.1176,0.0000,0.9641,<0.0001
HM,64,6,random_narrow,0.5000,11.1432,0.4234,11.0856,0.3332,0.0177,0.1647,<0.05,6.4200,0.5325,6.0200,0.1077,0.0000,1.0412,<0.0001
HM,64,6,random_narrow,0.6000,11.0751,0.4045,10.9626,0.3522,0.0000,0.3111,<0.0001,6.2200,0.5400,5.9880,0.1227,0.0042,0.5925,<0.01
HM,64,6,random_narrow,0.7000,10.9230,0.3866,10.8662,0.3523,0.0224,0.1585,<0.05,6.2400,0.5122,5.9800,0.1077,0.0008,0.7024,<0.001
HM,64,6,random_narrow,0.8000,10.8568,0.3915,10.7633,0.3383,0.0001,0.2691,<0.001,6.2600,0.4386,5.9400,0.1342,0.0000,0.9866,<0.0001
HM,64,6,random_narrow,0.9000,10.7171,0.4210,10.6328,0.3339,0.0005,0.2410,<0.001,6.0200,0.4238,5.9400,0.1000,0.2014,0.2598,0.201
HM,64,6,random_narrow,1.0000,10.5308,0.3831,10.4881,0.3369,0.0744,0.1238,0.074,5.9400,0.3693,5.8840,0.1391,0.3230,0.2007,0.323
HM,64,6,random_broad,0.0000,15.0975,1.1674,15.0703,1.3506,0.7662,0.0206,0.766,11.5000,1.2845,11.3680,0.5431,0.5092,0.1339,0.509
HM,64,6,random_broad,0.1000,14.6320,1.7918,14.7023,1.6529,0.5459,-0.0419,0.546,10.9800,2.0346,10.7080,0.8032,0.3862,0.1759,0.386
HM,64,6,random_broad,0.2000,14.1515,1.4234,14.4592,1.6554,0.0062,-0.1900,<0.01,10.3600,1.7749,10.8040,0.7283,0.1084,-0.3273,0.108
HM,64,6,random_broad,0.3000,14.0081,1.5966,13.8853,1.8033,0.3171,0.0694,0.317,10.5000,2.0322,10.0600,0.8738,0.1670,0.2813,0.167
HM,64,6,random_broad,0.4000,13.2917,1.7747,13.8161,1.6498,0.0000,-0.3138,<0.0001,9.6600,1.8933,9.9560,0.6290,0.3016,-0.2098,0.302
HM,64,6,random_broad,0.5000,13.2151,1.4495,13.2694,1.8848,0.6668,-0.0299,0.667,9.7800,1.5138,9.5360,0.7138,0.3100,0.2062,0.310
HM,64,6,random_broad,0.6000,12.9262,1.5822,13.3204,1.8356,0.0016,-0.2195,<0.01,9.0800,1.5980,9.5840,0.7298,0.0474,-0.4057,<0.05
HM,64,6,random_broad,0.7000,12.5359,1.6622,12.9920,1.8800,0.0004,-0.2471,<0.001,8.7000,1.6031,9.1880,0.7047,0.0540,-0.3941,0.054
HM,64,6,random_broad,0.8000,12.1632,1.8640,12.9272,1.7944,0.0000,-0.4230,<0.0001,8.3000,1.6279,9.2280,0.7930,0.0005,-0.7248,<0.001
HM,64,6,random_broad,0.9000,12.4632,1.7059,12.4808,1.8649,0.8898,-0.0096,0.890,8.7200,1.5105,8.8600,0.7613,0.5637,-0.1170,0.564
HM,64,6,random_broad,1.0000,12.5406,1.4411,12.3799,1.6699,0.1562,0.0983,0.156,8.7400,1.5596,8.6440,0.7248,0.6968,0.0789,0.697
HM,64,6,adjusted_narrow,0.0000,11.8820,0.3144,11.6718,0.3041,0.0000,0.6872,<0.0001,6.5200,0.5381,6.2000,0.1918,0.0002,0.7921,<0.001
HM,64,6,adjusted_narrow,0.1000,11.7311,0.3201,11.5761,0.3161,0.0000,0.4891,<0.0001,6.5000,0.5385,6.1280,0.1588,0.0000,0.9370,<0.0001
HM,64,6,adjusted_narrow,0.2000,11.5803,0.4021,11.4233,0.3199,0.0000,0.4686,<0.0001,6.5600,0.5352,6.1120,0.1608,0.0000,1.1338,<0.0001
HM,64,6,adjusted_narrow,0.3000,11.3806,0.3884,11.2688,0.3325,0.0000,0.3265,<0.0001,6.5000,0.5000,6.0160,0.1189,0.0000,1.3318,<0.0001
HM,64,6,adjusted_narrow,0.4000,11.1590,0.3892,11.1098,0.3294,0.0370,0.1447,<0.05,6.3600,0.5571,6.0120,0.1291,0.0000,0.8606,<0.0001
HM,64,6,adjusted_narrow,0.5000,10.9473,0.4531,10.9602,0.3449,0.6090,-0.0355,0.609,6.3800,0.5250,6.0120,0.0930,0.0000,0.9761,<0.0001
HM,64,6,adjusted_narrow,0.6000,10.9162,0.4008,10.8233,0.3419,0.0001,0.2638,<0.001,6.1800,0.3842,5.9560,0.1402,0.0002,0.7746,<0.001
HM,64,6,adjusted_narrow,0.7000,10.7887,0.4255,10.7401,0.3410,0.0495,0.1363,<0.05,6.1400,0.4477,5.9480,0.1187,0.0046,0.5863,<0.01
HM,64,6,adjusted_narrow,0.8000,10.7264,0.3737,10.6056,0.3445,0.0000,0.3458,<0.0001,6.0400,0.3980,5.9080,0.1278,0.0294,0.4466,<0.05
HM,64,6,adjusted_narrow,0.9000,10.5231,0.3927,10.4893,0.3350,0.1579,0.0979,0.158,6.0200,0.4238,5.9200,0.1265,0.1167,0.3198,0.117
HM,64,6,adjusted_narrow,1.0000,10.5464,0.4064,10.6172,0.3819,0.0082,-0.1834,<0.01,6.0000,0.4000,5.9400,0.1342,0.3219,0.2011,0.322
HM,64,6,adjusted_broad,0.0000,15.0844,1.1766,15.0493,1.3731,0.7058,0.0262,0.706,11.5000,1.2845,11.3640,0.5495,0.4972,0.1377,0.497
HM,64,6,adjusted_broad,0.1000,13.2929,2.1823,13.4405,2.1309,0.3197,-0.0690,0.320,9.4000,2.0000,9.4040,0.8731,0.9898,-0.0026,0.990
HM,64,6,adjusted_broad,0.2000,12.1403,1.9240,12.1126,1.9406,0.8364,0.0143,0.836,8.4400,1.8238,8.4320,0.7193,0.9773,0.0058,0.977
HM,64,6,adjusted_broad,0.3000,11.6667,1.8645,11.2897,1.8951,0.0041,0.1995,<0.01,8.0200,1.7492,7.6480,0.6074,0.1628,0.2841,0.163
HM,64,6,adjusted_broad,0.4000,10.6954,1.8044,10.9724,1.7318,0.0221,-0.1588,<0.05,7.1800,1.3519,7.3680,0.5870,0.3741,-0.1804,0.374
HM,64,6,adjusted_broad,0.5000,10.7179,1.4873,10.3801,1.7678,0.0048,0.1959,<0.01,7.3800,1.3548,7.0160,0.6011,0.0888,0.3473,0.089
HM,64,6,adjusted_broad,0.6000,10.4854,1.5992,10.3954,1.5661,0.4088,0.0573,0.409,6.9600,1.2643,6.9200,0.4915,0.8369,0.0417,0.837
HM,64,6,adjusted_broad,0.7000,9.6386,1.4696,10.0335,1.6381,0.0004,-0.2451,<0.001,6.4600,1.0042,6.6800,0.5261,0.1774,-0.2744,0.177
HM,64,6,adjusted_broad,0.8000,9.3905,1.5698,9.9986,1.6106,0.0000,-0.3791,<0.0001,6.1200,0.9928,6.6400,0.4733,0.0013,-0.6686,<0.01
HM,64,6,adjusted_broad,0.9000,9.0161,1.6132,9.1288,1.6808,0.3301,-0.0675,0.330,5.9200,1.0741,6.0000,0.5628,0.6452,-0.0933,0.645
HM,64,6,adjusted_broad,1.0000,8.6428,1.4737,8.5960,1.7184,0.6882,0.0278,0.688,5.7400,1.0161,5.7160,0.5630,0.8853,0.0292,0.885
HM,64,10,binary,0.0000,9.3179,0.2370,9.0304,0.2026,0.0000,1.3775,<0.0001,5.0600,0.3693,4.9760,0.0650,0.1201,0.3168,0.120
HM,64,10,binary,0.1000,9.3762,0.2214,9.0154,0.2016,0.0000,1.7599,<0.0001,5.0600,0.2375,4.9640,0.0768,0.0083,0.5439,<0.01
HM,64,10,binary,0.2000,9.3724,0.2124,8.9693,0.2033,0.0000,1.9680,<0.0001,5.0800,0.2713,4.9800,0.0721,0.0143,0.5038,<0.05
HM,64,10,binary,0.3000,9.3853,0.2403,8.9088,0.1985,0.0000,2.3126,<0.0001,5.3200,0.5075,4.9760,0.0650,0.0000,0.9508,<0.0001
HM,64,10,binary,0.4000,9.3370,0.2540,8.8688,0.2053,0.0000,2.1857,<0.0001,5.3600,0.4800,4.9680,0.0835,0.0000,1.1378,<0.0001
HM,64,10,binary,0.5000,9.3312,0.2690,8.8088,0.2023,0.0000,2.4320,<0.0001,5.5600,0.4964,4.9600,0.0980,0.0000,1.6771,<0.0001
HM,64,10,binary,0.6000,9.2246,0.2751,8.7473,0.2104,0.0000,2.1453,<0.0001,5.4800,0.4996,4.9640,0.0866,0.0000,1.4392,<0.0001
HM,64,10,binary,0.7000,9.1546,0.2558,8.6923,0.2095,0.0000,2.1216,<0.0001,5.5800,0.4936,4.9720,0.0694,0.0000,1.7252,<0.0001
HM,64,10,binary,0.8000,9.0648,0.2683,8.6197,0.2056,0.0000,2.0480,<0.0001,5.4800,0.4996,4.9600,0.0800,0.0000,1.4534,<0.0001
HM,64,10,binary,0.9000,9.0188,0.2619,8.5603,0.2029,0.0000,2.1437,<0.0001,5.5200,0.4996,4.9440,0.1061,0.0000,1.5949,<0.0001
HM,64,10,binary,1.0000,8.9025,0.2532,8.4898,0.2027,0.0000,1.9473,<0.0001,5.2000,0.4000,4.9320,0.1028,0.0000,0.9177,<0.0001
HM,64,10,random_narrow,0.0000,9.8311,0.2768,9.5410,0.2292,0.0000,1.2204,<0.0001,5.3200,0.4665,5.0200,0.1000,0.0000,0.8893,<0.0001
HM,64,10,random_narrow,0.1000,9.8483,0.2607,9.5117,0.2292,0.0000,1.4341,<0.0001,5.3400,0.4737,5.0200,0.1149,0.0000,0.9284,<0.0001
HM,64,10,random_narrow,0.2000,9.8589,0.2505,9.4736,0.2366,0.0000,1.6124,<0.0001,5.4200,0.5325,5.0360,0.1109,0.0000,0.9983,<0.0001
HM,64,10,random_narrow,0.3000,9.8862,0.2736,9.3904,0.2296,0.0000,2.0876,<0.0001,5.5200,0.4996,4.9960,0.1166,0.0000,1.4445,<0.0001
HM,64,10,random_narrow,0.4000,9.8924,0.2729,9.3487,0.2332,0.0000,2.2629,<0.0001,5.7400,0.4386,5.0160,0.1046,0.0000,2.2706,<0.0001
HM,64,10,random_narrow,0.5000,9.8844,0.3141,9.2989,0.2252,0.0000,2.4168,<0.0001,5.7400,0.4386,4.9960,0.0747,0.0000,2.3647,<0.0001
HM,64,10,random_narrow,0.6000,9.8450,0.3234,9.2362,0.2344,0.0000,2.4221,<0.0001,5.7600,0.4271,4.9920,0.0688,0.0000,2.5107,<0.0001
HM,64,10,random_narrow,0.7000,9.7991,0.3320,9.1811,0.2420,0.0000,2.3850,<0.0001,5.6600,0.4737,4.9720,0.0801,0.0000,2.0252,<0.0001
HM,64,10,random_narrow,0.8000,9.7446,0.3423,9.1201,0.2412,0.0000,2.3949,<0.0001,5.7000,0.4583,4.9800,0.0600,0.0000,2.2032,<0.0001
HM,64,10,random_narrow,0.9000,9.5802,0.3192,9.0656,0.2405,0.0000,2.0153,<0.0001,5.5800,0.4936,4.9680,0.0835,0.0000,1.7290,<0.0001
HM,64,10,random_narrow,1.0000,9.4668,0.3250,8.9813,0.2412,0.0000,1.8886,<0.0001,5.5800,0.4936,4.9760,0.0650,0.0000,1.7159,<0.0001
HM,64,10,random_broad,0.0000,14.1012,0.8431,14.1406,0.9303,0.5359,-0.0429,0.536,9.9200,0.8681,9.6760,0.4541,0.0844,0.3522,0.084
HM,64,10,random_broad,0.1000,13.8572,0.9873,14.0082,1.0989,0.0441,-0.1397,<0.05,9.3600,1.0726,9.4080,0.4849,0.7759,-0.0577,0.776
HM,64,10,random_broad,0.2000,13.5300,1.2068,13.8039,1.1625,0.0007,-0.2342,<0.001,8.9800,0.9485,9.3200,0.4850,0.0277,-0.4514,<0.05
HM,64,10,random_broad,0.3000,13.8134,1.1504,13.6316,1.1544,0.0232,0.1575,<0.05,9.3800,1.1470,9.1840,0.4977,0.2752,0.2217,0.275
HM,64,10,random_broad,0.4000,13.2588,1.1192,13.5870,1.1068,0.0000,-0.2960,<0.0001,8.9000,1.0817,9.1560,0.3780,0.1210,-0.3160,0.121
HM,64,10,random_broad,0.5000,13.2706,1.1221,13.1680,1.3802,0.2702,0.0765,0.270,9.0200,0.9693,8.7520,0.6676,0.1142,0.3220,0.114
HM,64,10,random_broad,0.6000,12.8970,1.2899,13.1614,1.3661,0.0049,-0.1953,<0.01,8.7800,1.2213,8.7920,0.4647,0.9489,-0.0130,0.949
HM,64,10,random_broad,0.7000,13.2484,1.1872,13.1019,1.3736,0.1164,0.1089,0.116,8.9200,1.0553,8.7800,0.5841,0.4185,0.1642,0.418
HM,64,10,random_broad,0.8000,13.1084,1.1880,12.9955,1.2072,0.1766,0.0937,0.177,8.9400,1.1386,8.6040,0.4791,0.0598,0.3847,0.060
HM,64,10,random_broad,0.9000,12.7048,1.2385,12.8284,1.2871,0.1635,-0.0966,0.164,8.5000,1.2369,8.5520,0.6457,0.7947,-0.0527,0.795
HM,64,10,random_broad,1.0000,12.7711,1.3258,12.7372,1.2152,0.6924,0.0274,0.692,8.5800,1.2663,8.4160,0.4173,0.3913,0.1739,0.391
HM,64,10,adjusted_narrow,0.0000,9.7949,0.2580,9.5304,0.2254,0.0000,1.1445,<0.0001,5.3200,0.4665,5.0200,0.1000,0.0000,0.8893,<0.0001
HM,64,10,adjusted_narrow,0.1000,9.8628,0.2570,9.5008,0.2268,0.0000,1.5599,<0.0001,5.3800,0.4854,5.0120,0.1089,0.0000,1.0462,<0.0001
HM,64,10,adjusted_narrow,0.2000,9.8537,0.2788,9.4380,0.2342,0.0000,1.7163,<0.0001,5.4400,0.4964,5.0240,0.1106,0.0000,1.1568,<0.0001
HM,64,10,adjusted_narrow,0.3000,9.8706,0.2876,9.3638,0.2420,0.0000,2.0261,<0.0001,5.4800,0.4996,5.0000,0.1131,0.0000,1.3252,<0.0001
HM,64,10,adjusted_narrow,0.4000,9.8387,0.3236,9.3027,0.2307,0.0000,2.1565,<0.0001,5.7200,0.4915,5.0080,0.0796,0.0000,2.0222,<0.0001
HM,64,10,adjusted_narrow,0.5000,9.8050,0.3424,9.2368,0.2335,0.0000,2.2297,<0.0001,5.7400,0.4386,4.9880,0.0739,0.0000,2.3909,<0.0001
HM,64,10,adjusted_narrow,0.6000,9.7374,0.3697,9.1625,0.2421,0.0000,2.1484,<0.0001,5.7400,0.4386,4.9720,0.0801,0.0000,2.4359,<0.0001
HM,64,10,adjusted_narrow,0.7000,9.6807,0.3450,9.0896,0.2294,0.0000,2.3430,<0.0001,5.6200,0.4854,4.9840,0.0784,0.0000,1.8293,<0.0001
HM,64,10,adjusted_narrow,0.8000,9.6040,0.3381,9.0168,0.2374,0.0000,2.2859,<0.0001,5.6400,0.5200,4.9840,0.0674,0.0000,1.7693,<0.0001
HM,64,10,adjusted_narrow,0.9000,9.4994,0.3264,8.9624,0.2385,0.0000,2.1038,<0.0001,5.4400,0.5352,4.9720,0.0694,0.0000,1.2265,<0.0001
HM,64,10,adjusted_narrow,1.0000,9.5330,0.3422,9.1419,0.2777,0.0000,1.3515,<0.0001,5.5600,0.5352,4.9800,0.0721,0.0000,1.5190,<0.0001
HM,64,10,adjusted_broad,0.0000,14.0188,0.8279,14.1445,0.9238,0.0460,-0.1384,<0.05,9.9200,0.8681,9.6760,0.4541,0.0844,0.3522,0.084
HM,64,10,adjusted_broad,0.1000,13.1123,1.5055,13.4801,1.5714,0.0007,-0.2357,<0.001,8.6800,1.3482,8.9520,0.6935,0.2121,-0.2537,0.212
HM,64,10,adjusted_broad,0.2000,12.6325,1.5259,12.5839,1.7467,0.6821,0.0284,0.682,8.3200,1.2238,8.3880,0.7002,0.7364,-0.0682,0.736
HM,64,10,adjusted_broad,0.3000,12.2712,1.8217,12.2266,1.7557,0.7161,0.0252,0.716,7.9000,1.4036,8.0800,0.4883,0.3986,-0.1713,0.399
HM,64,10,adjusted_broad,0.4000,11.1944,1.5999,11.8365,1.6165,0.0000,-0.3979,<0.0001,7.1600,1.3170,7.7720,0.5810,0.0037,-0.6013,<0.01
HM,64,10,adjusted_broad,0.5000,10.9849,1.6336,10.6841,1.7803,0.0136,0.1712,<0.05,7.2000,1.2329,6.9880,0.6253,0.2857,0.2169,0.286
HM,64,10,adjusted_broad,0.6000,10.3561,1.5259,10.7637,1.7478,0.0006,-0.2380,<0.001,6.6800,1.0666,7.0560,0.5974,0.0338,-0.4350,<0.05
HM,64,10,adjusted_broad,0.7000,10.7610,1.3368,10.4977,1.6076,0.0154,0.1682,<0.05,7.1200,1.0323,6.8720,0.5639,0.1432,0.2982,0.143
HM,64,10,adjusted_broad,0.8000,10.1440,1.2973,10.0013,1.5389,0.1706,0.0950,0.171,6.6200,1.0371,6.5560,0.4653,0.6943,0.0796,0.694
HM,64,10,adjusted_broad,0.9000,9.8188,1.5540,9.6888,1.5819,0.2346,0.0824,0.235,6.4600,1.0623,6.3160,0.4949,0.3918,0.1738,0.392
HM,64,10,adjusted_broad,1.0000,8.4295,1.6251,8.7614,1.6141,0.0031,-0.2054,<0.01,5.4800,1.0998,5.7320,0.4692,0.1434,-0.2980,0.143
HM,128,6,binary,0.0000,12.4776,0.2915,11.9990,0.2198,0.0000,2.0518,<0.0001,6.9600,0.3980,6.1920,0.2038,0.0000,2.4290,<0.0001
HM,128,6,binary,0.1000,12.3078,0.2911,11.9083,0.2213,0.0000,1.7043,<0.0001,7.0800,0.3370,6.1040,0.1455,0.0000,3.7596,<0.0001
HM,128,6,binary,0.2000,11.9802,0.3396,11.7502,0.2198,0.0000,0.9434,<0.0001,7.1600,0.4630,6.0480,0.1360,0.0000,3.2587,<0.0001
HM,128,6,binary,0.3000,11.7271,0.3230,11.5985,0.2270,0.0000,0.5237,<0.0001,7.0400,0.4454,6.0120,0.0739,0.0000,3.2199,<0.0001
HM,128,6,binary,0.4000,11.5512,0.2913,11.4709,0.2495,0.0000,0.3128,<0.0001,6.9200,0.4400,5.9840,0.0880,0.0000,2.9500,<0.0001
HM,128,6,binary,0.5000,11.3622,0.3441,11.3075,0.2490,0.0032,0.2047,<0.01,6.8000,0.4472,5.9920,0.0688,0.0000,2.5254,<0.0001
HM,128,6,binary,0.6000,11.1530,0.3064,11.1634,0.2489,0.5665,-0.0398,0.566,6.8400,0.4176,5.9920,0.0392,0.0000,2.8591,<0.0001
HM,128,6,binary,0.7000,11.0110,0.3610,11.0280,0.2615,0.3818,-0.0607,0.382,6.9000,0.3000,5.9880,0.0621,0.0000,4.2100,<0.0001
HM,128,6,binary,0.8000,10.8597,0.3341,10.8683,0.2621,0.6534,-0.0311,0.653,6.7200,0.4490,5.9640,0.0768,0.0000,2.3471,<0.0001
HM,128,6,binary,0.9000,10.7254,0.3304,10.7114,0.2736,0.4779,0.0492,0.478,6.6600,0.4737,5.9800,0.0721,0.0000,2.0070,<0.0001
HM,128,6,binary,1.0000,10.5641,0.3131,10.5745,0.2766,0.5959,-0.0368,0.596,6.4400,0.4964,5.9800,0.0721,0.0000,1.2969,<0.0001
HM,128,6,random_narrow,0.0000,12.9908,0.3261,12.6011,0.2472,0.0000,1.4881,<0.0001,7.0600,0.3105,6.5880,0.2414,0.0000,1.6974,<0.0001
HM,128,6,random_narrow,0.1000,12.7653,0.3596,12.4828,0.2521,0.0000,1.0353,<0.0001,7.0800,0.4400,6.4960,0.2010,0.0000,1.7074,<0.0001
HM,128,6,random_narrow,0.2000,12.5575,0.3585,12.3274,0.2580,0.0000,0.8301,<0.0001,7.0800,0.3370,6.3840,0.2587,0.0000,2.3165,<0.0001
HM,128,6,random_narrow,0.3000,12.3394,0.3362,12.1578,0.2661,0.0000,0.6508,<0.0001,6.9400,0.4200,6.3080,0.2235,0.0000,1.8787,<0.0001
HM,128,6,random_narrow,0.4000,12.1286,0.3135,12.0188,0.2719,0.0000,0.3930,<0.0001,6.8800,0.4308,6.2280,0.2079,0.0000,1.9276,<0.0001
HM,128,6,random_narrow,0.5000,11.9563,0.3372,11.8580,0.2795,0.0000,0.3390,<0.0001,6.8000,0.4899,6.1520,0.1900,0.0000,1.7441,<0.0001
HM,128,6,random_narrow,0.6000,11.7174,0.3476,11.7090,0.2770,0.6793,0.0287,0.679,6.7600,0.4271,6.0440,0.1152,0.0000,2.2891,<0.0001
HM,128,6,random_narrow,0.7000,11.5669,0.3914,11.5815,0.2787,0.4831,-0.0486,0.483,6.6400,0.4800,6.0160,0.0967,0.0000,1.8023,<0.0001
HM,128,6,random_narrow,0.8000,11.3861,0.3654,11.3924,0.2938,0.7662,-0.0206,0.766,6.6000,0.4899,6.0080,0.1055,0.0000,1.6706,<0.0001
HM,128,6,random_narrow,0.9000,11.2762,0.3418,11.2595,0.2881,0.4191,0.0560,0.419,6.4600,0.4984,5.9720,0.0981,0.0000,1.3587,<0.0001
HM,128,6,random_narrow,1.0000,11.1060,0.3876,11.1083,0.2929,0.9157,-0.0073,0.916,6.2600,0.4386,5.9840,0.0967,0.0000,0.8690,<0.0001
HM,128,6,random_broad,0.0000,17.0259,1.8496,17.6208,1.6420,0.0000,-0.3545,<0.0001,14.6800,2.5957,14.8200,0.9349,0.7232,-0.0718,0.723
HM,128,6,random_broad,0.1000,16.2946,1.8334,16.7894,2.2482,0.0011,-0.2265,<0.01,13.1600,2.5406,13.8240,1.0273,0.0930,-0.3427,0.093
HM,128,6,random_broad,0.2000,15.2628,2.1440,16.1727,2.2285,0.0000,-0.4108,<0.0001,12.1800,2.7618,13.0160,1.2930,0.0579,-0.3877,0.058
HM,128,6,random_broad,0.3000,14.5525,2.3890,15.3571,2.4542,0.0000,-0.3293,<0.0001,10.9600,2.8842,12.1480,1.1763,0.0089,-0.5394,<0.01
HM,128,6,random_broad,0.4000,14.4349,2.1231,15.0852,2.5266,0.0001,-0.2639,<0.001,10.8600,2.2892,11.8160,1.1149,0.0100,-0.5310,<0.01
HM,128,6,random_broad,0.5000,13.9870,2.5111,14.4113,2.3411,0.0099,-0.1790,<0.01,10.3400,2.6428,11.0480,0.9638,0.0812,-0.3559,0.081
HM,128,6,random_broad,0.6000,13.9670,1.6065,14.1638,2.2413,0.1867,-0.0916,0.187,10.4600,2.1653,10.8920,1.0794,0.2143,-0.2525,0.214
HM,128,6,random_broad,0.7000,13.4021,2.0198,13.5836,2.4179,0.2667,-0.0770,0.267,9.6800,2.3532,10.2880,1.1914,0.1098,-0.3260,0.110
HM,128,6,random_broad,0.8000,12.6812,2.1001,13.3341,2.3057,0.0000,-0.2873,<0.0001,9.6600,2.4707,9.9520,1.1863,0.4576,-0.1507,0.458
HM,128,6,random_broad,0.9000,12.9720,1.9218,13.1150,2.1407,0.3274,-0.0679,0.327,9.3600,2.2606,9.8160,1.0283,0.2017,-0.2597,0.202
HM,128,6,random_broad,1.0000,13.1073,2.0354,12.7960,2.1390,0.0345,0.1467,<0.05,9.9600,2.5687,9.4080,1.0284,0.1657,0.2821,0.166
HM,128,6,adjusted_narrow,0.0000,12.9740,0.3128,12.6020,0.2511,0.0000,1.4175,<0.0001,7.0600,0.3105,6.5880,0.2414,0.0000,1.6974,<0.0001
HM,128,6,adjusted_narrow,0.1000,12.7200,0.3214,12.4644,0.2483,0.0000,0.9760,<0.0001,7.0600,0.4200,6.4560,0.2334,0.0000,1.7778,<0.0001
HM,128,6,adjusted_narrow,0.2000,12.4018,0.3815,12.2660,0.2537,0.0000,0.4867,<0.0001,7.0800,0.2713,6.3160,0.2335,0.0000,3.0183,<0.0001
HM,128,6,adjusted_narrow,0.3000,12.1743,0.3417,12.0760,0.2747,0.0000,0.3426,<0.0001,6.9200,0.3919,6.2560,0.2080,0.0000,2.1164,<0.0001
HM,128,6,adjusted_narrow,0.4000,11.9411,0.3527,11.8941,0.2719,0.0183,0.1637,<0.05,6.7600,0.4271,6.2120,0.2016,0.0000,1.6409,<0.0001
HM,128,6,adjusted_narrow,0.5000,11.7594,0.3685,11.7140,0.2820,0.0283,0.1522,<0.05,6.7400,0.5219,6.1240,0.1739,0.0000,1.5836,<0.0001
HM,128,6,adjusted_narrow,0.6000,11.5548,0.3308,11.5500,0.2807,0.8090,0.0168,0.809,6.5800,0.4936,6.0200,0.1000,0.0000,1.5726,<0.0001
HM,128,6,adjusted_narrow,0.7000,11.3857,0.3943,11.4078,0.2969,0.3125,-0.0701,0.313,6.5600,0.5352,5.9880,0.0739,0.0000,1.4974,<0.0001
HM,128,6,adjusted_narrow,0.8000,11.2279,0.3427,11.2273,0.3018,0.9785,0.0019,0.979,6.5200,0.4996,6.0000,0.1131,0.0000,1.4356,<0.0001
HM,128,6,adjusted_narrow,0.9000,11.0781,0.3668,11.1037,0.2993,0.2363,-0.0821,0.236,6.3000,0.5000,5.9880,0.0739,0.0000,0.8730,<0.0001
HM,128,6,adjusted_narrow,1.0000,11.1595,0.4243,11.2934,0.3622,0.0000,-0.3586,<0.0001,6.4000,0.5292,6.0960,0.1843,0.0003,0.7672,<0.001
HM,128,6,adjusted_broad,0.0000,17.0372,1.8171,17.6396,1.6492,0.0000,-0.3589,<0.0001,14.6800,2.5957,14.8200,0.9349,0.7232,-0.0718,0.723
HM,128,6,adjusted_broad,0.1000,13.5463,2.5386,13.7689,2.8141,0.2466,-0.0804,0.247,9.7800,2.6705,10.3200,1.2027,0.1999,-0.2607,0.200
HM,128,6,adjusted_broad,0.2000,11.5703,2.0133,12.2529,2.3458,0.0000,-0.2976,<0.0001,8.1400,1.8548,8.7840,0.9870,0.0344,-0.4335,<0.05
HM,128,6,adjusted_broad,0.3000,11.0610,1.8618,11.4585,2.1025,0.0055,-0.1926,<0.01,7.8200,1.5709,8.0720,0.8283,0.3230,-0.2007,0.323
HM,128,6,adjusted_broad,0.4000,10.8710,1.6978,10.9643,1.8719,0.4659,-0.0506,0.466,7.5800,1.4573,7.6520,0.7142,0.7568,-0.0627,0.757
HM,128,6,adjusted_broad,0.5000,10.6376,1.8107,10.4536,1.6452,0.1132,0.1099,0.113,7.2000,1.5232,7.1520,0.6294,0.8389,0.0412,0.839
HM,128,6,adjusted_broad,0.6000,10.4298,1.4039,10.3799,1.6104,0.6486,0.0316,0.649,7.1600,1.3321,7.0800,0.4833,0.6936,0.0798,0.694
HM,128,6,adjusted_broad,0.7000,9.9836,1.4984,9.9206,1.5367,0.5527,0.0412,0.553,6.7600,1.1236,6.6000,0.4833,0.3621,0.1850,0.362
HM,128,6,adjusted_broad,0.8000,9.2405,1.3394,9.6986,1.5352,0.0000,-0.3045,<0.0001,6.2200,1.0255,6.4320,0.5548,0.2061,-0.2571,0.206
HM,128,6,adjusted_broad,0.9000,9.5436,1.5795,9.3745,1.6485,0.1364,0.1033,0.136,6.3000,1.1533,6.2680,0.4658,0.8574,0.0364,0.857
HM,128,6,adjusted_broad,1.0000,8.6105,1.6671,8.1917,1.7685,0.0006,0.2390,<0.001,5.6600,1.1065,5.5920,0.4979,0.6957,0.0793,0.696
HM,128,10,binary,0.0000,10.2490,0.2289,9.6531,0.1768,0.0000,3.1957,<0.0001,5.5400,0.4984,4.9880,0.0475,0.0000,1.5592,<0.0001
HM,128,10,binary,0.1000,10.2257,0.2893,9.6363,0.1732,0.0000,2.9870,<0.0001,5.5600,0.4964,4.9800,0.0600,0.0000,1.6405,<0.0001
HM,128,10,binary,0.2000,10.2661,0.2555,9.5861,0.1785,0.0000,3.5159,<0.0001,5.6600,0.4737,4.9720,0.0694,0.0000,2.0323,<0.0001
HM,128,10,binary,0.3000,10.1754,0.3097,9.5075,0.1739,0.0000,3.2925,<0.0001,5.8000,0.4000,4.9560,0.1219,0.0000,2.8544,<0.0001
HM,128,10,binary,0.4000,9.9951,0.3240,9.4351,0.2019,0.0000,2.4693,<0.0001,5.9400,0.2375,4.9720,0.0694,0.0000,5.5330,<0.0001
HM,128,10,binary,0.5000,9.8054,0.2787,9.3812,0.1925,0.0000,2.0274,<0.0001,5.9400,0.3105,4.9640,0.0866,0.0000,4.2820,<0.0001
HM,128,10,binary,0.6000,9.6797,0.3384,9.3031,0.1899,0.0000,1.6997,<0.0001,5.9800,0.1400,4.9560,0.0920,0.0000,8.6445,<0.0001
HM,128,10,binary,0.7000,9.5779,0.3399,9.2268,0.1921,0.0000,1.5705,<0.0001,5.8800,0.3250,4.9800,0.0600,0.0000,3.8516,<0.0001
HM,128,10,binary,0.8000,9.4887,0.3408,9.1766,0.1913,0.0000,1.3983,<0.0001,5.8800,0.3250,4.9600,0.0894,0.0000,3.8602,<0.0001
HM,128,10,binary,0.9000,9.4432,0.3322,9.0781,0.2000,0.0000,1.6057,<0.0001,5.8600,0.3470,4.9520,0.1024,0.0000,3.5493,<0.0001
HM,128,10,binary,1.0000,9.4062,0.3048,9.0038,0.1973,0.0000,1.8386,<0.0001,5.7800,0.4142,4.9720,0.0694,0.0000,2.7206,<0.0001
HM,128,10,random_narrow,0.0000,10.6205,0.2055,10.1531,0.1751,0.0000,2.5890,<0.0001,5.9400,0.2375,5.1560,0.1971,0.0000,3.5923,<0.0001
HM,128,10,random_narrow,0.1000,10.6458,0.2293,10.1043,0.1724,0.0000,2.9573,<0.0001,5.9000,0.3000,5.1240,0.1692,0.0000,3.1863,<0.0001
HM,128,10,random_narrow,0.2000,10.6772,0.2271,10.0284,0.1787,0.0000,3.4590,<0.0001,5.9800,0.1400,5.0720,0.1429,0.0000,6.4192,<0.0001
HM,128,10,random_narrow,0.3000,10.5987,0.2515,9.9648,0.1684,0.0000,3.4293,<0.0001,6.0000,0.0000,5.0680,0.1529,0.0000,6.0958,<0.0001
HM,128,10,random_narrow,0.4000,10.5995,0.2755,9.8956,0.1774,0.0000,3.5714,<0.0001,6.0000,0.2828,5.0320,0.1348,0.0000,4.3691,<0.0001
HM,128,10,random_narrow,0.5000,10.4803,0.2829,9.8425,0.1799,0.0000,3.1776,<0.0001,6.0600,0.3693,5.0160,0.1592,0.0000,3.6711,<0.0001
HM,128,10,random_narrow,0.6000,10.3485,0.2841,9.7614,0.1857,0.0000,2.8587,<0.0001,6.1200,0.4308,5.0000,0.1058,0.0000,3.5704,<0.0001
HM,128,10,random_narrow,0.7000,10.2478,0.2948,9.6808,0.1814,0.0000,2.7715,<0.0001,5.9200,0.3370,4.9800,0.1000,0.0000,3.7812,<0.0001
HM,128,10,random_narrow,0.8000,10.1492,0.3078,9.6356,0.1875,0.0000,2.4192,<0.0001,6.0400,0.2800,4.9840,0.0674,0.0000,5.1854,<0.0001
HM,128,10,random_narrow,0.9000,10.0834,0.2909,9.5533,0.1952,0.0000,2.4756,<0.0001,5.9400,0.2375,4.9840,0.0784,0.0000,5.4061,<0.0001
HM,128,10,random_narrow,1.0000,10.0096,0.2935,9.4717,0.1929,0.0000,2.5259,<0.0001,5.8200,0.3842,4.9600,0.0894,0.0000,3.0832,<0.0001
HM,128,10,random_broad,0.0000,16.1736,1.0782,16.4393,1.1087,0.0005,-0.2407,<0.001,11.8200,1.5452,12.0680,0.6866,0.3071,-0.2074,0.307
HM,128,10,random_broad,0.1000,15.6755,1.4164,16.0731,1.3146,0.0000,-0.2985,<0.0001,11.1400,1.8112,11.6000,0.5441,0.0918,-0.3440,0.092
HM,128,10,random_broad,0.2000,15.2425,1.5376,15.7041,1.3697,0.0000,-0.3300,<0.0001,11.1000,1.7916,11.1120,0.7388,0.9655,-0.0088,0.966
HM,128,10,random_broad,0.3000,15.1242,1.6799,15.5419,1.4916,0.0001,-0.2740,<0.0001,10.5600,1.8128,10.9320,0.7027,0.1836,-0.2706,0.184
HM,128,10,random_broad,0.4000,14.8505,1.5859,15.2478,1.5558,0.0002,-0.2545,<0.001,10.3600,1.5461,10.8080,0.7652,0.0721,-0.3673,0.072
HM,128,10,random_broad,0.5000,14.3141,1.8040,14.9130,1.7152,0.0000,-0.3462,<0.0001,9.9200,2.0084,10.4800,0.8119,0.0734,-0.3656,0.073
HM,128,10,random_broad,0.6000,13.9928,1.8597,14.5518,1.7648,0.0000,-0.3138,<0.0001,9.6400,1.7862,10.2200,0.7972,0.0405,-0.4193,<0.05
HM,128,10,random_broad,0.7000,13.9192,1.5509,14.4817,1.6409,0.0000,-0.3459,<0.0001,9.5800,1.6863,10.1760,0.7701,0.0267,-0.4547,<0.05
HM,128,10,random_broad,0.8000,13.4380,1.8368,14.2950,1.7064,0.0000,-0.4958,<0.0001,9.3600,1.6942,10.1240,0.6740,0.0042,-0.5926,<0.01
HM,128,10,random_broad,0.9000,13.9295,1.3147,14.0157,1.7610,0.4636,-0.0508,0.464,9.4600,1.4312,9.8160,0.8293,0.1351,-0.3044,0.135
HM,128,10,random_broad,1.0000,13.7260,1.6966,13.5979,1.7433,0.2875,0.0738,0.288,9.4800,1.5778,9.4080,0.8736,0.7805,0.0565,0.780
HM,128,10,adjusted_narrow,0.0000,10.6350,0.2100,10.1402,0.1737,0.0000,2.7449,<0.0001,5.8000,0.4000,5.1880,0.1976,0.0000,1.9399,<0.0001
HM,128,10,adjusted_narrow,0.1000,10.6207,0.2186,10.0877,0.1697,0.0000,2.9813,<0.0001,5.8600,0.3470,5.1400,0.1562,0.0000,2.6759,<0.0001
HM,128,10,adjusted_narrow,0.2000,10.6004,0.2367,10.0111,0.1791,0.0000,3.1036,<0.0001,5.8400,0.3666,5.0640,0.1411,0.0000,2.7938,<0.0001
HM,128,10,adjusted_narrow,0.3000,10.5588,0.2616,9.9387,0.1732,0.0000,3.2515,<0.0001,5.9000,0.3000,5.1000,0.1612,0.0000,3.3218,<0.0001
HM,128,10,adjusted_narrow,0.4000,10.4554,0.2757,9.8562,0.1824,0.0000,2.9819,<0.0001,5.9000,0.4123,5.0440,0.1512,0.0000,2.7565,<0.0001
HM,128,10,adjusted_narrow,0.5000,10.3274,0.3036,9.7607,0.1842,0.0000,2.7135,<0.0001,6.0000,0.4000,5.0080,0.1055,0.0000,3.3912,<0.0001
HM,128,10,adjusted_narrow,0.6000,10.1938,0.2787,9.6854,0.1916,0.0000,2.4371,<0.0001,5.8800,0.4308,4.9880,0.1351,0.0000,2.7939,<0.0001
HM,128,10,adjusted_narrow,0.7000,10.1256,0.3332,9.5903,0.1865,0.0000,2.4574,<0.0001,6.0200,0.2441,5.0000,0.0800,0.0000,5.6149,<0.0001
HM,128,10,adjusted_narrow,0.8000,9.9825,0.3184,9.5287,0.1933,0.0000,2.0711,<0.0001,5.9800,0.3736,4.9840,0.0967,0.0000,3.6497,<0.0001
HM,128,10,adjusted_narrow,0.9000,9.9136,0.2899,9.4557,0.1982,0.0000,2.1184,<0.0001,5.8400,0.3666,4.9760,0.0763,0.0000,3.2630,<0.0001
HM,128,10,adjusted_narrow,1.0000,10.1393,0.3136,9.7177,0.2497,0.0000,1.6128,<0.0001,5.8800,0.3250,5.1320,0.1580,0.0000,2.9274,<0.0001
HM,128,10,adjusted_broad,0.0000,16.1887,1.1115,16.4568,1.0956,0.0004,-0.2441,<0.001,11.8200,1.5452,12.0680,0.6866,0.3071,-0.2074,0.307
HM,128,10,adjusted_broad,0.1000,14.5414,1.9797,14.4937,2.4101,0.7689,0.0204,0.769,10.0000,1.9391,10.2480,0.8686,0.4159,-0.1651,0.416
HM,128,10,adjusted_broad,0.2000,12.8950,2.4034,13.2310,2.2790,0.0353,-0.1461,<0.05,8.7200,2.2631,9.0720,0.9447,0.3175,-0.2030,0.317
HM,128,10,adjusted_broad,0.3000,12.2654,2.3040,12.5117,2.1314,0.1004,-0.1140,0.100,8.0800,1.8851,8.5640,0.9539,0.1120,-0.3240,0.112
HM,128,10,adjusted_broad,0.4000,11.7562,1.9232,11.9325,1.9149,0.1847,-0.0920,0.185,7.9400,1.6421,8.1560,0.7841,0.4080,-0.1679,0.408
HM,128,10,adjusted_broad,0.5000,10.8736,1.7927,11.1387,1.7517,0.0299,-0.1507,<0.05,7.1600,1.4193,7.4440,0.6540,0.2063,-0.2570,0.206
HM,128,10,adjusted_broad,0.6000,10.7975,1.8008,10.6351,1.6877,0.1701,0.0952,0.170,7.0400,1.2800,7.1480,0.6284,0.5972,-0.1071,0.597
HM,128,10,adjusted_broad,0.7000,10.5247,1.4463,10.4798,1.4656,0.6582,0.0307,0.658,6.8400,1.0837,6.9400,0.5173,0.5613,-0.1178,0.561
HM,128,10,adjusted_broad,0.8000,9.8282,1.7454,10.3096,1.4218,0.0000,-0.3251,<0.0001,6.3200,1.2400,6.9400,0.4441,0.0014,-0.6657,<0.01
HM,128,10,adjusted_broad,0.9000,9.8836,1.2448,9.7376,1.4588,0.1400,0.1024,0.140,6.5600,0.9415,6.4960,0.4422,0.6676,0.0870,0.668
HM,128,10,adjusted_broad,1.0000,8.4663,1.4904,8.3033,1.5725,0.1318,0.1045,0.132,5.7000,0.9434,5.6280,0.5307,0.6425,0.0941,0.643
HM,256,6,binary,0.0000,13.0946,0.2398,12.7112,0.1729,0.0000,2.0649,<0.0001,7.3800,0.4854,6.3200,0.2263,0.0000,2.7992,<0.0001
HM,256,6,binary,0.1000,12.6996,0.2439,12.6048,0.1730,0.0000,0.5079,<0.0001,7.6600,0.4737,6.2480,0.1723,0.0000,3.9614,<0.0001
HM,256,6,binary,0.2000,12.3314,0.2455,12.4118,0.1787,0.0000,-0.4200,<0.0001,7.7000,0.4583,6.1120,0.1608,0.0000,4.6243,<0.0001
HM,256,6,binary,0.3000,12.0047,0.2697,12.1983,0.1820,0.0000,-0.9718,<0.0001,7.5400,0.4984,6.0360,0.1308,0.0000,4.1279,<0.0001
HM,256,6,binary,0.4000,11.8349,0.2583,12.0063,0.1926,0.0000,-0.8360,<0.0001,7.5600,0.5352,6.0160,0.0880,0.0000,4.0261,<0.0001
HM,256,6,binary,0.5000,11.5565,0.2840,11.7828,0.1968,0.0000,-1.0587,<0.0001,7.3400,0.5142,6.0000,0.0693,0.0000,3.6524,<0.0001
HM,256,6,binary,0.6000,11.4334,0.2482,11.6112,0.1994,0.0000,-0.8538,<0.0001,7.3400,0.5517,6.0000,0.0400,0.0000,3.4258,<0.0001
HM,256,6,binary,0.7000,11.1355,0.2802,11.3846,0.2155,0.0000,-1.0947,<0.0001,7.0800,0.5231,5.9840,0.0543,0.0000,2.9474,<0.0001
HM,256,6,binary,0.8000,10.9785,0.2763,11.1760,0.2218,0.0000,-0.8522,<0.0001,7.0800,0.4400,5.9840,0.0543,0.0000,3.4962,<0.0001
HM,256,6,binary,0.9000,10.7734,0.2866,10.9905,0.2338,0.0000,-0.8924,<0.0001,6.9800,0.3736,5.9760,0.0650,0.0000,3.7440,<0.0001
HM,256,6,binary,1.0000,10.6658,0.2765,10.7746,0.2487,0.0000,-0.4292,<0.0001,6.9600,0.3980,5.9840,0.0543,0.0000,3.4363,<0.0001
HM,256,6,random_narrow,0.0000,13.6408,0.2353,13.2963,0.1979,0.0000,1.6843,<0.0001,7.4000,0.4899,6.8800,0.1386,0.0000,1.4444,<0.0001
HM,256,6,random_narrow,0.1000,13.2177,0.2568,13.1534,0.1884,0.0000,0.3196,<0.0001,7.4000,0.5292,6.8040,0.1979,0.0000,1.4919,<0.0001
HM,256,6,random_narrow,0.2000,12.8981,0.2690,12.9718,0.1991,0.0000,-0.3470,<0.0001,7.3800,0.4854,6.7200,0.2078,0.0000,1.7677,<0.0001
HM,256,6,random_narrow,0.3000,12.5828,0.3139,12.7431,0.2094,0.0000,-0.6965,<0.0001,7.1400,0.4477,6.6240,0.2214,0.0000,1.4612,<0.0001
HM,256,6,random_narrow,0.4000,12.3716,0.2712,12.5307,0.2138,0.0000,-0.7093,<0.0001,7.1600,0.5044,6.4720,0.2425,0.0000,1.7385,<0.0001
HM,256,6,random_narrow,0.5000,12.0558,0.2991,12.3177,0.2218,0.0000,-1.1076,<0.0001,7.0200,0.4686,6.2720,0.2182,0.0000,2.0464,<0.0001
HM,256,6,random_narrow,0.6000,11.8906,0.2938,12.1149,0.2120,0.0000,-0.9850,<0.0001,6.9200,0.3370,6.2360,0.1947,0.0000,2.4852,<0.0001
HM,256,6,random_narrow,0.7000,11.6375,0.3032,11.8899,0.2218,0.0000,-1.0636,<0.0001,6.7800,0.4142,6.0840,0.1447,0.0000,2.2432,<0.0001
HM,256,6,random_narrow,0.8000,11.4132,0.3325,11.6648,0.2398,0.0000,-0.9769,<0.0001,6.7400,0.4386,6.0480,0.1418,0.0000,2.1230,<0.0001
HM,256,6,random_narrow,0.9000,11.2498,0.2883,11.4633,0.2396,0.0000,-0.8599,<0.0001,6.7600,0.4271,6.0160,0.0967,0.0000,2.4029,<0.0001
HM,256,6,random_narrow,1.0000,11.0946,0.3062,11.2515,0.2456,0.0000,-0.6114,<0.0001,6.6800,0.4665,5.9800,0.0721,0.0000,2.0973,<0.0001
HM,256,6,random_broad,0.0000,18.3376,2.1203,19.9183,1.8629,0.0000,-0.8284,<0.0001,16.7600,3.6197,19.0160,1.3439,0.0001,-0.8263,<0.0001
HM,256,6,random_broad,0.1000,16.8102,2.7208,18.5475,2.7616,0.0000,-0.6306,<0.0001,14.4800,3.7053,17.1040,1.9055,0.0000,-0.8906,<0.0001
HM,256,6,random_broad,0.2000,15.4762,2.7178,17.0799,3.1285,0.0000,-0.5234,<0.0001,12.1200,3.2289,15.0880,2.1418,0.0000,-1.0833,<0.0001
HM,256,6,random_broad,0.3000,15.5138,2.9945,15.8940,3.2663,0.0889,-0.1180,0.089,11.8400,3.4256,13.6520,2.0019,0.0019,-0.6459,<0.01
HM,256,6,random_broad,0.4000,14.3060,2.5538,14.8537,3.2220,0.0114,-0.1755,<0.05,11.1400,2.7423,12.4000,1.8638,0.0091,-0.5374,<0.01
HM,256,6,random_broad,0.5000,14.3690,2.2487,14.4456,2.8959,0.6929,-0.0274,0.693,11.3000,3.0216,11.9120,1.5280,0.2088,-0.2556,0.209
HM,256,6,random_broad,0.6000,13.5152,2.4652,13.3942,2.7295,0.5164,0.0450,0.516,10.1000,2.6702,10.6040,1.5155,0.2533,-0.2321,0.253
HM,256,6,random_broad,0.7000,13.1559,2.6888,13.4270,2.6673,0.1434,-0.1015,0.143,9.8400,2.8168,10.8280,1.7763,0.0404,-0.4196,<0.05
HM,256,6,random_broad,0.8000,13.0674,2.0962,12.9464,2.4501,0.4663,0.0505,0.466,9.6800,2.4935,10.2440,1.2951,0.1632,-0.2839,0.163
HM,256,6,random_broad,0.9000,12.5223,2.2966,12.4909,2.2549,0.8410,0.0139,0.841,9.4200,2.5853,9.6440,1.3184,0.5902,-0.1092,0.590
HM,256,6,random_broad,1.0000,12.1348,1.9703,12.2592,2.2187,0.4108,-0.0570,0.411,8.8400,1.9734,9.6280,1.2918,0.0214,-0.4725,<0.05
HM,256,6,adjusted_narrow,0.0000,13.6499,0.2573,13.2943,0.1911,0.0000,1.7464,<0.0001,7.4000,0.4899,6.8800,0.1386,0.0000,1.4444,<0.0001
HM,256,6,adjusted_narrow,0.1000,13.1462,0.3131,13.1173,0.1953,0.0582,0.1314,0.058,7.3800,0.5250,6.7840,0.2111,0.0000,1.4897,<0.0001
HM,256,6,adjusted_narrow,0.2000,12.7311,0.2808,12.8707,0.1985,0.0000,-0.6514,<0.0001,7.2600,0.4821,6.7120,0.2197,0.0000,1.4629,<0.0001
HM,256,6,adjusted_narrow,0.3000,12.3634,0.3350,12.6037,0.2118,0.0000,-1.0150,<0.0001,7.0600,0.4652,6.5360,0.2018,0.0000,1.4615,<0.0001
HM,256,6,adjusted_narrow,0.4000,12.1479,0.2707,12.3604,0.2213,0.0000,-0.9229,<0.0001,7.0800,0.4400,6.4160,0.2556,0.0000,1.8454,<0.0001
HM,256,6,adjusted_narrow,0.5000,11.8017,0.3173,12.0932,0.2311,0.0000,-1.1779,<0.0001,7.0000,0.4000,6.1880,0.2056,0.0000,2.5534,<0.0001
HM,256,6,adjusted_narrow,0.6000,11.6214,0.3032,11.8842,0.2421,0.0000,-1.0376,<0.0001,6.7800,0.4142,6.1560,0.1757,0.0000,1.9612,<0.0001
HM,256,6,adjusted_narrow,0.7000,11.3494,0.3189,11.6244,0.2337,0.0000,-1.1005,<0.0001,6.6400,0.4800,6.0320,0.1224,0.0000,1.7358,<0.0001
HM,256,6,adjusted_narrow,0.8000,11.1934,0.3232,11.4318,0.2583,0.0000,-0.8824,<0.0001,6.6200,0.4854,6.0000,0.1327,0.0000,1.7425,<0.0001
HM,256,6,adjusted_narrow,0.9000,11.0020,0.3072,11.2284,0.2564,0.0000,-0.8525,<0.0001,6.6000,0.4899,5.9960,0.1166,0.0000,1.6963,<0.0001
HM,256,6,adjusted_narrow,1.0000,11.2039,0.3787,11.3792,0.3002,0.0000,-0.5572,<0.0001,6.8200,0.4331,6.3240,0.2259,0.0000,1.4360,<0.0001
HM,256,6,adjusted_broad,0.0000,18.3611,2.0722,19.9300,1.8566,0.0000,-0.8283,<0.0001,16.7600,3.6197,19.0160,1.3439,0.0001,-0.8263,<0.0001
HM,256,6,adjusted_broad,0.1000,12.9058,2.9703,13.3757,3.1288,0.0291,-0.1514,<0.05,9.5800,2.9939,10.2120,1.4732,0.1880,-0.2679,0.188
HM,256,6,adjusted_broad,0.2000,11.3032,2.4067,11.4564,2.2478,0.3317,-0.0673,0.332,8.1200,2.2328,8.2400,0.9457,0.7298,-0.0700,0.730
HM,256,6,adjusted_broad,0.3000,10.8725,2.0541,10.7122,1.9648,0.2431,0.0810,0.243,7.5200,1.5778,7.6440,0.8181,0.6264,-0.0987,0.626
HM,256,6,adjusted_broad,0.4000,10.1068,1.6157,10.1519,1.6507,0.6921,-0.0275,0.692,6.9600,1.2322,7.1760,0.5847,0.2703,-0.2240,0.270
HM,256,6,adjusted_broad,0.5000,10.0758,1.3823,9.9973,1.4826,0.4406,0.0535,0.441,6.9600,1.2159,6.9040,0.5219,0.7677,0.0599,0.768
HM,256,6,adjusted_broad,0.6000,9.7757,1.4416,9.5570,1.4616,0.0307,0.1500,<0.05,6.8000,1.2806,6.6520,0.4945,0.4523,0.1525,0.452
HM,256,6,adjusted_broad,0.7000,9.4805,1.4748,9.4551,1.3893,0.7942,0.0181,0.794,6.4000,1.2000,6.5440,0.5426,0.4459,-0.1546,0.446
HM,256,6,adjusted_broad,0.8000,9.5656,1.1884,9.2423,1.3494,0.0004,0.2441,<0.001,6.5000,0.9434,6.2800,0.4596,0.1454,0.2965,0.145
HM,256,6,adjusted_broad,0.9000,8.8375,1.3773,8.9298,1.3108,0.3144,-0.0698,0.314,5.9800,1.1574,6.1080,0.4703,0.4750,-0.1449,0.475
HM,256,6,adjusted_broad,1.0000,8.0470,1.3900,7.7101,1.6206,0.0022,0.2126,<0.01,5.5000,0.9434,5.3920,0.4214,0.4661,0.1478,0.466
HM,256,10,binary,0.0000,10.8058,0.2179,10.2147,0.1302,0.0000,3.9823,<0.0001,5.9000,0.3000,4.9600,0.0980,0.0000,4.2122,<0.0001
HM,256,10,binary,0.1000,10.7026,0.2225,10.1812,0.1356,0.0000,3.3970,<0.0001,5.8400,0.3666,4.9560,0.1003,0.0000,3.2892,<0.0001
HM,256,10,binary,0.2000,10.5155,0.2212,10.1170,0.1325,0.0000,2.6405,<0.0001,5.9200,0.2713,4.9400,0.1000,0.0000,4.7933,<0.0001
HM,256,10,binary,0.3000,10.3410,0.2333,10.0309,0.1367,0.0000,1.9755,<0.0001,5.9800,0.1400,4.9680,0.0733,0.0000,9.0560,<0.0001
HM,256,10,binary,0.4000,10.1063,0.2504,9.9306,0.1453,0.0000,1.0495,<0.0001,5.9400,0.2375,4.9680,0.0733,0.0000,5.5306,<0.0001
HM,256,10,binary,0.5000,9.8230,0.2629,9.8394,0.1459,0.1664,-0.0960,0.166,6.0800,0.3919,4.9680,0.0835,0.0000,3.9245,<0.0001
HM,256,10,binary,0.6000,9.6915,0.2631,9.7375,0.1656,0.0004,-0.2480,<0.001,6.0400,0.2800,4.9480,0.0877,0.0000,5.2632,<0.0001
HM,256,10,binary,0.7000,9.5758,0.2664,9.6492,0.1667,0.0000,-0.3928,<0.0001,6.0400,0.1960,4.9640,0.0768,0.0000,7.2295,<0.0001
HM,256,10,binary,0.8000,9.4716,0.2234,9.5487,0.1586,0.0000,-0.4502,<0.0001,6.0600,0.2375,4.9600,0.0894,0.0000,6.1301,<0.0001
HM,256,10,binary,0.9000,9.3744,0.2609,9.4430,0.1762,0.0000,-0.3556,<0.0001,5.9200,0.2713,4.9680,0.0733,0.0000,4.7908,<0.0001
HM,256,10,binary,1.0000,9.4632,0.2856,9.3535,0.1879,0.0000,0.5294,<0.0001,5.8800,0.3250,4.9760,0.0650,0.0000,3.8578,<0.0001
HM,256,10,random_narrow,0.0000,11.1490,0.1780,10.5986,0.1372,0.0000,3.8023,<0.0001,5.9400,0.2375,5.4440,0.2165,0.0000,2.1828,<0.0001
HM,256,10,random_narrow,0.1000,11.0383,0.1751,10.5467,0.1353,0.0000,3.4442,<0.0001,5.9600,0.1960,5.3640,0.2066,0.0000,2.9596,<0.0001
HM,256,10,random_narrow,0.2000,10.9140,0.1799,10.4809,0.1378,0.0000,2.9749,<0.0001,6.0000,0.2000,5.2400,0.2117,0.0000,3.6909,<0.0001
HM,256,10,random_narrow,0.3000,10.7675,0.1918,10.3940,0.1425,0.0000,2.4603,<0.0001,6.0400,0.2800,5.2400,0.2191,0.0000,3.1822,<0.0001
HM,256,10,random_narrow,0.4000,10.5582,0.2057,10.3014,0.1389,0.0000,1.6889,<0.0001,6.0400,0.2800,5.1000,0.1661,0.0000,4.0831,<0.0001
HM,256,10,random_narrow,0.5000,10.3284,0.1938,10.2107,0.1427,0.0000,0.7726,<0.0001,6.4200,0.4936,5.0760,0.1491,0.0000,3.6865,<0.0001
HM,256,10,random_narrow,0.6000,10.2224,0.2091,10.1132,0.1507,0.0000,0.6749,<0.0001,6.2600,0.4386,5.0760,0.1491,0.0000,3.6143,<0.0001
HM,256,10,random_narrow,0.7000,10.1148,0.2062,10.0150,0.1447,0.0000,0.6377,<0.0001,6.1400,0.3470,5.0160,0.1255,0.0000,4.3081,<0.0001
HM,256,10,random_narrow,0.8000,9.9764,0.2086,9.9295,0.1508,0.0000,0.2896,<0.0001,6.1200,0.3250,5.0040,0.0937,0.0000,4.6666,<0.0001
HM,256,10,random_narrow,0.9000,9.8756,0.2168,9.8247,0.1570,0.0000,0.3025,<0.0001,6.1200,0.3250,4.9840,0.0880,0.0000,4.7719,<0.0001
HM,256,10,random_narrow,1.0000,9.9296,0.1930,9.7365,0.1631,0.0000,1.1466,<0.0001,6.0200,0.3156,4.9440,0.1329,0.0000,4.4437,<0.0001
HM,256,10,random_broad,0.0000,17.7735,1.4346,18.3193,1.2002,0.0000,-0.4394,<0.0001,13.4800,1.9823,13.9560,1.0728,0.1425,-0.2987,0.143
HM,256,10,random_broad,0.1000,17.1575,1.7151,17.6224,2.1800,0.0015,-0.2203,<0.01,12.9800,2.6038,13.4160,1.0702,0.2810,-0.2190,0.281
HM,256,10,random_broad,0.2000,16.2294,2.0316,17.1726,2.2814,0.0000,-0.4207,<0.0001,12.0600,2.3273,12.9360,1.1009,0.0192,-0.4812,<0.05
HM,256,10,random_broad,0.3000,16.1498,2.1448,16.5979,2.1954,0.0032,-0.2049,<0.01,12.1600,2.4030,12.4920,1.0478,0.3775,-0.1791,0.378
HM,256,10,random_broad,0.4000,15.4937,2.0949,16.0559,2.4896,0.0009,-0.2315,<0.001,11.7200,2.6611,12.1160,1.1867,0.3438,-0.1922,0.344
HM,256,10,random_broad,0.5000,15.1481,1.9466,15.5046,2.5477,0.0366,-0.1450,<0.05,10.7200,2.0302,11.6440,1.3893,0.0099,-0.5312,<0.01
HM,256,10,random_broad,0.6000,14.5448,2.3499,15.0886,2.4294,0.0012,-0.2250,<0.01,9.9200,2.1245,11.4200,1.2421,0.0000,-0.8620,<0.0001
HM,256,10,random_broad,0.7000,14.6048,1.9228,14.9190,2.3078,0.0440,-0.1397,<0.05,10.5400,2.0514,10.9840,1.1460,0.1890,-0.2672,0.189
HM,256,10,random_broad,0.8000,14.0788,2.4473,14.6888,2.4782,0.0004,-0.2467,<0.001,10.0800,2.4482,10.9040,1.2174,0.0374,-0.4262,<0.05
HM,256,10,random_broad,0.9000,13.8640,2.1306,14.1257,2.4983,0.1222,-0.1072,0.122,9.8400,2.2123,10.3920,1.2490,0.1315,-0.3073,0.131
HM,256,10,random_broad,1.0000,12.6597,2.1542,13.6579,2.3854,0.0000,-0.4251,<0.0001,8.9400,1.9739,10.2200,1.1712,0.0002,-0.7887,<0.001
HM,256,10,adjusted_narrow,0.0000,11.1418,0.1584,10.6051,0.1310,0.0000,3.9484,<0.0001,5.9400,0.2375,5.4440,0.2165,0.0000,2.1828,<0.0001
HM,256,10,adjusted_narrow,0.1000,11.0032,0.1877,10.5428,0.1327,0.0000,3.2120,<0.0001,5.9200,0.2713,5.3480,0.2071,0.0000,2.3700,<0.0001
HM,256,10,adjusted_narrow,0.2000,10.8588,0.1940,10.4416,0.1322,0.0000,2.8908,<0.0001,5.9800,0.2441,5.2240,0.2103,0.0000,3.3181,<0.0001
HM,256,10,adjusted_narrow,0.3000,10.6290,0.1843,10.3278,0.1398,0.0000,2.0339,<0.0001,6.0600,0.2375,5.2160,0.2185,0.0000,3.6986,<0.0001
HM,256,10,adjusted_narrow,0.4000,10.3974,0.2189,10.2304,0.1411,0.0000,1.0659,<0.0001,6.0400,0.2800,5.0760,0.1436,0.0000,4.3323,<0.0001
HM,256,10,adjusted_narrow,0.5000,10.1148,0.2042,10.1216,0.1483,0.5387,-0.0426,0.539,6.3800,0.4854,5.0400,0.1265,0.0000,3.7780,<0.0001
HM,256,10,adjusted_narrow,0.6000,10.0004,0.2248,9.9951,0.1488,0.6418,0.0323,0.642,6.1600,0.4176,5.0280,0.1550,0.0000,3.5940,<0.0001
HM,256,10,adjusted_narrow,0.7000,9.9415,0.2319,9.9011,0.1497,0.0005,0.2435,<0.001,6.0400,0.1960,4.9760,0.1176,0.0000,6.5845,<0.0001
HM,256,10,adjusted_narrow,0.8000,9.7760,0.2208,9.7954,0.1574,0.0985,-0.1146,0.098,6.0600,0.2375,4.9840,0.0967,0.0000,5.9347,<0.0001
HM,256,10,adjusted_narrow,0.9000,9.7005,0.2015,9.7033,0.1614,0.8114,-0.0166,0.811,6.0600,0.2375,4.9760,0.0763,0.0000,6.1456,<0.0001
HM,256,10,adjusted_narrow,1.0000,10.1302,0.2609,10.0103,0.2358,0.0000,0.4992,<0.0001,6.1600,0.3666,5.3280,0.1588,0.0000,2.9451,<0.0001
HM,256,10,adjusted_broad,0.0000,17.7715,1.4190,18.3116,1.1765,0.0000,-0.4427,<0.0001,13.4800,1.9823,13.9560,1.0728,0.1425,-0.2987,0.143
HM,256,10,adjusted_broad,0.1000,14.3476,2.5022,14.4018,3.2655,0.8038,-0.0172,0.804,10.0000,2.5923,10.5600,1.4778,0.1920,-0.2654,0.192
HM,256,10,adjusted_broad,0.2000,11.7750,2.3825,12.5069,2.5985,0.0000,-0.2854,<0.0001,7.8600,1.8656,8.8120,1.0766,0.0026,-0.6251,<0.01
HM,256,10,adjusted_broad,0.3000,11.6134,1.9373,11.6118,2.0671,0.9905,0.0008,0.991,7.8800,1.6080,8.0360,0.7208,0.5369,-0.1252,0.537
HM,256,10,adjusted_broad,0.4000,11.4870,1.6890,10.9921,1.8693,0.0001,0.2689,<0.001,7.8600,1.4968,7.6080,0.7121,0.2898,0.2150,0.290
HM,256,10,adjusted_broad,0.5000,10.9301,1.4509,10.5105,1.6793,0.0002,0.2553,<0.001,7.3800,1.2147,7.1960,0.6033,0.3446,0.1919,0.345
HM,256,10,adjusted_broad,0.6000,10.1939,1.5201,10.1173,1.5069,0.4644,0.0507,0.464,6.9600,1.2322,7.0320,0.6045,0.7143,-0.0742,0.714
HM,256,10,adjusted_broad,0.7000,10.1417,1.3060,9.9292,1.3782,0.0250,0.1555,<0.05,6.9400,1.0278,6.7960,0.5299,0.3855,0.1761,0.386
HM,256,10,adjusted_broad,0.8000,9.7759,1.5422,9.7196,1.4116,0.5711,0.0393,0.571,6.6200,1.1294,6.6480,0.5390,0.8759,-0.0316,0.876
HM,256,10,adjusted_broad,0.9000,9.2586,1.5193,9.2710,1.4501,0.9023,-0.0085,0.902,6.3600,1.1960,6.3040,0.5000,0.7630,0.0611,0.763
HM,256,10,adjusted_broad,1.0000,7.4089,1.7280,7.9274,1.5926,0.0000,-0.3209,<0.0001,5.1800,1.0332,5.4880,0.5125,0.0646,-0.3777,0.065
HM,512,6,binary,0.0000,13.3074,0.1894,13.1814,0.1214,0.0000,0.9333,<0.0001,7.8000,0.4000,6.6600,0.3382,0.0000,3.0777,<0.0001
HM,512,6,binary,0.1000,12.8262,0.1964,13.0346,0.1198,0.0000,-1.5369,<0.0001,7.8400,0.3666,6.5600,0.3826,0.0000,3.4161,<0.0001
HM,512,6,binary,0.2000,12.3544,0.2054,12.7485,0.1284,0.0000,-2.7352,<0.0001,7.8000,0.4000,6.2000,0.3162,0.0000,4.4376,<0.0001
HM,512,6,binary,0.3000,12.0119,0.1934,12.4225,0.1343,0.0000,-2.8157,<0.0001,7.6800,0.5455,6.0800,0.2315,0.0000,3.8182,<0.0001
HM,512,6,binary,0.4000,11.6918,0.2095,12.1008,0.1512,0.0000,-2.5182,<0.0001,7.6400,0.4800,5.9600,0.1960,0.0000,4.5826,<0.0001
HM,512,6,binary,0.5000,11.4301,0.1848,11.7845,0.1655,0.0000,-2.0989,<0.0001,7.6800,0.4665,5.9800,0.0980,0.0000,5.0438,<0.0001
HM,512,6,binary,0.6000,11.1041,0.2165,11.4614,0.1679,0.0000,-2.0200,<0.0001,7.4000,0.4899,6.0400,0.2800,0.0000,3.4085,<0.0001
HM,512,6,binary,0.7000,10.8240,0.1878,11.1258,0.1774,0.0000,-1.6845,<0.0001,7.2400,0.4271,5.9800,0.0980,0.0000,4.0666,<0.0001
HM,512,6,binary,0.8000,10.5675,0.1974,10.8095,0.1932,0.0000,-1.2479,<0.0001,7.3200,0.5455,6.0000,0.0000,0.0000,3.4219,<0.0001
HM,512,6,binary,0.9000,10.3206,0.2110,10.4978,0.1960,0.0000,-0.8924,<0.0001,7.2400,0.5122,6.0000,0.0000,0.0000,3.4234,<0.0001
HM,512,6,binary,1.0000,10.0945,0.1916,10.2093,0.2072,0.0000,-0.5612,<0.0001,7.1200,0.4308,5.9600,0.1356,0.0000,3.6321,<0.0001
HM,512,6,random_narrow,0.0000,13.8890,0.2333,13.7820,0.1527,0.0000,0.6341,<0.0001,7.6400,0.4800,6.9600,0.1356,0.0000,1.9280,<0.0001
HM,512,6,random_narrow,0.1000,13.4187,0.2454,13.5911,0.1580,0.0000,-0.9819,<0.0001,7.5600,0.4964,6.9200,0.1833,0.0000,1.7105,<0.0001
HM,512,6,random_narrow,0.2000,12.9414,0.2462,13.2943,0.1573,0.0000,-2.0138,<0.0001,7.3200,0.5455,6.9600,0.1356,0.0029,0.9057,<0.01
HM,512,6,random_narrow,0.3000,12.5536,0.2158,12.9612,0.1587,0.0000,-2.4047,<0.0001,7.1600,0.5426,6.8200,0.2786,0.0088,0.7884,<0.01
HM,512,6,random_narrow,0.4000,12.2090,0.2394,12.6353,0.1723,0.0000,-2.3027,<0.0001,7.0800,0.3919,6.4600,0.3137,0.0000,1.7467,<0.0001
HM,512,6,random_narrow,0.5000,11.8573,0.2472,12.2946,0.1758,0.0000,-2.3074,<0.0001,6.9600,0.1960,6.4600,0.3441,0.0000,1.7857,<0.0001
HM,512,6,random_narrow,0.6000,11.5788,0.2526,11.9659,0.1822,0.0000,-1.9786,<0.0001,7.0000,0.4000,6.2200,0.3187,0.0000,2.1567,<0.0001
HM,512,6,random_narrow,0.7000,11.2860,0.2506,11.6294,0.1931,0.0000,-1.6851,<0.0001,6.9200,0.2713,6.2600,0.2871,0.0000,2.3632,<0.0001
HM,512,6,random_narrow,0.8000,11.0492,0.2351,11.3078,0.1966,0.0000,-1.2709,<0.0001,6.9600,0.3441,6.2000,0.2828,0.0000,2.4130,<0.0001
HM,512,6,random_narrow,0.9000,10.7509,0.2188,10.9830,0.2019,0.0000,-1.1332,<0.0001,6.7600,0.4271,6.0200,0.1720,0.0000,2.2729,<0.0001
HM,512,6,random_narrow,1.0000,10.5044,0.2167,10.6848,0.2077,0.0000,-0.8624,<0.0001,6.8000,0.4000,5.9600,0.1356,0.0000,2.8125,<0.0001
HM,512,6,random_broad,0.0000,19.2874,2.5234,21.8634,1.7903,0.0000,-1.3336,<0.0001,20.2000,5.2688,25.9400,3.0506,0.0000,-1.3333,<0.0001
HM,512,6,random_broad,0.1000,17.1492,3.2478,18.7677,3.9239,0.0000,-0.4237,<0.0001,16.6000,4.9153,18.9200,3.9005,0.0764,-0.5229,0.076
HM,512,6,random_broad,0.2000,15.6060,3.3248,16.6129,3.8802,0.0001,-0.2654,<0.001,13.0400,4.0643,14.8000,4.5321,0.1631,-0.4089,0.163
HM,512,6,random_broad,0.3000,14.0086,3.0408,15.2752,3.8519,0.0000,-0.3396,<0.0001,10.5200,3.7749,13.3000,4.6733,0.0279,-0.6544,<0.05
HM,512,6,random_broad,0.4000,13.2505,2.7665,14.2520,3.2327,0.0000,-0.3169,<0.0001,10.4800,3.6783,13.6800,3.1996,0.0023,-0.9283,<0.01
HM,512,6,random_broad,0.5000,13.3267,2.4837,13.2763,2.9799,0.8025,0.0173,0.802,10.4400,3.0077,10.9800,3.0149,0.5374,-0.1793,0.537
HM,512,6,random_broad,0.6000,13.4933,2.2588,12.6100,2.6815,0.0000,0.3377,<0.0001,10.8000,3.1623,10.5200,1.9260,0.7127,0.1069,0.713
HM,512,6,random_broad,0.7000,12.5021,2.7142,12.3267,2.4956,0.3182,0.0692,0.318,9.5200,2.8861,10.3800,2.6955,0.2914,-0.3080,0.291
HM,512,6,random_broad,0.8000,12.0772,2.5234,12.0146,2.2253,0.6917,0.0275,0.692,8.6800,2.2754,9.4000,2.1541,0.2659,-0.3250,0.266
HM,512,6,random_broad,0.9000,11.4460,2.3245,11.6011,2.0234,0.2815,-0.0747,0.281,8.2400,2.8182,9.0600,2.0116,0.2517,-0.3349,0.252
HM,512,6,random_broad,1.0000,11.6184,1.6482,11.4979,1.7561,0.3174,0.0693,0.317,9.6000,2.3664,9.6400,1.6463,0.9461,-0.0196,0.946
HM,512,6,adjusted_narrow,0.0000,13.8668,0.2295,13.7849,0.1506,0.0000,0.4923,<0.0001,7.6400,0.4800,6.9400,0.1625,0.0000,1.9535,<0.0001
HM,512,6,adjusted_narrow,0.1000,13.3314,0.2655,13.5252,0.1532,0.0000,-1.0956,<0.0001,7.5200,0.4996,6.8800,0.2561,0.0000,1.6121,<0.0001
HM,512,6,adjusted_narrow,0.2000,12.7254,0.2552,13.1254,0.1606,0.0000,-2.2247,<0.0001,7.2000,0.4000,6.8200,0.2400,0.0002,1.1520,<0.001
HM,512,6,adjusted_narrow,0.3000,12.2668,0.2347,12.7180,0.1638,0.0000,-2.5414,<0.0001,7.0400,0.1960,6.7000,0.2828,0.0000,1.3974,<0.0001
HM,512,6,adjusted_narrow,0.4000,11.9107,0.2540,12.3097,0.1763,0.0000,-2.0849,<0.0001,6.9200,0.3919,6.6600,0.2728,0.0104,0.7701,<0.05
HM,512,6,adjusted_narrow,0.5000,11.5032,0.2573,11.9054,0.1884,0.0000,-1.9962,<0.0001,7.0000,0.2828,6.3400,0.3382,0.0000,2.1170,<0.0001
HM,512,6,adjusted_narrow,0.6000,11.2124,0.2542,11.5380,0.1981,0.0000,-1.5615,<0.0001,6.8800,0.3250,6.3000,0.3464,0.0000,1.7269,<0.0001
HM,512,6,adjusted_narrow,0.7000,10.9036,0.2513,11.1807,0.1972,0.0000,-1.3377,<0.0001,6.8000,0.4000,6.2600,0.2871,0.0000,1.5511,<0.0001
HM,512,6,adjusted_narrow,0.8000,10.6666,0.2466,10.8554,0.2078,0.0000,-0.8794,<0.0001,6.8800,0.3250,6.1800,0.2786,0.0000,2.3129,<0.0001
HM,512,6,adjusted_narrow,0.9000,10.4361,0.2340,10.5806,0.2038,0.0000,-0.6910,<0.0001,6.7200,0.4490,6.0600,0.2939,0.0000,1.7393,<0.0001
HM,512,6,adjusted_narrow,1.0000,10.4002,0.2332,10.5444,0.2243,0.0000,-0.6384,<0.0001,6.8400,0.3666,6.6200,0.3544,0.0398,0.6102,<0.05
HM,512,6,adjusted_broad,0.0000,19.2854,2.5077,21.8558,1.8132,0.0000,-1.3209,<0.0001,20.5200,5.5506,25.3200,2.5647,0.0004,-1.1102,<0.001
HM,512,6,adjusted_broad,0.1000,11.7854,2.6803,11.7949,2.6224,0.9582,-0.0036,0.958,9.0000,2.2091,8.5000,1.5427,0.3678,0.2624,0.368
HM,512,6,adjusted_broad,0.2000,10.5219,1.9896,10.4223,1.8552,0.4446,0.0530,0.445,7.8400,1.6895,7.4400,1.2110,0.3505,0.2721,0.351
HM,512,6,adjusted_broad,0.3000,9.6762,1.6295,9.9604,1.6667,0.0137,-0.1712,<0.05,6.7200,1.6129,6.9400,1.3215,0.6076,-0.1492,0.608
HM,512,6,adjusted_broad,0.4000,9.2966,1.4588,9.6093,1.3200,0.0008,-0.2326,<0.001,6.8000,1.4697,7.0800,0.9453,0.4363,-0.2266,0.436
HM,512,6,adjusted_broad,0.5000,9.3568,1.2869,9.2563,1.2887,0.2608,0.0780,0.261,6.7200,1.2172,6.4000,0.9274,0.3107,0.2957,0.311
HM,512,6,adjusted_broad,0.6000,9.3295,0.9748,9.0022,1.1798,0.0000,0.2851,<0.0001,6.7600,0.9069,6.4800,0.6997,0.2370,0.3457,0.237
HM,512,6,adjusted_broad,0.7000,8.9545,1.2451,8.8970,1.1552,0.4787,0.0491,0.479,6.2800,1.3121,6.3400,0.8913,0.8538,-0.0535,0.854
HM,512,6,adjusted_broad,0.8000,8.6785,1.2061,8.8237,1.0641,0.0545,-0.1334,0.055,6.0400,1.1128,6.2000,0.6782,0.5504,-0.1736,0.550
HM,512,6,adjusted_broad,0.9000,8.2988,1.2560,8.4666,1.0867,0.0303,-0.1503,<0.05,5.5600,1.0613,5.9400,0.5713,0.1290,-0.4459,0.129
HM,512,6,adjusted_broad,1.0000,7.4104,1.2178,7.3487,1.4285,0.5241,0.0442,0.524,5.3200,0.9261,5.3400,0.7446,0.9346,-0.0238,0.935
HM,512,10,binary,0.0000,10.8400,0.1217,10.5088,0.0758,0.0000,3.8885,<0.0001,5.9200,0.2713,5.0400,0.1356,0.0000,4.1030,<0.0001
HM,512,10,binary,0.1000,10.6355,0.1081,10.4694,0.0753,0.0000,2.0328,<0.0001,5.8000,0.4000,5.0000,0.2000,0.0000,2.5298,<0.0001
HM,512,10,binary,0.2000,10.4120,0.1166,10.3915,0.0781,0.0006,0.2390,<0.001,5.9600,0.3441,5.0400,0.1356,0.0000,3.5177,<0.0001
HM,512,10,binary,0.3000,10.1547,0.1112,10.2785,0.0835,0.0000,-1.3957,<0.0001,6.4400,0.4964,5.0200,0.1720,0.0000,3.8225,<0.0001
HM,512,10,binary,0.4000,9.8837,0.1137,10.1331,0.0830,0.0000,-2.8074,<0.0001,6.7600,0.4271,4.9800,0.0980,0.0000,5.7449,<0.0001
HM,512,10,binary,0.5000,9.5737,0.1071,9.9864,0.0947,0.0000,-4.2608,<0.0001,7.0000,0.0000,5.0000,0.0000,0.0000,,<0.0001
HM,512,10,binary,0.6000,9.4607,0.1075,9.8346,0.1035,0.0000,-3.5881,<0.0001,6.9200,0.2713,4.9400,0.1625,0.0000,8.8548,<0.0001
HM,512,10,binary,0.7000,9.3376,0.1154,9.6769,0.1081,0.0000,-3.1032,<0.0001,6.9200,0.2713,5.0000,0.0000,0.0000,10.0087,<0.0001
HM,512,10,binary,0.8000,9.2367,0.1247,9.5395,0.1137,0.0000,-2.6186,<0.0001,6.9200,0.3919,4.9600,0.1356,0.0000,6.6835,<0.0001
HM,512,10,binary,0.9000,9.1141,0.1261,9.3966,0.1232,0.0000,-2.2850,<0.0001,6.8800,0.3250,5.0000,0.0000,0.0000,8.1816,<0.0001
HM,512,10,binary,1.0000,9.1978,0.1486,9.2540,0.1222,0.0000,-0.4426,<0.0001,6.8000,0.4000,4.9600,0.1356,0.0000,6.1608,<0.0001
HM,512,10,random_narrow,0.0000,11.2424,0.1276,10.9129,0.1097,0.0000,2.9202,<0.0001,5.9200,0.2713,5.5800,0.3370,0.0003,1.1113,<0.001
HM,512,10,random_narrow,0.1000,11.0458,0.1312,10.8510,0.1082,0.0000,1.7334,<0.0001,5.8800,0.3250,5.4200,0.3655,0.0000,1.3301,<0.0001
HM,512,10,random_narrow,0.2000,10.8320,0.1167,10.7582,0.1108,0.0000,0.6597,<0.0001,5.9200,0.2713,5.5800,0.2713,0.0001,1.2533,<0.0001
HM,512,10,random_narrow,0.3000,10.6058,0.1171,10.6453,0.1065,0.0000,-0.3648,<0.0001,6.0800,0.2713,5.2400,0.3200,0.0000,2.8316,<0.0001
HM,512,10,random_narrow,0.4000,10.3594,0.1256,10.5105,0.1067,0.0000,-1.3732,<0.0001,6.4800,0.4996,5.3200,0.3124,0.0000,2.7841,<0.0001
HM,512,10,random_narrow,0.5000,10.0624,0.1301,10.3641,0.1017,0.0000,-2.8200,<0.0001,6.4800,0.4996,5.0800,0.2315,0.0000,3.5957,<0.0001
HM,512,10,random_narrow,0.6000,9.9354,0.1404,10.2203,0.1157,0.0000,-2.3704,<0.0001,6.2000,0.4000,5.1600,0.3382,0.0000,2.8077,<0.0001
HM,512,10,random_narrow,0.7000,9.8082,0.1345,10.0747,0.1205,0.0000,-2.1676,<0.0001,6.0000,0.0000,5.0800,0.2315,0.0000,3.9738,<0.0001
HM,512,10,random_narrow,0.8000,9.6723,0.1367,9.9202,0.1239,0.0000,-1.9651,<0.0001,6.3200,0.5455,5.0600,0.2154,0.0000,3.0381,<0.0001
HM,512,10,random_narrow,0.9000,9.5574,0.1520,9.7906,0.1282,0.0000,-1.7615,<0.0001,6.2800,0.4490,5.0200,0.0980,0.0000,3.8774,<0.0001
HM,512,10,random_narrow,1.0000,9.5776,0.1601,9.6508,0.1382,0.0000,-0.5150,<0.0001,6.1200,0.4308,4.9800,0.0980,0.0000,3.6491,<0.0001
HM,512,10,random_broad,0.0000,19.3970,1.7865,20.0268,1.1492,0.0000,-0.4517,<0.0001,17.0800,2.7411,17.2800,1.7267,0.7636,-0.0873,0.764
HM,512,10,random_broad,0.1000,17.9197,3.0091,18.8386,2.3768,0.0000,-0.3528,<0.0001,15.0800,4.6383,16.1600,2.8626,0.3366,-0.2802,0.337
HM,512,10,random_broad,0.2000,17.1246,2.8742,18.0470,2.7728,0.0000,-0.3286,<0.0001,14.8000,4.3909,15.2800,2.4742,0.6429,-0.1347,0.643
HM,512,10,random_broad,0.3000,15.9842,2.6565,16.8691,2.9682,0.0001,-0.3085,<0.0001,11.7600,3.7232,13.8400,3.2178,0.0438,-0.5978,<0.05
HM,512,10,random_broad,0.4000,15.2096,2.7833,15.8680,3.2281,0.0061,-0.2133,<0.01,11.9200,3.6323,12.9800,3.0838,0.2812,-0.3146,0.281
HM,512,10,random_broad,0.5000,14.9012,2.2818,15.3575,2.7882,0.0256,-0.1735,<0.05,11.2000,3.0463,12.1200,2.4911,0.2578,-0.3306,0.258
HM,512,10,random_broad,0.6000,14.6100,2.1610,14.5419,2.7589,0.7332,0.0264,0.733,11.2800,1.7093,11.4000,1.8601,0.8170,-0.0672,0.817
HM,512,10,random_broad,0.7000,14.0319,2.4555,14.2255,2.8923,0.3650,-0.0703,0.365,10.4400,2.9944,11.3200,2.3659,0.2642,-0.3261,0.264
HM,512,10,random_broad,0.8000,13.5253,2.0906,13.2129,2.4858,0.0885,0.1323,0.088,10.1200,2.3379,10.0400,2.0587,0.9004,0.0363,0.900
HM,512,10,random_broad,0.9000,13.1544,1.7518,13.3582,2.5084,0.2503,-0.0892,0.250,9.4800,2.1563,10.5200,2.2158,0.1059,-0.4757,0.106
HM,512,10,random_broad,1.0000,12.2838,2.2146,12.7797,2.1124,0.0030,-0.2310,<0.01,9.0800,2.4645,9.7600,1.8927,0.2891,-0.3095,0.289
HM,512,10,adjusted_narrow,0.0000,11.2278,0.1204,10.9083,0.1139,0.0000,2.7513,<0.0001,5.8400,0.3666,5.6200,0.2926,0.0260,0.6633,<0.05
HM,512,10,adjusted_narrow,0.1000,11.0127,0.1230,10.8308,0.1126,0.0000,1.5663,<0.0001,5.8800,0.3250,5.3800,0.3816,0.0000,1.4108,<0.0001
HM,512,10,adjusted_narrow,0.2000,10.7337,0.1168,10.7058,0.1179,0.0022,0.2380,<0.01,5.9600,0.1960,5.4000,0.3464,0.0000,1.9899,<0.0001
HM,512,10,adjusted_narrow,0.3000,10.4522,0.1125,10.5499,0.1037,0.0000,-0.9157,<0.0001,6.0000,0.2828,5.2400,0.3774,0.0000,2.2791,<0.0001
HM,512,10,adjusted_narrow,0.4000,10.1575,0.1236,10.3733,0.1011,0.0000,-1.9774,<0.0001,6.2800,0.4490,5.3200,0.3709,0.0000,2.3311,<0.0001
HM,512,10,adjusted_narrow,0.5000,9.8217,0.1350,10.1913,0.1081,0.0000,-3.1395,<0.0001,6.2000,0.4000,5.1200,0.3250,0.0000,2.9636,<0.0001
HM,512,10,adjusted_narrow,0.6000,9.6890,0.1481,10.0270,0.1240,0.0000,-2.5500,<0.0001,6.1200,0.3250,5.0400,0.2800,0.0000,3.5607,<0.0001
HM,512,10,adjusted_narrow,0.7000,9.5655,0.1415,9.8576,0.1320,0.0000,-2.1604,<0.0001,6.1200,0.3250,5.0200,0.2638,0.0000,3.7166,<0.0001
HM,512,10,adjusted_narrow,0.8000,9.4584,0.1445,9.7310,0.1353,0.0000,-1.9701,<0.0001,6.0800,0.2713,5.0400,0.1960,0.0000,4.3948,<0.0001
HM,512,10,adjusted_narrow,0.9000,9.3671,0.1619,9.5776,0.1316,0.0000,-1.4784,<0.0001,6.0800,0.2713,4.9800,0.0980,0.0000,5.3932,<0.0001
HM,512,10,adjusted_narrow,1.0000,9.7111,0.2069,9.7493,0.1632,0.0060,-0.2136,<0.01,6.0800,0.3919,5.5800,0.3059,0.0000,1.4222,<0.0001
HM,512,10,adjusted_broad,0.0000,19.3834,1.7755,20.0152,1.1089,0.0000,-0.4621,<0.0001,17.7200,3.0003,17.0600,1.7962,0.3598,0.2669,0.360
HM,512,10,adjusted_broad,0.1000,12.8746,2.8510,13.1574,2.8565,0.2018,-0.0991,0.202,9.4800,3.0347,9.9800,2.1141,0.5110,-0.1912,0.511
HM,512,10,adjusted_broad,0.2000,11.4815,2.2999,11.7540,2.0864,0.1042,-0.1262,0.104,8.1600,2.1850,8.2600,1.4151,0.8515,-0.0543,0.852
HM,512,10,adjusted_broad,0.3000,11.0808,1.7023,10.6387,1.7326,0.0010,0.2567,<0.001,7.2800,1.6376,7.3600,1.3306,0.8534,-0.0536,0.853
HM,512,10,adjusted_broad,0.4000,10.3332,1.4167,10.1088,1.5528,0.0556,0.1487,0.056,7.3200,1.6179,7.1400,1.2290,0.6662,0.1253,0.666
HM,512,10,adjusted_broad,0.5000,9.9180,1.2811,9.7955,1.2465,0.2096,0.0974,0.210,6.8800,1.4232,6.9400,0.9831,0.8658,-0.0491,0.866
HM,512,10,adjusted_broad,0.6000,9.7238,1.0493,9.5048,1.1101,0.0098,0.2009,<0.01,6.8800,0.7652,6.7600,0.8139,0.6011,0.1519,0.601
HM,512,10,adjusted_broad,0.7000,9.4530,1.0471,9.1830,1.1565,0.0020,0.2408,<0.01,6.4800,1.2368,6.5800,0.9347,0.7534,-0.0912,0.753
HM,512,10,adjusted_broad,0.8000,9.0480,0.8911,8.8341,0.9126,0.0024,0.2362,<0.01,6.3600,1.0538,6.0600,0.7255,0.2563,0.3316,0.256
HM,512,10,adjusted_broad,0.9000,8.7898,0.8148,8.6945,1.0430,0.2070,0.0979,0.207,6.0800,0.8908,6.1200,0.6969,0.8632,-0.0500,0.863
HM,512,10,adjusted_broad,1.0000,7.1207,1.2260,7.2450,1.2448,0.1962,-0.1003,0.196,5.2400,0.9499,5.0200,0.7547,0.3788,0.2564,0.379
HM,1024,6,binary,0.0000,13.2760,0.1075,13.3765,0.0874,0.0000,-1.1038,<0.0001,7.0333,0.1826,6.5444,0.3214,0.0000,1.8703,<0.0001
HM,1024,6,binary,0.1000,12.9592,0.1520,13.1670,0.0978,0.0000,-1.9109,<0.0001,7.2333,0.4302,6.5444,0.3093,0.0000,1.8388,<0.0001
HM,1024,6,binary,0.2000,12.4873,0.1157,12.7383,0.1166,0.0000,-2.1558,<0.0001,7.4667,0.5074,6.2889,0.2868,0.0000,2.8577,<0.0001
HM,1024,6,binary,0.3000,12.0272,0.1302,12.1674,0.1151,0.0000,-1.1905,<0.0001,7.9000,0.3051,6.1333,0.2249,0.0000,6.5913,<0.0001
HM,1024,6,binary,0.4000,11.3701,0.1419,11.6257,0.0991,0.0000,-2.3789,<0.0001,8.2333,0.5040,6.0222,0.0846,0.0000,6.1187,<0.0001
HM,1024,6,binary,0.5000,10.9412,0.1400,11.1053,0.0995,0.0000,-1.5288,<0.0001,7.9333,0.5208,6.0222,0.0846,0.0000,5.1222,<0.0001
HM,1024,6,binary,0.6000,10.4728,0.1337,10.6476,0.0869,0.0000,-1.8168,<0.0001,8.0667,0.5833,6.0000,0.0000,0.0000,5.0107,<0.0001
HM,1024,6,binary,0.7000,10.0299,0.1155,10.2109,0.1000,0.0000,-1.7615,<0.0001,7.9667,0.4138,6.0000,0.0000,0.0000,6.7207,<0.0001
HM,1024,6,binary,0.8000,9.6184,0.1013,9.7975,0.0909,0.0000,-1.9312,<0.0001,7.6333,0.5561,6.0000,0.0000,0.0000,4.1541,<0.0001
HM,1024,6,binary,0.9000,9.2752,0.0958,9.4303,0.0841,0.0000,-1.7997,<0.0001,7.6333,0.4901,6.0000,0.0000,0.0000,4.7128,<0.0001
HM,1024,6,binary,1.0000,9.0142,0.0861,9.0734,0.0931,0.0000,-0.6435,<0.0001,7.4333,0.5683,6.0000,0.0000,0.0000,3.5667,<0.0001
HM,1024,6,random_narrow,0.0000,13.0160,0.1713,13.2793,0.1333,0.0000,-1.7916,<0.0001,7.8667,0.3457,7.0000,0.0000,0.0000,3.5449,<0.0001
HM,1024,6,random_narrow,0.1000,12.7380,0.1531,12.9020,0.1607,0.0000,-1.0363,<0.0001,7.9667,0.1826,7.0000,0.0000,0.0000,7.4878,<0.0001
HM,1024,6,random_narrow,0.2000,12.3329,0.1392,12.2840,0.1245,0.0000,0.3774,<0.0001,8.0333,0.1826,7.0000,0.0000,0.0000,8.0042,<0.0001
HM,1024,6,random_narrow,0.3000,11.6555,0.1798,11.5801,0.1214,0.0000,0.5251,<0.0001,8.1333,0.3457,7.0000,0.0000,0.0000,4.6357,<0.0001
HM,1024,6,random_narrow,0.4000,11.0379,0.1844,11.0590,0.1309,0.0712,-0.1401,0.071,8.7333,0.4498,7.0000,0.0000,0.0000,5.4500,<0.0001
HM,1024,6,random_narrow,0.5000,10.3864,0.1348,10.4552,0.1126,0.0000,-0.5710,<0.0001,8.1667,0.4611,7.0000,0.0000,0.0000,3.5780,<0.0001
HM,1024,6,random_narrow,0.6000,9.8482,0.1692,9.9775,0.1278,0.0000,-0.9051,<0.0001,8.1667,0.4611,7.0000,0.0000,0.0000,3.5780,<0.0001
HM,1024,6,random_narrow,0.7000,9.3928,0.0968,9.4673,0.0889,0.0000,-0.8140,<0.0001,8.0667,0.4498,7.0000,0.0000,0.0000,3.3539,<0.0001
HM,1024,6,random_narrow,0.8000,8.9983,0.1348,9.1051,0.1077,0.0000,-0.9092,<0.0001,7.9000,0.4026,7.0000,0.0000,0.0000,3.1616,<0.0001
HM,1024,6,random_narrow,0.9000,8.5529,0.1023,8.6777,0.1172,0.0000,-1.1097,<0.0001,7.6000,0.4983,6.9333,0.1729,0.0000,1.7876,<0.0001
HM,1024,6,random_narrow,1.0000,8.2940,0.0722,8.3635,0.0728,0.0000,-0.9578,<0.0001,7.7000,0.4661,6.8500,0.2980,0.0000,2.1729,<0.0001
HM,1024,6,random_broad,0.0000,16.8804,2.5340,19.8195,2.0382,0.0000,-1.3266,<0.0001,24.9000,9.8168,36.3833,4.9753,0.0000,-1.4756,<0.0001
HM,1024,6,random_broad,0.1000,14.6884,3.2356,15.7273,3.9467,0.0003,-0.2789,<0.001,18.9000,10.2161,21.9000,7.0386,0.1912,-0.3420,0.191
HM,1024,6,random_broad,0.2000,12.8545,2.3567,14.0345,3.4080,0.0000,-0.3809,<0.0001,12.7000,5.4276,16.7833,6.8187,0.0130,-0.6626,<0.05
HM,1024,6,random_broad,0.3000,12.4793,2.2225,12.1941,2.6455,0.1438,0.1135,0.144,11.5000,3.2774,12.5833,4.1690,0.2680,-0.2889,0.268
HM,1024,6,random_broad,0.4000,11.9015,2.1308,12.0138,2.1262,0.4965,-0.0528,0.496,10.7000,4.9141,12.4000,3.8088,0.1400,-0.3867,0.140
HM,1024,6,random_broad,0.5000,11.1117,1.8167,10.6071,2.1445,0.0015,0.2472,<0.01,10.9000,4.5814,9.9000,2.8327,0.3143,0.2626,0.314
HM,1024,6,random_broad,0.6000,10.7786,1.5928,10.6417,1.8265,0.3140,0.0781,0.314,10.1667,3.1523,9.8333,2.5775,0.6556,0.1158,0.656
HM,1024,6,random_broad,0.7000,10.3605,1.7641,10.1399,1.4551,0.0696,0.1410,0.070,9.4333,3.1806,9.4167,2.0132,0.9808,0.0063,0.981
HM,1024,6,random_broad,0.8000,10.2682,1.4323,9.7622,1.3397,0.0000,0.3690,<0.0001,8.9333,2.0998,9.2667,2.0916,0.5403,-0.1591,0.540
HM,1024,6,random_broad,0.9000,10.1114,1.5895,9.6523,1.4141,0.0001,0.3113,<0.0001,8.7333,2.4059,9.2667,2.6901,0.4216,-0.2090,0.422
HM,1024,6,random_broad,1.0000,9.8275,1.5047,9.4020,1.3776,0.0001,0.2994,<0.001,8.8333,2.7048,9.2333,2.1243,0.5268,-0.1645,0.527
HM,1024,6,adjusted_narrow,0.0000,13.9620,0.1398,13.9432,0.1280,0.0663,0.1427,0.066,7.9000,0.3051,7.0000,0.0000,0.0000,4.1713,<0.0001
HM,1024,6,adjusted_narrow,0.1000,13.4943,0.1637,13.6007,0.1343,0.0000,-0.7349,<0.0001,7.9667,0.1826,7.0000,0.0000,0.0000,7.4878,<0.0001
HM,1024,6,adjusted_narrow,0.2000,12.9147,0.1605,12.9453,0.1108,0.0024,-0.2362,<0.01,8.0333,0.1826,7.0000,0.0000,0.0000,8.0042,<0.0001
HM,1024,6,adjusted_narrow,0.3000,12.1717,0.1667,12.2339,0.1197,0.0000,-0.4539,<0.0001,8.2000,0.4068,7.0000,0.0000,0.0000,4.1713,<0.0001
HM,1024,6,adjusted_narrow,0.4000,11.4478,0.1682,11.6046,0.1051,0.0000,-1.2096,<0.0001,8.3667,0.4901,7.0000,0.0000,0.0000,3.9433,<0.0001
HM,1024,6,adjusted_narrow,0.5000,10.8535,0.1225,11.0381,0.1109,0.0000,-1.6065,<0.0001,8.1333,0.4342,7.0000,0.0000,0.0000,3.6916,<0.0001
HM,1024,6,adjusted_narrow,0.6000,10.3600,0.1362,10.5427,0.0942,0.0000,-1.6611,<0.0001,7.9333,0.4498,7.0000,0.0000,0.0000,2.9346,<0.0001
HM,1024,6,adjusted_narrow,0.7000,9.9141,0.1232,10.0880,0.0962,0.0000,-1.6418,<0.0001,7.9000,0.6618,7.0000,0.0000,0.0000,1.9233,<0.0001
HM,1024,6,adjusted_narrow,0.8000,9.5497,0.0987,9.7004,0.0856,0.0000,-1.6711,<0.0001,7.7000,0.5960,7.0000,0.0000,0.0000,1.6611,<0.0001
HM,1024,6,adjusted_narrow,0.9000,9.2359,0.1082,9.3909,0.0838,0.0000,-1.6739,<0.0001,7.4667,0.5074,6.9167,0.1895,0.0000,1.4360,<0.0001
HM,1024,6,adjusted_narrow,1.0000,9.1486,0.0955,9.2133,0.0908,0.0000,-0.6996,<0.0001,7.7333,0.4498,7.1667,0.3032,0.0000,1.4773,<0.0001
HM,1024,6,adjusted_broad,0.0000,18.8819,3.1727,22.6977,2.4137,0.0000,-1.4184,<0.0001,24.5667,10.4211,37.3000,5.3845,0.0000,-1.5352,<0.0001
HM,1024,6,adjusted_broad,0.1000,10.8458,2.3067,10.5369,2.1893,0.0745,0.1386,0.074,8.5000,2.8254,8.1833,1.8914,0.6122,0.1317,0.612
HM,1024,6,adjusted_broad,0.2000,9.7276,1.4552,9.5620,1.3359,0.1216,0.1202,0.122,7.0000,1.5086,7.3833,1.1573,0.2743,-0.2851,0.274
HM,1024,6,adjusted_broad,0.3000,9.5089,0.9779,8.8641,1.0913,0.0000,0.6112,<0.0001,7.1000,1.3983,6.8333,1.0029,0.3998,0.2192,0.400
HM,1024,6,adjusted_broad,0.4000,9.0741,1.0821,8.9467,0.7884,0.0674,0.1421,0.067,7.1000,1.5833,7.0333,0.8193,0.8387,0.0529,0.839
HM,1024,6,adjusted_broad,0.5000,8.6791,0.7855,8.4005,0.9044,0.0000,0.3215,<0.0001,6.7333,1.1725,6.3667,0.9371,0.1864,0.3455,0.186
HM,1024,6,adjusted_broad,0.6000,8.4648,0.6946,8.4271,0.7828,0.5194,0.0500,0.519,6.6333,1.4259,6.4833,0.7368,0.6113,0.1322,0.611
HM,1024,6,adjusted_broad,0.7000,8.2579,0.7754,8.2512,0.5806,0.8946,0.0103,0.895,6.3333,1.2685,6.4667,0.9463,0.6463,-0.1191,0.646
HM,1024,6,adjusted_broad,0.8000,8.0862,0.5672,8.1232,0.5566,0.3942,-0.0661,0.394,6.2667,0.9072,6.4333,0.7626,0.4444,-0.1989,0.444
HM,1024,6,adjusted_broad,0.9000,7.9492,0.6957,7.9062,0.6036,0.3831,0.0677,0.383,6.1000,1.0939,6.0500,0.8842,0.8463,0.0503,0.846
HM,1024,6,adjusted_broad,1.0000,6.8688,1.0223,6.7799,1.1371,0.2976,0.0808,0.298,5.2333,1.1651,5.4500,0.9035,0.4244,-0.2078,0.424
HM,1024,10,binary,0.0000,10.6606,0.0947,10.6417,0.0499,0.0000,0.3154,<0.0001,6.0000,0.0000,5.0667,0.1614,0.0000,5.7823,<0.0001
HM,1024,10,binary,0.1000,10.4841,0.0677,10.5882,0.0542,0.0000,-1.8368,<0.0001,6.0000,0.0000,5.0444,0.1152,0.0000,8.2913,<0.0001
HM,1024,10,binary,0.2000,10.3064,0.0764,10.4797,0.0603,0.0000,-2.7402,<0.0001,6.1000,0.3051,5.0000,0.0000,0.0000,5.0983,<0.0001
HM,1024,10,binary,0.3000,10.0384,0.0907,10.3191,0.0610,0.0000,-4.1963,<0.0001,6.5333,0.5074,5.0000,0.0000,0.0000,4.2735,<0.0001
HM,1024,10,binary,0.4000,9.7012,0.0863,10.1004,0.0702,0.0000,-5.4575,<0.0001,7.0000,0.0000,5.0000,0.0000,0.0000,,<0.0001
HM,1024,10,binary,0.5000,9.4356,0.0645,9.8593,0.0791,0.0000,-5.5118,<0.0001,7.7667,0.4302,5.0000,0.0000,0.0000,9.0953,<0.0001
HM,1024,10,binary,0.6000,9.3052,0.0676,9.5939,0.0892,0.0000,-3.3572,<0.0001,7.7000,0.4661,5.0000,0.0000,0.0000,8.1923,<0.0001
HM,1024,10,binary,0.7000,9.1537,0.0762,9.3153,0.0901,0.0000,-1.8375,<0.0001,7.3667,0.4901,5.0000,0.0000,0.0000,6.8287,<0.0001
HM,1024,10,binary,0.8000,8.9819,0.0814,9.0615,0.0760,0.0000,-1.0352,<0.0001,7.2667,0.4498,5.0000,0.0000,0.0000,7.1270,<0.0001
HM,1024,10,binary,0.9000,8.7938,0.0842,8.8333,0.0702,0.0000,-0.5435,<0.0001,7.2000,0.4068,5.0000,0.0000,0.0000,7.6474,<0.0001
HM,1024,10,binary,1.0000,8.7180,0.0811,8.6172,0.0757,0.0000,1.3149,<0.0001,7.0333,0.1826,5.0000,0.0000,0.0000,15.7501,<0.0001
HM,1024,10,random_narrow,0.0000,10.4665,0.0928,10.5516,0.0769,0.0000,-1.0308,<0.0001,6.0000,0.0000,6.0000,0.0000,,,NaN
HM,1024,10,random_narrow,0.1000,10.3116,0.1238,10.4633,0.0862,0.0000,-1.5130,<0.0001,6.2000,0.4068,6.0000,0.0000,0.0117,0.6952,<0.05
HM,1024,10,random_narrow,0.2000,10.0446,0.1412,10.2446,0.1149,0.0000,-1.6095,<0.0001,6.7667,0.4302,6.0000,0.0000,0.0000,2.5204,<0.0001
HM,1024,10,random_narrow,0.3000,9.7736,0.0664,9.9083,0.1322,0.0000,-1.1753,<0.0001,7.0000,0.0000,6.0000,0.0000,0.0000,,<0.0001
HM,1024,10,random_narrow,0.4000,9.5769,0.0662,9.5525,0.0837,0.0001,0.3109,<0.0001,7.1333,0.3457,6.0000,0.0000,0.0000,4.6357,<0.0001
HM,1024,10,random_narrow,0.5000,9.2785,0.1116,9.2949,0.0869,0.0273,-0.1716,<0.05,7.8333,0.3790,6.0000,0.0000,0.0000,6.8401,<0.0001
HM,1024,10,random_narrow,0.6000,9.0001,0.1329,8.9807,0.1174,0.0418,0.1582,<0.05,7.7667,0.4302,5.9833,0.0913,0.0000,5.7349,<0.0001
HM,1024,10,random_narrow,0.7000,8.7005,0.1284,8.6921,0.0887,0.2962,0.0811,0.296,7.7667,0.4302,6.0000,0.0000,0.0000,5.8079,<0.0001
HM,1024,10,random_narrow,0.8000,8.4588,0.0765,8.5031,0.0608,0.0000,-0.6667,<0.0001,7.7000,0.4661,5.9333,0.1729,0.0000,5.0259,<0.0001
HM,1024,10,random_narrow,0.9000,8.2303,0.0954,8.3197,0.0775,0.0000,-1.0658,<0.0001,7.4667,0.5074,5.8500,0.2330,0.0000,4.0946,<0.0001
HM,1024,10,random_narrow,1.0000,8.0334,0.1098,8.0920,0.1017,0.0000,-0.5612,<0.0001,7.1667,0.4611,5.6333,0.2916,0.0000,3.9743,<0.0001
HM,1024,10,random_broad,0.0000,17.9046,1.8916,19.0656,1.0876,0.0000,-0.8250,<0.0001,22.6000,3.7747,23.6667,2.8897,0.2244,-0.3173,0.224
HM,1024,10,random_broad,0.1000,15.5559,2.3918,16.7757,3.3841,0.0000,-0.3948,<0.0001,17.1000,5.1685,19.6333,4.2140,0.0421,-0.5372,<0.05
HM,1024,10,random_broad,0.2000,14.5351,2.7781,15.8013,3.1603,0.0000,-0.4167,<0.0001,14.0667,5.1924,17.3000,4.4501,0.0122,-0.6687,<0.05
HM,1024,10,random_broad,0.3000,13.7904,2.5173,14.9617,3.2217,0.0000,-0.3897,<0.0001,13.8000,4.6342,16.6833,4.1533,0.0139,-0.6553,<0.05
HM,1024,10,random_broad,0.4000,13.2977,2.0709,14.0987,2.5716,0.0000,-0.3315,<0.0001,12.9667,3.6998,14.3667,3.9325,0.1609,-0.3667,0.161
HM,1024,10,random_broad,0.5000,12.4197,1.9106,12.9025,2.7756,0.0138,-0.1915,<0.05,10.7667,2.8610,11.9833,3.1907,0.1255,-0.4015,0.125
HM,1024,10,random_broad,0.6000,11.9532,1.7908,12.3673,2.5882,0.0236,-0.1760,<0.05,10.3000,2.8786,12.0500,2.9895,0.0245,-0.5963,<0.05
HM,1024,10,random_broad,0.7000,11.6828,2.3130,11.9564,2.2922,0.1253,-0.1190,0.125,10.0000,2.9243,12.7833,3.5469,0.0016,-0.8563,<0.01
HM,1024,10,random_broad,0.8000,10.9935,1.8501,11.5393,1.8976,0.0002,-0.2900,<0.001,10.2333,3.9012,11.1333,3.7346,0.3652,-0.2357,0.365
HM,1024,10,random_broad,0.9000,11.3072,1.7053,11.1392,1.8105,0.2229,0.0946,0.223,9.8000,2.7965,10.1000,1.9888,0.6341,-0.1236,0.634
HM,1024,10,random_broad,1.0000,11.4356,1.4160,10.7666,1.7029,0.0000,0.4148,<0.0001,11.3667,3.9522,10.3333,2.4295,0.2284,0.3150,0.228
HM,1024,10,adjusted_narrow,0.0000,11.1287,0.0979,10.9849,0.1018,0.0000,1.4302,<0.0001,6.0000,0.0000,6.0000,0.0000,,,NaN
HM,1024,10,adjusted_narrow,0.1000,10.9032,0.1129,10.8856,0.1036,0.0339,0.1648,<0.05,6.4333,0.5040,6.0000,0.0000,0.0001,1.2159,<0.0001
HM,1024,10,adjusted_narrow,0.2000,10.6047,0.0840,10.6907,0.0903,0.0000,-0.9752,<0.0001,6.9000,0.3051,6.0000,0.0000,0.0000,4.1713,<0.0001
HM,1024,10,adjusted_narrow,0.3000,10.3493,0.0765,10.4518,0.0636,0.0000,-1.5035,<0.0001,7.0000,0.0000,6.0000,0.0000,0.0000,,<0.0001
HM,1024,10,adjusted_narrow,0.4000,9.9938,0.0997,10.1873,0.0648,0.0000,-2.4753,<0.0001,7.1000,0.3051,6.0000,0.0000,0.0000,5.0983,<0.0001
HM,1024,10,adjusted_narrow,0.5000,9.6104,0.0959,9.9120,0.0690,0.0000,-3.8190,<0.0001,7.7667,0.4302,5.9833,0.0913,0.0000,5.7349,<0.0001
HM,1024,10,adjusted_narrow,0.6000,9.4409,0.0857,9.6247,0.0782,0.0000,-2.2757,<0.0001,7.6667,0.4795,5.9667,0.1269,0.0000,4.8475,<0.0001
HM,1024,10,adjusted_narrow,0.7000,9.2616,0.0693,9.3335,0.0884,0.0000,-0.8718,<0.0001,7.5333,0.5074,5.9333,0.1729,0.0000,4.2211,<0.0001
HM,1024,10,adjusted_narrow,0.8000,9.0801,0.0694,9.0916,0.0757,0.0450,-0.1558,<0.05,7.4000,0.6215,5.6667,0.3556,0.0000,3.4236,<0.0001
HM,1024,10,adjusted_narrow,0.9000,8.8958,0.0714,8.8895,0.0729,0.2591,0.0876,0.259,7.3000,0.5350,5.7500,0.3149,0.0000,3.5312,<0.0001
HM,1024,10,adjusted_narrow,1.0000,8.9120,0.0832,8.9137,0.0695,0.7789,-0.0218,0.779,7.2000,0.4068,6.0000,0.0000,0.0000,4.1713,<0.0001
HM,1024,10,adjusted_broad,0.0000,19.8584,2.0687,21.1451,1.2004,0.0000,-0.8330,<0.0001,22.2667,4.3544,23.4333,2.6901,0.2179,-0.3224,0.218
HM,1024,10,adjusted_broad,0.1000,11.3412,2.2534,11.5805,2.6550,0.2227,-0.0947,0.223,8.9333,2.6773,9.4000,2.0017,0.4478,-0.1974,0.448
HM,1024,10,adjusted_broad,0.2000,10.3380,1.5968,10.3909,1.7823,0.6923,-0.0307,0.692,7.7667,2.2079,8.0000,1.3261,0.6220,-0.1281,0.622
HM,1024,10,adjusted_broad,0.3000,9.7408,1.3883,9.8178,1.4366,0.4849,-0.0542,0.485,7.2667,1.4840,7.9167,1.3524,0.0815,-0.4578,0.081
HM,1024,10,adjusted_broad,0.4000,9.5167,1.1357,9.3822,0.9449,0.0871,0.1329,0.087,7.3333,1.2685,7.5500,1.1988,0.4993,-0.1756,0.499
HM,1024,10,adjusted_broad,0.5000,9.2125,1.0340,8.8994,1.0728,0.0002,0.2954,<0.001,7.1667,1.0854,6.9167,0.9567,0.3479,0.2444,0.348
HM,1024,10,adjusted_broad,0.6000,8.6995,0.8001,8.6103,0.8918,0.1826,0.1035,0.183,6.7333,1.3629,6.8500,0.8320,0.6908,-0.1033,0.691
HM,1024,10,adjusted_broad,0.7000,8.3548,0.9723,8.5160,0.7602,0.0132,-0.1926,<0.05,6.4000,1.4044,7.1333,0.8802,0.0191,-0.6257,<0.05
HM,1024,10,adjusted_broad,0.8000,8.0505,0.6855,8.3498,0.6744,0.0000,-0.4414,<0.0001,6.3000,1.2635,6.5667,0.8380,0.3400,-0.2487,0.340
HM,1024,10,adjusted_broad,0.9000,8.1034,0.5983,8.1527,0.6505,0.3163,-0.0778,0.316,6.4667,1.3578,6.3000,0.9248,0.5809,0.1435,0.581
HM,1024,10,adjusted_broad,1.0000,7.2217,0.9300,6.9189,1.1272,0.0003,0.2841,<0.001,5.4667,1.0743,5.1333,0.8298,0.1842,0.3473,0.184
HCP,64,6,binary,0.0000,10.5194,0.2922,11.0361,0.2646,0.0000,-1.9176,<0.0001,5.8800,0.3250,5.9560,0.1080,0.1235,-0.3139,0.124
HCP,64,6,binary,0.1000,10.2714,0.2995,10.9749,0.2758,0.0000,-2.5137,<0.0001,5.7200,0.4490,5.9560,0.0920,0.0005,-0.7282,<0.001
HCP,64,6,binary,0.2000,10.1282,0.3109,10.8341,0.2724,0.0000,-2.5289,<0.0001,5.5600,0.5352,5.9280,0.1184,0.0000,-0.9495,<0.0001
HCP,64,6,binary,0.3000,10.0355,0.2981,10.7428,0.2838,0.0000,-2.4715,<0.0001,5.5800,0.5325,5.9320,0.1363,0.0000,-0.9056,<0.0001
HCP,64,6,binary,0.4000,9.8868,0.3101,10.6102,0.2773,0.0000,-2.5559,<0.0001,5.4000,0.5292,5.8960,0.1280,0.0000,-1.2885,<0.0001
HCP,64,6,binary,0.5000,9.8000,0.2618,10.4949,0.2830,0.0000,-2.4858,<0.0001,5.2600,0.4386,5.8640,0.1572,0.0000,-1.8332,<0.0001
HCP,64,6,binary,0.6000,9.7655,0.3274,10.3703,0.2804,0.0000,-2.0944,<0.0001,5.2600,0.4386,5.8040,0.1854,0.0000,-1.6155,<0.0001
HCP,64,6,binary,0.7000,9.5725,0.3141,10.2644,0.2763,0.0000,-2.4454,<0.0001,5.2800,0.4490,5.7560,0.1802,0.0000,-1.3914,<0.0001
HCP,64,6,binary,0.8000,9.5176,0.3052,10.1456,0.2753,0.0000,-2.2390,<0.0001,5.1600,0.4176,5.7080,0.1707,0.0000,-1.7178,<0.0001
HCP,64,6,binary,0.9000,9.4387,0.3334,10.0179,0.2752,0.0000,-2.0271,<0.0001,5.1200,0.3250,5.6280,0.2191,0.0000,-1.8330,<0.0001
HCP,64,6,binary,1.0000,9.4075,0.2996,9.8889,0.2725,0.0000,-1.7367,<0.0001,5.0800,0.2713,5.5680,0.2379,0.0000,-1.9128,<0.0001
HCP,64,6,random_narrow,0.0000,11.0368,0.3460,11.6571,0.3160,0.0000,-1.9310,<0.0001,6.0400,0.2800,6.2000,0.1876,0.0013,-0.6713,<0.01
HCP,64,6,random_narrow,0.1000,10.8612,0.3302,11.5855,0.3058,0.0000,-2.3362,<0.0001,5.9400,0.2375,6.1840,0.1689,0.0000,-1.1840,<0.0001
HCP,64,6,random_narrow,0.2000,10.7536,0.3622,11.4352,0.3280,0.0000,-2.0411,<0.0001,5.9000,0.3000,6.1080,0.1610,0.0000,-0.8639,<0.0001
HCP,64,6,random_narrow,0.3000,10.5288,0.3154,11.3526,0.3321,0.0000,-2.5009,<0.0001,5.8400,0.3666,6.0840,0.1604,0.0000,-0.8623,<0.0001
HCP,64,6,random_narrow,0.4000,10.4094,0.3987,11.2216,0.3337,0.0000,-2.3521,<0.0001,5.8200,0.3842,6.0280,0.1600,0.0007,-0.7068,<0.001
HCP,64,6,random_narrow,0.5000,10.3308,0.3485,11.1047,0.3337,0.0000,-2.3019,<0.0001,5.8200,0.3842,6.0240,0.1176,0.0006,-0.7181,<0.001
HCP,64,6,random_narrow,0.6000,10.2568,0.3637,10.9646,0.3477,0.0000,-2.0199,<0.0001,5.7800,0.4142,5.9680,0.0926,0.0025,-0.6264,<0.01
HCP,64,6,random_narrow,0.7000,10.1615,0.3464,10.8661,0.3345,0.0000,-2.0936,<0.0001,5.6800,0.4665,5.9760,0.1031,0.0000,-0.8762,<0.0001
HCP,64,6,random_narrow,0.8000,9.9854,0.3639,10.7608,0.3309,0.0000,-2.3037,<0.0001,5.4800,0.4996,5.9440,0.1134,0.0000,-1.2808,<0.0001
HCP,64,6,random_narrow,0.9000,9.9192,0.3584,10.6258,0.3345,0.0000,-2.0867,<0.0001,5.4800,0.5381,5.9080,0.1454,0.0000,-1.0858,<0.0001
HCP,64,6,random_narrow,1.0000,9.9554,0.3793,10.4848,0.3338,0.0000,-1.5489,<0.0001,5.5800,0.4936,5.8960,0.1216,0.0000,-0.8792,<0.0001
HCP,64,6,random_broad,0.0000,14.5166,1.1298,15.1207,1.3428,0.0000,-0.4612,<0.0001,11.0400,1.4827,11.4000,0.6248,0.1205,-0.3164,0.121
HCP,64,6,random_broad,0.1000,14.1631,1.3009,14.7247,1.6043,0.0000,-0.3604,<0.0001,10.5000,1.2845,10.8880,0.6683,0.0637,-0.3790,0.064
HCP,64,6,random_broad,0.2000,13.8788,1.6761,14.4452,1.9052,0.0000,-0.3031,<0.0001,10.3000,1.6523,10.5000,0.7432,0.4415,-0.1561,0.442
HCP,64,6,random_broad,0.3000,13.1510,1.5406,13.9939,1.8573,0.0000,-0.4660,<0.0001,9.5000,1.7464,10.1560,0.7136,0.0167,-0.4917,<0.05
HCP,64,6,random_broad,0.4000,13.2915,1.3371,13.5912,1.8124,0.0132,-0.1720,<0.05,9.4000,1.2961,9.9440,0.7398,0.0123,-0.5155,<0.05
HCP,64,6,random_broad,0.5000,12.6410,1.9906,13.5555,1.8729,0.0000,-0.4831,<0.0001,8.9000,1.7349,9.7560,0.8259,0.0024,-0.6300,<0.01
HCP,64,6,random_broad,0.6000,12.7102,1.3627,13.3321,1.6865,0.0000,-0.3799,<0.0001,8.9400,1.1901,9.5080,0.8141,0.0069,-0.5571,<0.01
HCP,64,6,random_broad,0.7000,12.5160,1.4882,12.9014,1.8655,0.0021,-0.2132,<0.01,8.9000,1.3454,9.1160,0.7580,0.3299,-0.1978,0.330
HCP,64,6,random_broad,0.8000,12.6010,1.4137,12.7796,1.8709,0.1533,-0.0990,0.153,8.7600,1.4500,9.1160,0.8021,0.1358,-0.3038,0.136
HCP,64,6,random_broad,0.9000,12.4040,1.5112,12.6181,1.6735,0.0610,-0.1300,0.061,8.7800,1.3006,8.9120,0.6999,0.5330,-0.1264,0.533
HCP,64,6,random_broad,1.0000,12.0114,1.6443,12.4895,1.7331,0.0001,-0.2782,<0.0001,8.4200,1.4845,8.7360,0.7853,0.1909,-0.2661,0.191
HCP,64,6,adjusted_narrow,0.0000,11.0618,0.3568,11.6648,0.3088,0.0000,-1.9003,<0.0001,6.0400,0.2800,6.2000,0.1876,0.0013,-0.6713,<0.01
HCP,64,6,adjusted_narrow,0.1000,10.7992,0.3359,11.5704,0.3139,0.0000,-2.4281,<0.0001,5.9400,0.2375,6.1600,0.1744,0.0000,-1.0560,<0.0001
HCP,64,6,adjusted_narrow,0.2000,10.6882,0.3720,11.3918,0.3262,0.0000,-2.1048,<0.0001,5.8600,0.3470,6.0840,0.1501,0.0001,-0.8379,<0.0001
HCP,64,6,adjusted_narrow,0.3000,10.4565,0.3623,11.2869,0.3263,0.0000,-2.4971,<0.0001,5.8200,0.3842,6.0840,0.1501,0.0000,-0.9051,<0.0001
HCP,64,6,adjusted_narrow,0.4000,10.3382,0.3938,11.1281,0.3326,0.0000,-2.2990,<0.0001,5.7200,0.4490,6.0200,0.1400,0.0000,-0.9021,<0.0001
HCP,64,6,adjusted_narrow,0.5000,10.2265,0.3034,10.9708,0.3406,0.0000,-2.2234,<0.0001,5.7600,0.4271,5.9720,0.1386,0.0013,-0.6677,<0.01
HCP,64,6,adjusted_narrow,0.6000,10.1870,0.3498,10.8175,0.3307,0.0000,-1.8881,<0.0001,5.6400,0.4800,5.9480,0.1044,0.0000,-0.8867,<0.0001
HCP,64,6,adjusted_narrow,0.7000,10.0438,0.3480,10.7177,0.3395,0.0000,-1.9767,<0.0001,5.6600,0.4737,5.9600,0.1131,0.0000,-0.8711,<0.0001
HCP,64,6,adjusted_narrow,0.8000,9.9241,0.3722,10.6013,0.3415,0.0000,-1.9528,<0.0001,5.4400,0.5352,5.9120,0.1608,0.0000,-1.1945,<0.0001
HCP,64,6,adjusted_narrow,0.9000,9.8475,0.3719,10.4864,0.3388,0.0000,-1.8545,<0.0001,5.4000,0.4899,5.8760,0.1594,0.0000,-1.3066,<0.0001
HCP,64,6,adjusted_narrow,1.0000,10.1315,0.4034,10.6060,0.3666,0.0000,-1.2723,<0.0001,5.7400,0.4386,5.9400,0.1281,0.0028,-0.6190,<0.01
HCP,64,6,adjusted_broad,0.0000,14.5288,1.1552,15.1393,1.3560,0.0000,-0.4608,<0.0001,11.0400,1.4827,11.4000,0.6248,0.1205,-0.3164,0.121
HCP,64,6,adjusted_broad,0.1000,13.2290,1.7965,13.4907,2.1761,0.0749,-0.1236,0.075,9.3000,1.7578,9.6000,0.7859,0.2781,-0.2203,0.278
HCP,64,6,adjusted_broad,0.2000,12.0775,1.8830,12.2705,2.2723,0.2085,-0.0872,0.208,8.6200,1.6839,8.4880,0.7748,0.6193,0.1007,0.619
HCP,64,6,adjusted_broad,0.3000,11.0991,1.7683,11.5726,2.1368,0.0010,-0.2276,<0.01,7.6400,1.5461,7.9800,0.6478,0.1588,-0.2868,0.159
HCP,64,6,adjusted_broad,0.4000,11.0130,1.5466,10.7689,1.8916,0.0557,0.1328,0.056,7.5000,1.4036,7.3360,0.6758,0.4629,0.1489,0.463
HCP,64,6,adjusted_broad,0.5000,9.9944,1.6691,10.7174,1.7477,0.0000,-0.4167,<0.0001,6.7200,1.2496,7.2480,0.6007,0.0090,-0.5385,<0.01
HCP,64,6,adjusted_broad,0.6000,10.5384,1.4919,10.4362,1.5525,0.3392,0.0663,0.339,6.9400,1.2068,6.9200,0.5499,0.9161,0.0213,0.916
HCP,64,6,adjusted_broad,0.7000,9.9035,1.4794,10.0002,1.5330,0.3599,-0.0635,0.360,6.5200,1.0438,6.6520,0.5540,0.4362,-0.1580,0.436
HCP,64,6,adjusted_broad,0.8000,9.8727,1.3452,9.7368,1.7262,0.2404,0.0814,0.240,6.4400,0.9415,6.4360,0.5792,0.9798,0.0051,0.980
HCP,64,6,adjusted_broad,0.9000,9.5169,1.4763,9.4065,1.6220,0.3196,0.0690,0.320,6.3000,1.1358,6.2320,0.4584,0.6984,0.0785,0.698
HCP,64,6,adjusted_broad,1.0000,8.7222,1.9688,8.6144,1.7459,0.3839,0.0604,0.384,5.8200,1.2440,5.7400,0.5235,0.6791,0.0838,0.679
HCP,64,10,binary,0.0000,8.9056,0.2177,9.0412,0.2105,0.0000,-0.6403,<0.0001,4.9400,0.2375,4.9800,0.0600,0.2558,-0.2309,0.256
HCP,64,10,binary,0.1000,8.7830,0.2134,9.0215,0.2011,0.0000,-1.1735,<0.0001,4.9800,0.1400,4.9840,0.0543,0.8525,-0.0377,0.852
HCP,64,10,binary,0.2000,8.6950,0.2180,8.9683,0.2059,0.0000,-1.3146,<0.0001,4.9600,0.1960,4.9840,0.0543,0.4107,-0.1669,0.411
HCP,64,10,binary,0.3000,8.6876,0.2170,8.9162,0.2012,0.0000,-1.1208,<0.0001,4.9800,0.1400,4.9600,0.0894,0.4014,0.1703,0.401
HCP,64,10,binary,0.4000,8.5833,0.2196,8.8731,0.2099,0.0000,-1.3698,<0.0001,4.9200,0.2713,4.9600,0.0894,0.3294,-0.1980,0.329
HCP,64,10,binary,0.5000,8.5214,0.2184,8.8209,0.2059,0.0000,-1.4397,<0.0001,4.9400,0.2375,4.9720,0.0801,0.3736,-0.1806,0.374
HCP,64,10,binary,0.6000,8.4988,0.2361,8.7488,0.2072,0.0000,-1.1780,<0.0001,4.8600,0.3470,4.9680,0.0733,0.0355,-0.4307,<0.05
HCP,64,10,binary,0.7000,8.4498,0.2021,8.6730,0.1979,0.0000,-1.1237,<0.0001,4.8800,0.3250,4.9720,0.0801,0.0572,-0.3887,0.057
HCP,64,10,binary,0.8000,8.3984,0.2374,8.6250,0.2127,0.0000,-1.0443,<0.0001,4.9000,0.3000,4.9400,0.1077,0.3819,-0.1775,0.382
HCP,64,10,binary,0.9000,8.3477,0.1911,8.5609,0.2105,0.0000,-1.0280,<0.0001,4.8200,0.3842,4.9400,0.1077,0.0378,-0.4253,<0.05
HCP,64,10,binary,1.0000,8.3194,0.1849,8.4890,0.2115,0.0000,-0.8186,<0.0001,4.8600,0.3470,4.9360,0.1015,0.1444,-0.2973,0.144
HCP,64,10,random_narrow,0.0000,9.3762,0.2375,9.5391,0.2383,0.0000,-0.6838,<0.0001,5.0000,0.2000,5.0520,0.0964,0.1043,-0.3312,0.104
HCP,64,10,random_narrow,0.1000,9.2694,0.2639,9.5145,0.2337,0.0000,-1.0260,<0.0001,4.9400,0.2375,5.0520,0.0964,0.0029,-0.6180,<0.01
HCP,64,10,random_narrow,0.2000,9.1666,0.2169,9.4461,0.2355,0.0000,-1.2021,<0.0001,4.9800,0.2441,5.0160,0.0967,0.3395,-0.1939,0.340
HCP,64,10,random_narrow,0.3000,9.1850,0.2445,9.4015,0.2377,0.0000,-0.9061,<0.0001,5.0000,0.2000,5.0120,0.1013,0.7087,-0.0757,0.709
HCP,64,10,random_narrow,0.4000,9.0669,0.2585,9.3565,0.2301,0.0000,-1.2322,<0.0001,4.9800,0.1400,4.9840,0.0967,0.8696,-0.0333,0.870
HCP,64,10,random_narrow,0.5000,8.9785,0.2324,9.2929,0.2311,0.0000,-1.3590,<0.0001,5.0000,0.0000,5.0080,0.0560,0.3222,-0.1429,0.322
HCP,64,10,random_narrow,0.6000,8.9754,0.2461,9.2295,0.2352,0.0000,-1.0721,<0.0001,5.0000,0.0000,4.9680,0.0926,0.0193,0.3455,<0.05
HCP,64,10,random_narrow,0.7000,8.9069,0.2568,9.1821,0.2416,0.0000,-1.1267,<0.0001,4.9600,0.1960,4.9760,0.0763,0.5955,-0.1076,0.596
HCP,64,10,random_narrow,0.8000,8.8495,0.2480,9.1084,0.2325,0.0000,-1.1012,<0.0001,5.0000,0.0000,4.9520,0.1100,0.0036,0.4364,<0.01
HCP,64,10,random_narrow,0.9000,8.8128,0.2398,9.0532,0.2505,0.0000,-0.9666,<0.0001,5.0000,0.0000,4.9880,0.0739,0.2610,0.1625,0.261
HCP,64,10,random_narrow,1.0000,8.7957,0.2446,8.9930,0.2477,0.0000,-0.7985,<0.0001,4.9600,0.1960,4.9680,0.0733,0.7895,-0.0541,0.790
HCP,64,10,random_broad,0.0000,13.8428,1.0627,14.0870,0.9707,0.0004,-0.2475,<0.001,9.3800,0.8693,9.6240,0.4013,0.0775,-0.3604,0.078
HCP,64,10,random_broad,0.1000,13.7470,1.0616,13.8911,1.1430,0.0660,-0.1276,0.066,9.4400,0.9415,9.4040,0.4858,0.8125,0.0481,0.812
HCP,64,10,random_broad,0.2000,13.3702,0.8939,13.8579,1.1637,0.0000,-0.4341,<0.0001,8.9200,0.8207,9.3120,0.5094,0.0055,-0.5739,<0.01
HCP,64,10,random_broad,0.3000,13.3579,1.0093,13.6009,1.1764,0.0024,-0.2112,<0.01,8.9000,0.9644,9.1880,0.5691,0.0749,-0.3637,0.075
HCP,64,10,random_broad,0.4000,13.0253,1.3911,13.5532,1.1958,0.0000,-0.4290,<0.0001,8.9400,1.2555,9.1240,0.4646,0.3384,-0.1944,0.338
HCP,64,10,random_broad,0.5000,13.2106,0.8507,13.3315,1.2810,0.1531,-0.0991,0.153,8.9200,1.0361,8.9440,0.4801,0.8833,-0.0297,0.883
HCP,64,10,random_broad,0.6000,13.2788,1.0096,13.2601,1.0761,0.8000,0.0176,0.800,8.7800,0.9009,8.8640,0.4568,0.5618,-0.1176,0.562
HCP,64,10,random_broad,0.7000,12.8580,1.2967,13.1341,1.3429,0.0029,-0.2068,<0.01,8.8000,1.1136,8.8080,0.5851,0.9646,-0.0090,0.965
HCP,64,10,random_broad,0.8000,12.4111,1.1458,12.9589,1.2223,0.0000,-0.4528,<0.0001,8.4200,1.2975,8.5880,0.4279,0.3915,-0.1739,0.391
HCP,64,10,random_broad,0.9000,12.6356,1.0191,12.7960,1.2624,0.0592,-0.1309,0.059,8.4400,0.8285,8.5240,0.4646,0.5373,-0.1251,0.537
HCP,64,10,random_broad,1.0000,12.5353,1.2355,12.7102,1.3667,0.0611,-0.1299,0.061,8.2200,1.1712,8.4640,0.4922,0.1819,-0.2716,0.182
HCP,64,10,adjusted_narrow,0.0000,9.4050,0.2332,9.5486,0.2415,0.0000,-0.5980,<0.0001,5.0000,0.2000,5.0520,0.0964,0.1043,-0.3312,0.104
HCP,64,10,adjusted_narrow,0.1000,9.2508,0.2422,9.5018,0.2317,0.0000,-1.0752,<0.0001,4.9800,0.2441,5.0480,0.1024,0.0753,-0.3632,0.075
HCP,64,10,adjusted_narrow,0.2000,9.1286,0.2335,9.4441,0.2384,0.0000,-1.3283,<0.0001,5.0200,0.1400,5.0200,0.0917,1.0000,0.0000,1.000
HCP,64,10,adjusted_narrow,0.3000,9.1377,0.2442,9.3664,0.2340,0.0000,-0.9705,<0.0001,5.0000,0.0000,5.0200,0.1000,0.1678,-0.2000,0.168
HCP,64,10,adjusted_narrow,0.4000,8.9798,0.2379,9.3057,0.2354,0.0000,-1.3818,<0.0001,4.9600,0.1960,4.9720,0.0895,0.6975,-0.0788,0.697
HCP,64,10,adjusted_narrow,0.5000,8.9356,0.2438,9.2435,0.2371,0.0000,-1.2923,<0.0001,4.9800,0.1400,4.9960,0.0488,0.4518,-0.1526,0.452
HCP,64,10,adjusted_narrow,0.6000,8.9212,0.2511,9.1602,0.2416,0.0000,-0.9826,<0.0001,5.0000,0.0000,4.9880,0.0621,0.1824,0.1932,0.182
HCP,64,10,adjusted_narrow,0.7000,8.8359,0.2585,9.0893,0.2423,0.0000,-1.0339,<0.0001,5.0000,0.0000,4.9800,0.0600,0.0238,0.3333,<0.05
HCP,64,10,adjusted_narrow,0.8000,8.7709,0.2686,9.0131,0.2399,0.0000,-0.9888,<0.0001,4.9400,0.2375,4.9760,0.0862,0.3210,-0.2015,0.321
HCP,64,10,adjusted_narrow,0.9000,8.7590,0.2643,8.9536,0.2322,0.0000,-0.8182,<0.0001,4.9800,0.1400,4.9640,0.0768,0.4848,0.1417,0.485
HCP,64,10,adjusted_narrow,1.0000,8.9570,0.2487,9.1525,0.2838,0.0000,-0.7025,<0.0001,4.9800,0.1400,4.9880,0.0840,0.7323,-0.0693,0.732
HCP,64,10,adjusted_broad,0.0000,13.8903,1.0368,14.0920,0.9630,0.0029,-0.2067,<0.01,9.3800,0.8693,9.6240,0.4013,0.0775,-0.3604,0.078
HCP,64,10,adjusted_broad,0.1000,13.1262,1.3623,13.2587,1.6399,0.2317,-0.0829,0.232,8.7200,1.2335,8.8800,0.5960,0.4156,-0.1652,0.416
HCP,64,10,adjusted_broad,0.2000,12.0670,1.4935,12.8934,1.7526,0.0000,-0.4826,<0.0001,7.9400,1.2068,8.5600,0.5973,0.0017,-0.6512,<0.01
HCP,64,10,adjusted_broad,0.3000,11.8120,1.7043,12.2505,1.8209,0.0005,-0.2433,<0.001,7.7800,1.3159,8.0800,0.7473,0.1684,-0.2804,0.168
HCP,64,10,adjusted_broad,0.4000,11.1364,1.8311,11.7962,1.8082,0.0000,-0.3641,<0.0001,7.4400,1.3291,7.8000,0.5441,0.0824,-0.3545,0.082
HCP,64,10,adjusted_broad,0.5000,11.4260,1.3543,11.1007,1.7233,0.0050,0.1951,<0.01,7.5400,1.1868,7.2720,0.5408,0.1535,0.2906,0.153
HCP,64,10,adjusted_broad,0.6000,11.3378,1.4089,10.7842,1.4605,0.0000,0.3813,<0.0001,7.4200,1.1505,7.1120,0.5094,0.0898,0.3462,0.090
HCP,64,10,adjusted_broad,0.7000,10.5958,1.5089,10.4688,1.5644,0.2390,0.0817,0.239,7.0000,1.2166,6.8400,0.5185,0.3991,0.1711,0.399
HCP,64,10,adjusted_broad,0.8000,9.8881,1.6566,10.2052,1.5576,0.0037,-0.2014,<0.01,6.5600,1.2516,6.7360,0.4955,0.3623,-0.1849,0.362
HCP,64,10,adjusted_broad,0.9000,9.8766,1.3843,9.6118,1.7040,0.0211,0.1600,<0.05,6.4400,1.0984,6.2760,0.4714,0.3392,0.1940,0.339
HCP,64,10,adjusted_broad,1.0000,8.7041,1.5310,8.6219,1.6485,0.4669,0.0505,0.467,5.6800,1.0477,5.6480,0.5270,0.8489,0.0386,0.849
HCP,128,6,binary,0.0000,10.8524,0.3007,11.9812,0.2254,0.0000,-4.7120,<0.0001,6.0000,0.0000,6.1440,0.1699,0.0000,-0.8476,<0.0001
HCP,128,6,binary,0.1000,10.6111,0.2854,11.8886,0.2201,0.0000,-5.5006,<0.0001,5.8800,0.3250,6.0640,0.1229,0.0003,-0.7490,<0.001
HCP,128,6,binary,0.2000,10.4456,0.2744,11.7686,0.2287,0.0000,-5.5855,<0.0001,5.8600,0.3470,6.0520,0.1432,0.0005,-0.7234,<0.001
HCP,128,6,binary,0.3000,10.3255,0.2629,11.6001,0.2285,0.0000,-5.4341,<0.0001,5.8200,0.3842,6.0200,0.0825,0.0006,-0.7198,<0.001
HCP,128,6,binary,0.4000,10.2022,0.2717,11.4584,0.2419,0.0000,-5.0833,<0.0001,5.7200,0.4490,5.9960,0.0937,0.0001,-0.8510,<0.0001
HCP,128,6,binary,0.5000,10.1107,0.2859,11.2964,0.2400,0.0000,-4.7767,<0.0001,5.6800,0.4665,5.9840,0.0784,0.0000,-0.9089,<0.0001
HCP,128,6,binary,0.6000,9.9996,0.2815,11.1390,0.2417,0.0000,-4.5803,<0.0001,5.5400,0.5370,5.9840,0.0674,0.0000,-1.1601,<0.0001
HCP,128,6,binary,0.7000,9.9310,0.2529,11.0116,0.2518,0.0000,-4.2877,<0.0001,5.5000,0.5000,5.9880,0.0475,0.0000,-1.3741,<0.0001
HCP,128,6,binary,0.8000,9.8999,0.2759,10.8763,0.2559,0.0000,-3.7651,<0.0001,5.5800,0.4936,5.9840,0.0543,0.0000,-1.1507,<0.0001
HCP,128,6,binary,0.9000,9.7116,0.3196,10.7229,0.2661,0.0000,-3.6675,<0.0001,5.3000,0.5000,5.9800,0.0721,0.0000,-1.9036,<0.0001
HCP,128,6,binary,1.0000,9.8084,0.2523,10.5723,0.2808,0.0000,-2.7652,<0.0001,5.6200,0.4854,5.9680,0.0733,0.0000,-1.0026,<0.0001
HCP,128,6,random_narrow,0.0000,11.4596,0.3083,12.6049,0.2503,0.0000,-4.3907,<0.0001,5.9800,0.1400,6.5760,0.2178,0.0000,-3.2557,<0.0001
HCP,128,6,random_narrow,0.1000,11.1591,0.3135,12.4543,0.2490,0.0000,-4.9655,<0.0001,5.9600,0.1960,6.5400,0.2236,0.0000,-2.7588,<0.0001
HCP,128,6,random_narrow,0.2000,10.9923,0.3282,12.3380,0.2485,0.0000,-5.1079,<0.0001,5.9800,0.1400,6.4120,0.2132,0.0000,-2.3953,<0.0001
HCP,128,6,random_narrow,0.3000,10.8408,0.2762,12.1729,0.2593,0.0000,-5.0800,<0.0001,5.9400,0.2375,6.2800,0.2040,0.0000,-1.5360,<0.0001
HCP,128,6,random_narrow,0.4000,10.6859,0.3198,12.0114,0.2648,0.0000,-4.8255,<0.0001,5.8200,0.3842,6.2320,0.1667,0.0000,-1.3913,<0.0001
HCP,128,6,random_narrow,0.5000,10.6071,0.2924,11.8454,0.2749,0.0000,-4.4561,<0.0001,5.9000,0.3000,6.1280,0.1733,0.0000,-0.9307,<0.0001
HCP,128,6,random_narrow,0.6000,10.4901,0.3045,11.7089,0.2692,0.0000,-4.4258,<0.0001,5.8400,0.3666,6.0800,0.1497,0.0001,-0.8571,<0.0001
HCP,128,6,random_narrow,0.7000,10.4278,0.2860,11.5576,0.2780,0.0000,-4.0439,<0.0001,5.7400,0.4386,6.0240,0.0950,0.0000,-0.8949,<0.0001
HCP,128,6,random_narrow,0.8000,10.3483,0.3055,11.4064,0.2803,0.0000,-3.7168,<0.0001,5.8200,0.3842,6.0120,0.1227,0.0012,-0.6733,<0.01
HCP,128,6,random_narrow,0.9000,10.1870,0.3028,11.2661,0.2903,0.0000,-3.6906,<0.0001,5.6800,0.4665,5.9880,0.0621,0.0000,-0.9256,<0.0001
HCP,128,6,random_narrow,1.0000,10.2712,0.3248,11.1015,0.2744,0.0000,-2.9296,<0.0001,5.7200,0.4490,5.9720,0.0801,0.0002,-0.7814,<0.001
HCP,128,6,random_broad,0.0000,15.9747,1.4049,17.5710,1.4690,0.0000,-1.0944,<0.0001,13.0600,2.1671,14.9200,1.1614,0.0000,-1.0698,<0.0001
HCP,128,6,random_broad,0.1000,15.5238,1.6758,16.8466,1.9709,0.0000,-0.6872,<0.0001,11.9200,1.9374,13.9600,1.1005,0.0000,-1.2948,<0.0001
HCP,128,6,random_broad,0.2000,14.9445,1.4315,16.2281,2.2964,0.0000,-0.5897,<0.0001,11.4600,1.5775,13.0560,1.3880,0.0000,-1.0742,<0.0001
HCP,128,6,random_broad,0.3000,14.1309,2.1533,15.4422,2.3316,0.0000,-0.5694,<0.0001,10.7400,2.5985,12.2840,1.1286,0.0002,-0.7707,<0.001
HCP,128,6,random_broad,0.4000,13.9898,1.6601,15.0125,2.4717,0.0000,-0.4341,<0.0001,10.3400,1.8505,11.8400,1.3078,0.0000,-0.9361,<0.0001
HCP,128,6,random_broad,0.5000,14.0490,1.9307,14.5388,2.3587,0.0021,-0.2136,<0.01,10.6800,2.1581,11.3440,1.2426,0.0650,-0.3771,0.065
HCP,128,6,random_broad,0.6000,13.0137,2.2539,13.8909,2.6195,0.0000,-0.3424,<0.0001,9.7600,2.4212,10.6240,1.1162,0.0255,-0.4583,<0.05
HCP,128,6,random_broad,0.7000,13.0569,2.0811,13.6297,2.2356,0.0002,-0.2591,<0.001,9.6000,2.2091,10.3640,1.0266,0.0305,-0.4435,<0.05
HCP,128,6,random_broad,0.8000,13.3491,1.8684,13.2051,2.2771,0.3485,0.0650,0.349,9.9000,2.0224,9.9200,1.3458,0.9542,-0.0116,0.954
HCP,128,6,random_broad,0.9000,12.8911,1.5934,13.0707,2.0895,0.1988,-0.0891,0.199,9.5800,2.0889,9.7880,1.0256,0.5330,-0.1264,0.533
HCP,128,6,random_broad,1.0000,12.6324,1.9254,13.0618,1.9993,0.0019,-0.2161,<0.01,9.2400,2.0254,9.8880,0.9969,0.0473,-0.4059,<0.05
HCP,128,6,adjusted_narrow,0.0000,11.4333,0.2776,12.6083,0.2531,0.0000,-4.5659,<0.0001,5.9800,0.1400,6.5760,0.2178,0.0000,-3.2557,<0.0001
HCP,128,6,adjusted_narrow,0.1000,11.0978,0.2914,12.4292,0.2536,0.0000,-5.1160,<0.0001,5.9800,0.1400,6.5480,0.2220,0.0000,-3.0603,<0.0001
HCP,128,6,adjusted_narrow,0.2000,10.9162,0.3266,12.2803,0.2608,0.0000,-4.9998,<0.0001,5.9400,0.2375,6.3720,0.2367,0.0000,-1.8222,<0.0001
HCP,128,6,adjusted_narrow,0.3000,10.7178,0.2869,12.0675,0.2548,0.0000,-5.1834,<0.0001,5.9400,0.2375,6.1760,0.2065,0.0000,-1.0606,<0.0001
HCP,128,6,adjusted_narrow,0.4000,10.5877,0.3262,11.8778,0.2671,0.0000,-4.6444,<0.0001,5.8000,0.4000,6.1960,0.1720,0.0000,-1.2862,<0.0001
HCP,128,6,adjusted_narrow,0.5000,10.5055,0.3011,11.7066,0.2792,0.0000,-4.2452,<0.0001,5.8600,0.3470,6.0720,0.1537,0.0002,-0.7900,<0.001
HCP,128,6,adjusted_narrow,0.6000,10.3761,0.2966,11.5409,0.2867,0.0000,-4.0388,<0.0001,5.8000,0.4472,6.0440,0.1402,0.0004,-0.7363,<0.001
HCP,128,6,adjusted_narrow,0.7000,10.3448,0.3040,11.3808,0.2858,0.0000,-3.5861,<0.0001,5.7400,0.4386,5.9840,0.0880,0.0002,-0.7713,<0.001
HCP,128,6,adjusted_narrow,0.8000,10.2526,0.2892,11.2372,0.2974,0.0000,-3.3260,<0.0001,5.7400,0.4386,5.9720,0.1059,0.0005,-0.7271,<0.001
HCP,128,6,adjusted_narrow,0.9000,10.0845,0.3031,11.1053,0.2965,0.0000,-3.4301,<0.0001,5.5800,0.5325,5.9760,0.0763,0.0000,-1.0410,<0.0001
HCP,128,6,adjusted_narrow,1.0000,10.4587,0.3293,11.2960,0.3518,0.0000,-2.4052,<0.0001,5.8200,0.3842,6.0680,0.1303,0.0000,-0.8645,<0.0001
HCP,128,6,adjusted_broad,0.0000,16.0071,1.3560,17.5618,1.5236,0.0000,-1.0385,<0.0001,13.0600,2.1671,14.9200,1.1614,0.0000,-1.0698,<0.0001
HCP,128,6,adjusted_broad,0.1000,13.7356,2.3776,13.9036,2.7533,0.3684,-0.0624,0.368,10.1200,2.3121,10.4840,1.3134,0.3403,-0.1936,0.340
HCP,128,6,adjusted_broad,0.2000,11.9022,1.8554,12.2258,2.3792,0.0426,-0.1407,<0.05,8.3200,1.5804,8.7960,1.0639,0.0834,-0.3533,0.083
HCP,128,6,adjusted_broad,0.3000,11.0713,2.0522,11.3815,2.0705,0.0306,-0.1500,<0.05,7.5600,1.7107,8.0440,0.6478,0.0670,-0.3742,0.067
HCP,128,6,adjusted_broad,0.4000,10.6219,1.5488,10.7706,1.6841,0.1971,-0.0895,0.197,7.3600,1.5590,7.4320,0.6454,0.7658,-0.0603,0.766
HCP,128,6,adjusted_broad,0.5000,10.5467,1.5502,10.4825,1.5983,0.5604,0.0404,0.560,7.0200,1.1746,7.2160,0.6822,0.3149,-0.2041,0.315
HCP,128,6,adjusted_broad,0.6000,9.7493,1.7192,10.0299,1.7070,0.0180,-0.1642,<0.05,6.5800,1.3578,6.8000,0.5685,0.2980,-0.2114,0.298
HCP,128,6,adjusted_broad,0.7000,9.6946,1.4704,9.8492,1.4419,0.1234,-0.1069,0.123,6.4600,1.2524,6.6440,0.4618,0.3369,-0.1949,0.337
HCP,128,6,adjusted_broad,0.8000,9.6289,1.4449,9.6138,1.6257,0.8913,0.0095,0.891,6.3600,0.9952,6.4480,0.5300,0.5861,-0.1104,0.586
HCP,128,6,adjusted_broad,0.9000,9.3929,1.4807,9.4028,1.5693,0.9266,-0.0064,0.927,6.2600,1.0735,6.3000,0.5689,0.8182,-0.0466,0.818
HCP,128,6,adjusted_broad,1.0000,8.1974,1.6049,8.5775,1.6967,0.0011,-0.2260,<0.01,5.5600,0.9200,5.7200,0.5122,0.2901,-0.2149,0.290
HCP,128,10,binary,0.0000,9.3487,0.1999,9.6583,0.1747,0.0000,-1.7281,<0.0001,4.9600,0.1960,4.9680,0.0733,0.7895,-0.0541,0.790
HCP,128,10,binary,0.1000,9.2408,0.1781,9.6390,0.1842,0.0000,-2.1741,<0.0001,4.9600,0.1960,4.9800,0.0600,0.4961,-0.1380,0.496
HCP,128,10,binary,0.2000,9.1510,0.2037,9.5935,0.1828,0.0000,-2.3730,<0.0001,5.0000,0.0000,4.9680,0.0835,0.0099,0.3831,<0.01
HCP,128,10,binary,0.3000,9.0922,0.1817,9.5167,0.1755,0.0000,-2.4047,<0.0001,5.0000,0.0000,4.9720,0.0801,0.0180,0.3496,<0.05
HCP,128,10,binary,0.4000,9.0182,0.1989,9.4539,0.1822,0.0000,-2.3541,<0.0001,4.9600,0.1960,4.9840,0.0543,0.4107,-0.1669,0.411
HCP,128,10,binary,0.5000,8.9694,0.1909,9.3707,0.1871,0.0000,-2.1373,<0.0001,5.0000,0.0000,4.9680,0.0733,0.0036,0.4364,<0.01
HCP,128,10,binary,0.6000,8.8801,0.1964,9.3110,0.1932,0.0000,-2.2243,<0.0001,4.9600,0.1960,4.9680,0.0733,0.7895,-0.0541,0.790
HCP,128,10,binary,0.7000,8.8660,0.2120,9.2365,0.1871,0.0000,-1.9357,<0.0001,4.9600,0.1960,4.9800,0.0600,0.4961,-0.1380,0.496
HCP,128,10,binary,0.8000,8.8203,0.1976,9.1600,0.2152,0.0000,-1.5992,<0.0001,4.9600,0.1960,4.9640,0.0768,0.8944,-0.0269,0.894
HCP,128,10,binary,0.9000,8.7440,0.2011,9.0935,0.1948,0.0000,-1.7843,<0.0001,4.9400,0.2375,4.9720,0.0694,0.3675,-0.1829,0.368
HCP,128,10,binary,1.0000,8.7392,0.1937,8.9967,0.2384,0.0000,-1.1120,<0.0001,4.9800,0.1400,4.9560,0.0920,0.3184,0.2026,0.318
HCP,128,10,random_narrow,0.0000,9.8532,0.1826,10.1454,0.1775,0.0000,-1.6386,<0.0001,5.0400,0.2800,5.1640,0.2066,0.0143,-0.5039,<0.05
HCP,128,10,random_narrow,0.1000,9.6902,0.1857,10.1028,0.1715,0.0000,-2.3721,<0.0001,5.0000,0.2000,5.1760,0.2025,0.0000,-0.8744,<0.0001
HCP,128,10,random_narrow,0.2000,9.6221,0.1960,10.0470,0.1752,0.0000,-2.3756,<0.0001,4.9800,0.1400,5.1400,0.1281,0.0000,-1.1926,<0.0001
HCP,128,10,random_narrow,0.3000,9.5120,0.1758,9.9720,0.1756,0.0000,-2.6189,<0.0001,4.9800,0.1400,5.0640,0.1411,0.0039,-0.5977,<0.01
HCP,128,10,random_narrow,0.4000,9.4930,0.2013,9.9050,0.1829,0.0000,-2.2146,<0.0001,4.9800,0.1400,5.0440,0.1219,0.0177,-0.4875,<0.05
HCP,128,10,random_narrow,0.5000,9.4408,0.2060,9.8317,0.1818,0.0000,-2.1014,<0.0001,4.9800,0.1400,5.0280,0.1132,0.0650,-0.3770,0.065
HCP,128,10,random_narrow,0.6000,9.3565,0.1982,9.7730,0.1817,0.0000,-2.2573,<0.0001,4.9600,0.1960,5.0320,0.1085,0.0267,-0.4546,<0.05
HCP,128,10,random_narrow,0.7000,9.3310,0.1951,9.6871,0.1768,0.0000,-1.9783,<0.0001,4.9600,0.1960,4.9720,0.1132,0.7113,-0.0750,0.711
HCP,128,10,random_narrow,0.8000,9.2610,0.2055,9.6360,0.1885,0.0000,-1.9597,<0.0001,4.9400,0.2375,4.9920,0.0796,0.1493,-0.2936,0.149
HCP,128,10,random_narrow,0.9000,9.2032,0.2103,9.5662,0.1903,0.0000,-1.8735,<0.0001,4.9800,0.1400,4.9720,0.0801,0.7292,0.0701,0.729
HCP,128,10,random_narrow,1.0000,9.1881,0.1866,9.4653,0.2020,0.0000,-1.3894,<0.0001,5.0000,0.0000,4.9720,0.0694,0.0068,0.4035,<0.01
HCP,128,10,random_broad,0.0000,15.8176,1.0334,16.2963,1.1026,0.0000,-0.4386,<0.0001,11.8400,1.5794,11.6600,0.6302,0.4605,0.1497,0.460
HCP,128,10,random_broad,0.1000,15.4740,1.1773,16.0232,1.4030,0.0000,-0.4014,<0.0001,11.1000,1.7234,11.4960,0.7676,0.1449,-0.2968,0.145
HCP,128,10,random_broad,0.2000,15.3445,0.9642,15.6282,1.8433,0.0180,-0.1641,<0.05,10.6400,1.2290,11.1240,0.9354,0.0306,-0.4432,<0.05
HCP,128,10,random_broad,0.3000,14.9633,1.3608,15.4234,1.6157,0.0000,-0.2919,<0.0001,10.2800,1.6497,10.9160,0.7695,0.0162,-0.4941,<0.05
HCP,128,10,random_broad,0.4000,14.6738,1.4408,14.9718,1.9639,0.0229,-0.1579,<0.05,10.0600,1.5285,10.6560,1.0237,0.0255,-0.4582,<0.05
HCP,128,10,random_broad,0.5000,14.5073,1.6283,14.7521,1.7592,0.0424,-0.1408,<0.05,10.2800,1.7781,10.4280,0.7590,0.5933,-0.1083,0.593
HCP,128,10,random_broad,0.6000,14.1605,1.3834,14.6095,1.7300,0.0001,-0.2677,<0.001,9.7200,1.4428,10.3040,0.6226,0.0107,-0.5256,<0.05
HCP,128,10,random_broad,0.7000,14.0997,1.5663,14.5346,1.6329,0.0001,-0.2681,<0.001,9.6000,1.3565,10.1800,0.7147,0.0094,-0.5350,<0.01
HCP,128,10,random_broad,0.8000,13.8734,1.5322,14.1626,1.8629,0.0215,-0.1596,<0.05,9.4400,1.3291,9.9320,0.6724,0.0229,-0.4671,<0.05
HCP,128,10,random_broad,0.9000,13.6908,1.6059,13.8424,1.8417,0.2259,-0.0840,0.226,9.2800,1.5237,9.6040,0.7456,0.1843,-0.2701,0.184
HCP,128,10,random_broad,1.0000,14.0053,1.3829,13.7101,1.8069,0.0147,0.1693,<0.05,9.4200,1.4013,9.5160,0.7495,0.6733,-0.0854,0.673
HCP,128,10,adjusted_narrow,0.0000,9.8531,0.1889,10.1421,0.1853,0.0000,-1.5539,<0.0001,4.9600,0.2800,5.1680,0.1974,0.0000,-0.8586,<0.0001
HCP,128,10,adjusted_narrow,0.1000,9.6908,0.1877,10.0948,0.1698,0.0000,-2.3370,<0.0001,5.0200,0.2441,5.1640,0.1863,0.0014,-0.6632,<0.01
HCP,128,10,adjusted_narrow,0.2000,9.5798,0.1823,10.0102,0.1772,0.0000,-2.4168,<0.0001,5.0000,0.0000,5.1160,0.1447,0.0000,-0.8015,<0.0001
HCP,128,10,adjusted_narrow,0.3000,9.4909,0.1855,9.9312,0.1789,0.0000,-2.4457,<0.0001,5.0000,0.0000,5.0400,0.1442,0.0580,-0.2774,0.058
HCP,128,10,adjusted_narrow,0.4000,9.4339,0.1850,9.8630,0.1810,0.0000,-2.3621,<0.0001,4.9600,0.1960,5.0640,0.1411,0.0033,-0.6091,<0.01
HCP,128,10,adjusted_narrow,0.5000,9.3642,0.1809,9.7634,0.1876,0.0000,-2.1402,<0.0001,4.9800,0.1400,5.0280,0.1132,0.0650,-0.3770,0.065
HCP,128,10,adjusted_narrow,0.6000,9.2857,0.1863,9.6886,0.1780,0.0000,-2.2462,<0.0001,4.9800,0.1400,5.0240,0.0950,0.0717,-0.3678,0.072
HCP,128,10,adjusted_narrow,0.7000,9.2352,0.1936,9.6006,0.1919,0.0000,-1.9008,<0.0001,4.9800,0.1400,4.9920,0.1129,0.6414,-0.0944,0.641
HCP,128,10,adjusted_narrow,0.8000,9.1675,0.1932,9.5309,0.1993,0.0000,-1.8320,<0.0001,4.9600,0.1960,4.9880,0.0739,0.3516,-0.1891,0.352
HCP,128,10,adjusted_narrow,0.9000,9.1010,0.2021,9.4511,0.2015,0.0000,-1.7367,<0.0001,4.9600,0.1960,5.0040,0.0631,0.1379,-0.3023,0.138
HCP,128,10,adjusted_narrow,1.0000,9.3901,0.2577,9.7067,0.2576,0.0000,-1.2289,<0.0001,4.9600,0.1960,5.1200,0.1600,0.0000,-0.8944,<0.0001
HCP,128,10,adjusted_broad,0.0000,15.7983,1.0614,16.2703,1.1211,0.0000,-0.4246,<0.0001,11.8400,1.5794,11.6600,0.6302,0.4605,0.1497,0.460
HCP,128,10,adjusted_broad,0.1000,14.3262,1.7892,14.5719,2.3399,0.1166,-0.1088,0.117,9.9800,1.7943,10.2120,1.0419,0.4357,-0.1581,0.436
HCP,128,10,adjusted_broad,0.2000,13.2458,1.9041,13.2435,2.5861,0.9894,0.0009,0.989,9.2000,1.6248,9.2760,1.1572,0.7903,-0.0539,0.790
HCP,128,10,adjusted_broad,0.3000,12.1822,1.8926,12.2279,2.1985,0.7589,-0.0213,0.759,8.1400,1.6249,8.3520,0.8967,0.4259,-0.1615,0.426
HCP,128,10,adjusted_broad,0.4000,11.7393,1.7666,11.4319,2.1566,0.0346,0.1466,<0.05,8.0200,1.5032,7.8560,0.9500,0.5201,0.1304,0.520
HCP,128,10,adjusted_broad,0.5000,11.1558,1.7877,11.0924,1.8532,0.6195,0.0344,0.620,7.4800,1.2368,7.4440,0.7159,0.8604,0.0356,0.860
HCP,128,10,adjusted_broad,0.6000,10.5269,1.5716,10.7749,1.6671,0.0305,-0.1501,<0.05,7.1000,1.4595,7.2440,0.6083,0.5253,-0.1288,0.525
HCP,128,10,adjusted_broad,0.7000,10.2121,1.3958,10.5302,1.4386,0.0014,-0.2222,<0.01,6.8200,1.4098,7.0280,0.4436,0.3270,-0.1990,0.327
HCP,128,10,adjusted_broad,0.8000,9.7979,1.4526,10.1614,1.5192,0.0005,-0.2410,<0.001,6.5000,1.1358,6.8000,0.4915,0.0929,-0.3428,0.093
HCP,128,10,adjusted_broad,0.9000,9.8320,1.5266,9.6614,1.6534,0.1321,0.1045,0.132,6.3800,1.1982,6.4240,0.4909,0.8125,-0.0481,0.812
HCP,128,10,adjusted_broad,1.0000,8.9598,1.4191,8.4731,1.6269,0.0000,0.3053,<0.0001,5.9600,0.9156,5.7000,0.4441,0.0768,0.3613,0.077
HCP,256,6,binary,0.0000,11.0316,0.2150,12.7168,0.1646,0.0000,-9.6852,<0.0001,5.9000,0.3000,6.3560,0.2165,0.0000,-1.7432,<0.0001
HCP,256,6,binary,0.1000,10.7149,0.2598,12.6063,0.1744,0.0000,-9.8891,<0.0001,5.7400,0.4386,6.2560,0.2041,0.0000,-1.5083,<0.0001
HCP,256,6,binary,0.2000,10.5429,0.2516,12.4112,0.1668,0.0000,-10.1738,<0.0001,5.5200,0.5381,6.1360,0.1895,0.0000,-1.5269,<0.0001
HCP,256,6,binary,0.3000,10.4245,0.2529,12.1988,0.1825,0.0000,-9.0534,<0.0001,5.6000,0.5292,6.0640,0.1520,0.0000,-1.1919,<0.0001
HCP,256,6,binary,0.4000,10.3822,0.2336,12.0052,0.1857,0.0000,-8.3466,<0.0001,5.6600,0.4737,6.0320,0.1157,0.0000,-1.0789,<0.0001
HCP,256,6,binary,0.5000,10.2310,0.2117,11.7857,0.1989,0.0000,-7.7326,<0.0001,5.4600,0.4984,6.0040,0.1019,0.0000,-1.5123,<0.0001
HCP,256,6,binary,0.6000,10.1412,0.2032,11.5907,0.2077,0.0000,-7.0024,<0.0001,5.4800,0.4996,5.9920,0.0688,0.0000,-1.4358,<0.0001
HCP,256,6,binary,0.7000,10.0358,0.2246,11.3826,0.2145,0.0000,-6.2287,<0.0001,5.4400,0.4964,5.9760,0.0650,0.0000,-1.5141,<0.0001
HCP,256,6,binary,0.8000,9.9720,0.2495,11.1888,0.2209,0.0000,-5.3853,<0.0001,5.4200,0.5325,5.9800,0.0721,0.0000,-1.4737,<0.0001
HCP,256,6,binary,0.9000,9.8806,0.2378,10.9772,0.2356,0.0000,-4.6469,<0.0001,5.1600,0.4630,5.9840,0.0543,0.0000,-2.4996,<0.0001
HCP,256,6,binary,1.0000,9.8627,0.2369,10.7748,0.2381,0.0000,-3.8340,<0.0001,5.3400,0.5142,5.9720,0.0801,0.0000,-1.7175,<0.0001
HCP,256,6,random_narrow,0.0000,11.5503,0.2365,13.3154,0.1934,0.0000,-8.7735,<0.0001,5.9200,0.2713,6.8800,0.1442,0.0000,-4.4188,<0.0001
HCP,256,6,random_narrow,0.1000,11.2132,0.2814,13.1638,0.1918,0.0000,-9.3154,<0.0001,5.9200,0.2713,6.8520,0.1590,0.0000,-4.1912,<0.0001
HCP,256,6,random_narrow,0.2000,11.0035,0.2808,12.9505,0.2002,0.0000,-9.0280,<0.0001,5.9000,0.3000,6.7280,0.1908,0.0000,-3.2934,<0.0001
HCP,256,6,random_narrow,0.3000,10.8688,0.2865,12.7444,0.2063,0.0000,-8.4612,<0.0001,5.8000,0.4000,6.5640,0.2423,0.0000,-2.3104,<0.0001
HCP,256,6,random_narrow,0.4000,10.7994,0.2801,12.5365,0.2104,0.0000,-7.7739,<0.0001,5.8000,0.4000,6.4840,0.2403,0.0000,-2.0730,<0.0001
HCP,256,6,random_narrow,0.5000,10.6532,0.2298,12.3147,0.2163,0.0000,-7.6002,<0.0001,5.6000,0.4899,6.3200,0.2433,0.0000,-1.8615,<0.0001
HCP,256,6,random_narrow,0.6000,10.5388,0.2461,12.0921,0.2186,0.0000,-6.9514,<0.0001,5.7200,0.4490,6.1920,0.1917,0.0000,-1.3673,<0.0001
HCP,256,6,random_narrow,0.7000,10.4232,0.2487,11.8825,0.2280,0.0000,-6.3019,<0.0001,5.7000,0.4583,6.1360,0.1895,0.0000,-1.2434,<0.0001
HCP,256,6,random_narrow,0.8000,10.3422,0.2718,11.6837,0.2390,0.0000,-5.4811,<0.0001,5.7200,0.4490,6.0520,0.1253,0.0000,-1.0072,<0.0001
HCP,256,6,random_narrow,0.9000,10.2230,0.2551,11.4573,0.2453,0.0000,-4.9988,<0.0001,5.3800,0.5963,5.9960,0.0747,0.0000,-1.4495,<0.0001
HCP,256,6,random_narrow,1.0000,10.1948,0.2483,11.2725,0.2514,0.0000,-4.2947,<0.0001,5.6400,0.4800,5.9680,0.1157,0.0000,-0.9395,<0.0001
HCP,256,6,random_broad,0.0000,17.6293,1.0872,19.9304,1.7743,0.0000,-1.3700,<0.0001,14.4600,2.5156,19.1680,1.4617,0.0000,-2.2884,<0.0001
HCP,256,6,random_broad,0.1000,16.4781,2.0831,18.4810,2.6614,0.0000,-0.7780,<0.0001,13.0200,2.7748,16.9400,1.5961,0.0000,-1.7318,<0.0001
HCP,256,6,random_broad,0.2000,15.9117,2.1284,16.5227,3.3597,0.0058,-0.1916,<0.01,13.2200,3.1323,14.0240,1.8268,0.1239,-0.3136,0.124
HCP,256,6,random_broad,0.3000,14.5443,2.7914,16.4312,3.1378,0.0000,-0.6121,<0.0001,11.2800,2.8847,14.1120,1.7827,0.0000,-1.1811,<0.0001
HCP,256,6,random_broad,0.4000,14.8489,2.2241,15.0283,3.0249,0.3736,-0.0617,0.374,11.6000,2.6382,12.4800,1.6297,0.0498,-0.4013,<0.05
HCP,256,6,random_broad,0.5000,14.2112,2.1199,14.3992,2.9180,0.3329,-0.0671,0.333,11.1600,2.1667,11.6240,1.7703,0.2485,-0.2345,0.249
HCP,256,6,random_broad,0.6000,13.6937,2.2315,13.9445,2.8947,0.1958,-0.0897,0.196,10.3200,2.5802,11.2600,1.7220,0.0364,-0.4285,<0.05
HCP,256,6,random_broad,0.7000,13.5508,2.2482,13.3592,2.8367,0.3148,0.0697,0.315,10.4400,2.5781,10.6920,1.5586,0.5595,-0.1183,0.560
HCP,256,6,random_broad,0.8000,13.2784,1.9725,13.1995,2.4447,0.6316,0.0332,0.632,10.1000,2.3345,10.6280,1.2528,0.1662,-0.2818,0.166
HCP,256,6,random_broad,0.9000,13.1910,1.9493,12.6319,2.1935,0.0002,0.2595,<0.001,10.1400,2.6078,9.8920,1.3858,0.5580,0.1188,0.558
HCP,256,6,random_broad,1.0000,12.6281,1.9435,12.3223,2.1903,0.0405,0.1421,<0.05,9.6400,2.2782,9.5720,1.1426,0.8522,0.0377,0.852
HCP,256,6,adjusted_narrow,0.0000,11.5588,0.2453,13.3138,0.1894,0.0000,-8.7859,<0.0001,5.9200,0.2713,6.8800,0.1442,0.0000,-4.4188,<0.0001
HCP,256,6,adjusted_narrow,0.1000,11.1442,0.2987,13.1210,0.1927,0.0000,-9.2367,<0.0001,5.9200,0.2713,6.8080,0.1598,0.0000,-3.9885,<0.0001
HCP,256,6,adjusted_narrow,0.2000,10.9026,0.2634,12.8612,0.2051,0.0000,-9.0737,<0.0001,5.8600,0.3470,6.7080,0.2125,0.0000,-2.9476,<0.0001
HCP,256,6,adjusted_narrow,0.3000,10.7512,0.2928,12.6069,0.2166,0.0000,-8.0336,<0.0001,5.7800,0.4142,6.5240,0.2429,0.0000,-2.1910,<0.0001
HCP,256,6,adjusted_narrow,0.4000,10.6908,0.2678,12.3548,0.2278,0.0000,-7.0837,<0.0001,5.7400,0.4386,6.4280,0.2117,0.0000,-1.9977,<0.0001
HCP,256,6,adjusted_narrow,0.5000,10.5402,0.2241,12.0883,0.2263,0.0000,-6.8511,<0.0001,5.5600,0.4964,6.2160,0.1782,0.0000,-1.7591,<0.0001
HCP,256,6,adjusted_narrow,0.6000,10.4001,0.2295,11.8673,0.2379,0.0000,-6.2024,<0.0001,5.6800,0.5075,6.1200,0.1497,0.0000,-1.1759,<0.0001
HCP,256,6,adjusted_narrow,0.7000,10.3148,0.2411,11.6193,0.2488,0.0000,-5.2706,<0.0001,5.6600,0.4737,6.1040,0.1708,0.0000,-1.2469,<0.0001
HCP,256,6,adjusted_narrow,0.8000,10.2057,0.2669,11.4054,0.2551,0.0000,-4.6657,<0.0001,5.7000,0.4583,6.0400,0.1497,0.0000,-0.9974,<0.0001
HCP,256,6,adjusted_narrow,0.9000,10.1298,0.2457,11.2262,0.2588,0.0000,-4.2718,<0.0001,5.3800,0.5618,6.0040,0.0937,0.0000,-1.5494,<0.0001
HCP,256,6,adjusted_narrow,1.0000,10.3730,0.2842,11.4032,0.3117,0.0000,-3.3521,<0.0001,5.9600,0.1960,6.3720,0.2298,0.0000,-1.9292,<0.0001
HCP,256,6,adjusted_broad,0.0000,17.5979,1.1099,19.9278,1.7790,0.0000,-1.3817,<0.0001,14.4600,2.5156,19.1680,1.4617,0.0000,-2.2884,<0.0001
HCP,256,6,adjusted_broad,0.1000,12.7805,2.8061,13.3690,3.0659,0.0051,-0.1946,<0.01,9.4000,2.8142,10.4440,1.6367,0.0270,-0.4535,<0.05
HCP,256,6,adjusted_broad,0.2000,11.9652,2.3620,11.1340,2.2570,0.0000,0.3654,<0.0001,8.9000,2.6777,7.9360,0.9587,0.0196,0.4793,<0.05
HCP,256,6,adjusted_broad,0.3000,10.3743,2.0732,10.9706,1.8895,0.0000,-0.3104,<0.0001,7.4800,1.8787,7.7160,0.7234,0.4139,-0.1658,0.414
HCP,256,6,adjusted_broad,0.4000,10.4626,1.5085,10.2779,1.6120,0.0951,0.1158,0.095,7.1800,1.3068,7.1840,0.6643,0.9848,-0.0039,0.985
HCP,256,6,adjusted_broad,0.5000,9.9923,1.3321,9.9637,1.5386,0.7843,0.0190,0.784,7.0200,1.0098,7.0280,0.6717,0.9633,-0.0093,0.963
HCP,256,6,adjusted_broad,0.6000,9.5912,1.3125,9.7320,1.4464,0.1542,-0.0988,0.154,6.6200,1.1294,6.7360,0.5803,0.5240,-0.1292,0.524
HCP,256,6,adjusted_broad,0.7000,9.5379,1.4051,9.5103,1.5893,0.7985,0.0177,0.799,6.5800,1.2504,6.5960,0.6663,0.9372,-0.0160,0.937
HCP,256,6,adjusted_broad,0.8000,9.4678,1.1696,9.3663,1.3641,0.2729,0.0760,0.273,6.4800,0.8998,6.4480,0.5100,0.8290,0.0438,0.829
HCP,256,6,adjusted_broad,0.9000,9.2484,1.3174,9.0217,1.3132,0.0129,0.1725,<0.05,6.4200,1.0971,6.1680,0.4688,0.1425,0.2987,0.142
HCP,256,6,adjusted_broad,1.0000,7.8242,1.4673,7.7908,1.7393,0.7765,0.0197,0.777,5.4200,1.0410,5.3960,0.5359,0.8862,0.0290,0.886
HCP,256,10,binary,0.0000,9.7729,0.1542,10.2108,0.1279,0.0000,-3.3009,<0.0001,4.8800,0.3250,4.9720,0.0895,0.0590,-0.3860,0.059
HCP,256,10,binary,0.1000,9.6353,0.1477,10.1854,0.1297,0.0000,-4.1419,<0.0001,4.9400,0.2375,4.9800,0.0721,0.2620,-0.2279,0.262
HCP,256,10,binary,0.2000,9.5691,0.1844,10.1262,0.1327,0.0000,-3.9063,<0.0001,4.9600,0.1960,4.9560,0.0828,0.8956,0.0266,0.896
HCP,256,10,binary,0.3000,9.5207,0.1546,10.0251,0.1369,0.0000,-3.6041,<0.0001,4.9800,0.1400,4.9560,0.0920,0.3184,0.2026,0.318
HCP,256,10,binary,0.4000,9.4152,0.1640,9.9316,0.1418,0.0000,-3.5437,<0.0001,4.9600,0.1960,4.9720,0.0801,0.6924,-0.0802,0.692
HCP,256,10,binary,0.5000,9.3195,0.1578,9.8419,0.1505,0.0000,-3.4427,<0.0001,4.9600,0.1960,4.9680,0.0733,0.7895,-0.0541,0.790
HCP,256,10,binary,0.6000,9.2685,0.1720,9.7415,0.1542,0.0000,-3.0070,<0.0001,4.9400,0.2375,4.9640,0.0768,0.5025,-0.1360,0.502
HCP,256,10,binary,0.7000,9.2157,0.1780,9.6497,0.1540,0.0000,-2.7417,<0.0001,4.9800,0.1400,4.9600,0.0800,0.3874,0.1754,0.387
HCP,256,10,binary,0.8000,9.1546,0.1614,9.5546,0.1594,0.0000,-2.5040,<0.0001,4.9600,0.1960,4.9640,0.0768,0.8944,-0.0269,0.894
HCP,256,10,binary,0.9000,9.1094,0.1776,9.4472,0.1714,0.0000,-1.9594,<0.0001,4.9200,0.2713,4.9600,0.0980,0.3341,-0.1961,0.334
HCP,256,10,binary,1.0000,9.0631,0.1955,9.3566,0.1752,0.0000,-1.6419,<0.0001,4.9600,0.1960,4.9720,0.0801,0.6924,-0.0802,0.692
HCP,256,10,random_narrow,0.0000,10.1802,0.1412,10.5948,0.1317,0.0000,-3.1103,<0.0001,4.9800,0.3156,5.3960,0.2245,0.0000,-1.5191,<0.0001
HCP,256,10,random_narrow,0.1000,10.0122,0.1404,10.5479,0.1302,0.0000,-4.0584,<0.0001,5.0000,0.0000,5.3400,0.2126,0.0000,-1.5992,<0.0001
HCP,256,10,random_narrow,0.2000,9.9418,0.1585,10.4859,0.1342,0.0000,-3.9277,<0.0001,4.9800,0.1400,5.3040,0.1969,0.0000,-1.8963,<0.0001
HCP,256,10,random_narrow,0.3000,9.8618,0.1383,10.3896,0.1357,0.0000,-3.8771,<0.0001,5.0000,0.0000,5.1720,0.1919,0.0000,-0.8964,<0.0001
HCP,256,10,random_narrow,0.4000,9.7834,0.1416,10.3004,0.1396,0.0000,-3.6953,<0.0001,4.9800,0.1400,5.1200,0.2117,0.0002,-0.7802,<0.001
HCP,256,10,random_narrow,0.5000,9.6693,0.1371,10.2074,0.1402,0.0000,-3.8522,<0.0001,4.9800,0.1400,5.1000,0.1342,0.0000,-0.8752,<0.0001
HCP,256,10,random_narrow,0.6000,9.6091,0.1512,10.1191,0.1458,0.0000,-3.4759,<0.0001,5.0000,0.0000,5.0280,0.1386,0.1637,-0.2020,0.164
HCP,256,10,random_narrow,0.7000,9.5579,0.1504,10.0149,0.1426,0.0000,-3.1761,<0.0001,4.9800,0.1400,5.0360,0.1245,0.0390,-0.4227,<0.05
HCP,256,10,random_narrow,0.8000,9.4972,0.1436,9.9425,0.1495,0.0000,-2.9986,<0.0001,4.9200,0.2713,4.9720,0.1132,0.2186,-0.2502,0.219
HCP,256,10,random_narrow,0.9000,9.4416,0.1396,9.8305,0.1497,0.0000,-2.6271,<0.0001,4.9400,0.2375,4.9880,0.0930,0.1908,-0.2661,0.191
HCP,256,10,random_narrow,1.0000,9.4100,0.1649,9.7358,0.1508,0.0000,-2.1268,<0.0001,4.9000,0.3000,4.9760,0.1031,0.0967,-0.3388,0.097
HCP,256,10,random_broad,0.0000,17.5372,1.0620,18.3382,1.0954,0.0000,-0.7349,<0.0001,13.3600,1.9775,14.2560,0.8864,0.0047,-0.5847,<0.01
HCP,256,10,random_broad,0.1000,16.5461,1.5694,17.7899,1.9090,0.0000,-0.6698,<0.0001,12.1400,2.1542,13.5360,1.0579,0.0001,-0.8226,<0.0001
HCP,256,10,random_broad,0.2000,16.6739,1.1606,16.9819,2.2928,0.0386,-0.1435,<0.05,12.5600,2.1369,12.7240,1.1885,0.6398,-0.0949,0.640
HCP,256,10,random_broad,0.3000,15.7075,1.9911,16.5337,2.4183,0.0000,-0.3512,<0.0001,11.4400,2.3930,12.4960,1.0794,0.0059,-0.5689,<0.01
HCP,256,10,random_broad,0.4000,15.6075,1.8425,16.2864,2.1940,0.0000,-0.3173,<0.0001,11.0200,1.9234,12.2320,1.1044,0.0002,-0.7728,<0.001
HCP,256,10,random_broad,0.5000,14.8976,2.2066,15.5091,2.5478,0.0004,-0.2452,<0.001,10.7200,2.3668,11.5680,1.3979,0.0333,-0.4363,<0.05
HCP,256,10,random_broad,0.6000,14.6649,2.3064,15.1858,2.4849,0.0023,-0.2121,<0.01,10.8000,2.5298,11.3280,1.3849,0.2030,-0.2589,0.203
HCP,256,10,random_broad,0.7000,14.5440,2.0090,14.7424,2.4299,0.2265,-0.0839,0.226,10.4600,2.1186,10.7160,1.1028,0.4549,-0.1516,0.455
HCP,256,10,random_broad,0.8000,14.6063,1.8549,14.5540,2.4752,0.7513,0.0220,0.751,10.3800,1.7876,10.8600,1.0735,0.1103,-0.3255,0.110
HCP,256,10,random_broad,0.9000,13.8139,2.1330,14.0314,2.3114,0.1695,-0.0953,0.169,9.9800,2.3706,10.3920,1.1419,0.2757,-0.2214,0.276
HCP,256,10,random_broad,1.0000,14.0184,1.7897,13.9584,2.3463,0.7020,0.0265,0.702,10.2400,2.0056,10.4040,1.0411,0.6126,-0.1026,0.613
HCP,256,10,adjusted_narrow,0.0000,10.1703,0.1588,10.6000,0.1377,0.0000,-3.0391,<0.0001,4.9800,0.3156,5.3960,0.2245,0.0000,-1.5191,<0.0001
HCP,256,10,adjusted_narrow,0.1000,9.9992,0.1388,10.5380,0.1311,0.0000,-4.0676,<0.0001,4.9800,0.1400,5.3200,0.2117,0.0000,-1.8947,<0.0001
HCP,256,10,adjusted_narrow,0.2000,9.9051,0.1612,10.4446,0.1311,0.0000,-3.9501,<0.0001,4.9800,0.1400,5.3240,0.1871,0.0000,-2.0815,<0.0001
HCP,256,10,adjusted_narrow,0.3000,9.8067,0.1393,10.3307,0.1408,0.0000,-3.7287,<0.0001,5.0000,0.0000,5.1200,0.1649,0.0000,-0.7276,<0.0001
HCP,256,10,adjusted_narrow,0.4000,9.7046,0.1537,10.2254,0.1437,0.0000,-3.5811,<0.0001,5.0000,0.0000,5.0760,0.1784,0.0044,-0.4260,<0.01
HCP,256,10,adjusted_narrow,0.5000,9.5907,0.1535,10.1200,0.1454,0.0000,-3.6065,<0.0001,5.0000,0.0000,5.0480,0.1170,0.0060,-0.4102,<0.01
HCP,256,10,adjusted_narrow,0.6000,9.5602,0.1382,9.9971,0.1446,0.0000,-3.0432,<0.0001,4.9200,0.2713,5.0160,0.1433,0.0309,-0.4425,<0.05
HCP,256,10,adjusted_narrow,0.7000,9.4793,0.1529,9.9012,0.1571,0.0000,-2.6978,<0.0001,4.9400,0.2375,5.0000,0.1131,0.1136,-0.3226,0.114
HCP,256,10,adjusted_narrow,0.8000,9.4110,0.1649,9.7940,0.1570,0.0000,-2.4177,<0.0001,5.0000,0.0000,4.9800,0.0917,0.1331,0.2182,0.133
HCP,256,10,adjusted_narrow,0.9000,9.3405,0.1548,9.6893,0.1574,0.0000,-2.2217,<0.0001,4.9400,0.2375,4.9800,0.0600,0.2558,-0.2309,0.256
HCP,256,10,adjusted_narrow,1.0000,9.6835,0.2344,9.9875,0.2286,0.0000,-1.3241,<0.0001,5.0200,0.3156,5.3720,0.1960,0.0000,-1.3400,<0.0001
HCP,256,10,adjusted_broad,0.0000,17.5667,1.0701,18.3494,1.0721,0.0000,-0.7303,<0.0001,13.3600,1.9775,14.2560,0.8864,0.0047,-0.5847,<0.01
HCP,256,10,adjusted_broad,0.1000,14.4820,2.7014,14.7157,2.9984,0.2534,-0.0792,0.253,10.2600,2.5519,10.7000,1.1393,0.2731,-0.2227,0.273
HCP,256,10,adjusted_broad,0.2000,12.7568,2.1159,12.6301,2.6999,0.4844,0.0485,0.484,9.2000,2.1260,8.9200,1.2452,0.4282,0.1607,0.428
HCP,256,10,adjusted_broad,0.3000,11.4091,2.1397,11.5303,2.1018,0.4070,-0.0575,0.407,8.0000,1.9494,7.9800,0.8516,0.9477,0.0133,0.948
HCP,256,10,adjusted_broad,0.4000,11.2684,1.8885,11.1732,1.7186,0.4325,0.0544,0.432,7.8200,1.8296,7.7040,0.6403,0.6762,0.0846,0.676
HCP,256,10,adjusted_broad,0.5000,10.3844,1.7450,10.5128,1.6758,0.2729,-0.0760,0.273,7.2800,1.4148,7.3360,0.6746,0.8030,-0.0505,0.803
HCP,256,10,adjusted_broad,0.6000,10.1330,1.5471,10.1883,1.6081,0.6175,-0.0346,0.617,6.9200,1.2624,7.0640,0.6663,0.4818,-0.1427,0.482
HCP,256,10,adjusted_broad,0.7000,9.8258,1.1855,9.8573,1.4218,0.7430,-0.0227,0.743,6.7200,1.0591,6.7080,0.5989,0.9451,0.0139,0.945
HCP,256,10,adjusted_broad,0.8000,9.8586,1.1414,9.5997,1.3693,0.0052,0.1941,<0.01,6.8200,0.9097,6.5160,0.4649,0.0399,0.4208,<0.05
HCP,256,10,adjusted_broad,0.9000,9.0885,1.3083,9.1930,1.4701,0.2970,-0.0723,0.297,6.1600,1.0651,6.2720,0.4992,0.5066,-0.1347,0.507
HCP,256,10,adjusted_broad,1.0000,7.8674,1.3656,7.9301,1.4869,0.5372,-0.0428,0.537,5.3600,0.9113,5.4360,0.5241,0.6139,-0.1022,0.614
HCP,512,6,binary,0.0000,11.0490,0.2064,13.1738,0.1218,0.0000,-15.2375,<0.0001,5.8000,0.4000,6.3800,0.4308,0.0000,-1.3953,<0.0001
HCP,512,6,binary,0.1000,10.7122,0.2016,13.0363,0.1196,0.0000,-17.0065,<0.0001,5.4000,0.4899,6.3600,0.3878,0.0000,-2.1729,<0.0001
HCP,512,6,binary,0.2000,10.5620,0.2073,12.7483,0.1293,0.0000,-15.0596,<0.0001,5.1600,0.3666,6.1000,0.2449,0.0000,-3.0151,<0.0001
HCP,512,6,binary,0.3000,10.3330,0.1754,12.4351,0.1364,0.0000,-14.6384,<0.0001,5.0400,0.3441,6.0600,0.2939,0.0000,-3.1875,<0.0001
HCP,512,6,binary,0.4000,10.2083,0.1716,12.1059,0.1524,0.0000,-12.1816,<0.0001,5.2800,0.4490,6.0600,0.1625,0.0000,-2.3102,<0.0001
HCP,512,6,binary,0.5000,10.0702,0.1658,11.7916,0.1655,0.0000,-10.3975,<0.0001,5.1600,0.3666,6.0000,0.0000,0.0000,-3.2404,<0.0001
HCP,512,6,binary,0.6000,9.9394,0.1833,11.4554,0.1740,0.0000,-8.6345,<0.0001,5.0400,0.1960,6.0000,0.1414,0.0000,-5.6180,<0.0001
HCP,512,6,binary,0.7000,9.7910,0.2095,11.1316,0.1794,0.0000,-7.2571,<0.0001,5.2000,0.4000,5.9400,0.1625,0.0000,-2.4240,<0.0001
HCP,512,6,binary,0.8000,9.6798,0.1821,10.8110,0.1992,0.0000,-5.7588,<0.0001,5.1600,0.3666,6.0000,0.0000,0.0000,-3.2404,<0.0001
HCP,512,6,binary,0.9000,9.5709,0.1544,10.5081,0.1986,0.0000,-4.8819,<0.0001,5.0800,0.2713,5.9400,0.1625,0.0000,-3.8460,<0.0001
HCP,512,6,binary,1.0000,9.5171,0.2004,10.2115,0.2022,0.0000,-3.4395,<0.0001,5.1600,0.4630,5.9800,0.0980,0.0000,-2.4502,<0.0001
HCP,512,6,random_narrow,0.0000,11.5166,0.2076,13.7763,0.1557,0.0000,-13.6560,<0.0001,5.9600,0.1960,6.9200,0.1833,0.0000,-5.0596,<0.0001
HCP,512,6,random_narrow,0.1000,11.1493,0.2432,13.5970,0.1576,0.0000,-14.0066,<0.0001,5.9600,0.1960,6.9200,0.1833,0.0000,-5.0596,<0.0001
HCP,512,6,random_narrow,0.2000,10.9698,0.2122,13.2945,0.1558,0.0000,-13.9617,<0.0001,5.5600,0.4964,6.8200,0.2400,0.0000,-3.2318,<0.0001
HCP,512,6,random_narrow,0.3000,10.7380,0.1973,12.9640,0.1583,0.0000,-13.4563,<0.0001,5.6000,0.4899,6.7400,0.2498,0.0000,-2.9318,<0.0001
HCP,512,6,random_narrow,0.4000,10.6083,0.2127,12.6374,0.1785,0.0000,-10.9919,<0.0001,5.6400,0.4800,6.4800,0.3311,0.0000,-2.0373,<0.0001
HCP,512,6,random_narrow,0.5000,10.4280,0.1910,12.3022,0.1765,0.0000,-10.4705,<0.0001,5.5200,0.4996,6.4200,0.3655,0.0000,-2.0561,<0.0001
HCP,512,6,random_narrow,0.6000,10.2990,0.1908,11.9693,0.1845,0.0000,-9.0021,<0.0001,5.3600,0.4800,6.3000,0.4472,0.0000,-2.0263,<0.0001
HCP,512,6,random_narrow,0.7000,10.1204,0.2084,11.6221,0.1868,0.0000,-7.8819,<0.0001,5.2400,0.5122,6.1200,0.2561,0.0000,-2.1730,<0.0001
HCP,512,6,random_narrow,0.8000,10.0083,0.1883,11.3054,0.2030,0.0000,-6.4645,<0.0001,5.4400,0.4964,6.1200,0.2135,0.0000,-1.7796,<0.0001
HCP,512,6,random_narrow,0.9000,9.8916,0.1693,10.9878,0.2048,0.0000,-5.4992,<0.0001,5.1200,0.4308,6.0600,0.2154,0.0000,-2.7599,<0.0001
HCP,512,6,random_narrow,1.0000,9.8100,0.1943,10.6947,0.2040,0.0000,-4.3697,<0.0001,5.2800,0.5307,6.0200,0.2227,0.0000,-1.8185,<0.0001
HCP,512,6,random_broad,0.0000,18.6613,1.6621,21.8157,1.8542,0.0000,-1.7297,<0.0001,18.1200,2.9842,26.1600,2.5641,0.0000,-2.8899,<0.0001
HCP,512,6,random_broad,0.1000,16.6905,2.5976,18.7892,4.0052,0.0000,-0.5512,<0.0001,14.8000,3.4176,19.3600,6.0754,0.0024,-0.9251,<0.01
HCP,512,6,random_broad,0.2000,15.8832,3.2175,16.8228,3.9590,0.0004,-0.2443,<0.001,14.3600,4.5509,17.5400,4.6988,0.0213,-0.6875,<0.05
HCP,512,6,random_broad,0.3000,15.1824,3.0412,15.1337,3.3898,0.8332,0.0146,0.833,12.2800,3.9245,12.5200,3.2848,0.8193,-0.0663,0.819
HCP,512,6,random_broad,0.4000,14.2152,3.0802,14.4823,3.2658,0.2339,-0.0826,0.234,11.6000,3.6986,11.7800,3.8887,0.8702,-0.0474,0.870
HCP,512,6,random_broad,0.5000,14.1185,2.3616,13.3488,2.8816,0.0001,0.2747,<0.0001,10.9200,3.5205,11.0400,3.1620,0.9016,-0.0359,0.902
HCP,512,6,random_broad,0.6000,13.6450,1.9952,13.0439,2.6812,0.0008,0.2330,<0.001,11.5600,3.0342,11.1200,3.3594,0.6361,0.1375,0.636
HCP,512,6,random_broad,0.7000,13.4323,1.9959,12.4054,2.4923,0.0000,0.4249,<0.0001,10.8400,3.1328,10.5200,3.0016,0.7194,0.1043,0.719
HCP,512,6,random_broad,0.8000,11.9276,2.1595,11.8314,2.2418,0.5335,0.0432,0.534,9.5600,2.3508,10.0200,2.4103,0.5065,-0.1932,0.506
HCP,512,6,random_broad,0.9000,12.0000,2.2880,11.7121,2.1130,0.0529,0.1343,0.053,9.7200,2.6156,9.2000,1.7029,0.4184,0.2356,0.418
HCP,512,6,random_broad,1.0000,11.9718,1.5868,11.5441,1.9344,0.0011,0.2274,<0.01,9.4400,2.1181,9.2400,1.7783,0.7247,0.1023,0.725
HCP,512,6,adjusted_narrow,0.0000,11.5086,0.2060,13.7773,0.1525,0.0000,-13.9499,<0.0001,6.0000,0.0000,6.9400,0.1625,0.0000,-5.7853,<0.0001
HCP,512,6,adjusted_narrow,0.1000,11.0841,0.2250,13.5404,0.1618,0.0000,-14.1238,<0.0001,5.7200,0.4490,6.8400,0.2332,0.0000,-3.1305,<0.0001
HCP,512,6,adjusted_narrow,0.2000,10.8650,0.2069,13.1220,0.1618,0.0000,-13.2655,<0.0001,5.5200,0.4996,6.8200,0.2400,0.0000,-3.3170,<0.0001
HCP,512,6,adjusted_narrow,0.3000,10.5771,0.1906,12.7197,0.1664,0.0000,-12.5512,<0.0001,5.2800,0.5307,6.7400,0.2498,0.0000,-3.5204,<0.0001
HCP,512,6,adjusted_narrow,0.4000,10.4601,0.1986,12.3080,0.1753,0.0000,-10.3012,<0.0001,5.3200,0.6145,6.6800,0.3429,0.0000,-2.7332,<0.0001
HCP,512,6,adjusted_narrow,0.5000,10.2546,0.1865,11.9094,0.1894,0.0000,-8.7586,<0.0001,5.4400,0.4964,6.4200,0.3059,0.0000,-2.3768,<0.0001
HCP,512,6,adjusted_narrow,0.6000,10.1190,0.1992,11.5320,0.2004,0.0000,-7.0568,<0.0001,5.4800,0.4996,6.1800,0.3124,0.0000,-1.6801,<0.0001
HCP,512,6,adjusted_narrow,0.7000,9.9301,0.2104,11.1747,0.2075,0.0000,-5.9839,<0.0001,5.3200,0.4665,6.1800,0.3124,0.0000,-2.1663,<0.0001
HCP,512,6,adjusted_narrow,0.8000,9.8300,0.1992,10.8541,0.2049,0.0000,-5.0209,<0.0001,5.4400,0.5713,6.0400,0.3137,0.0000,-1.3019,<0.0001
HCP,512,6,adjusted_narrow,0.9000,9.7090,0.1797,10.5817,0.2115,0.0000,-4.2245,<0.0001,5.2800,0.5307,6.0200,0.1720,0.0000,-1.8760,<0.0001
HCP,512,6,adjusted_narrow,1.0000,9.8764,0.2234,10.5416,0.2233,0.0000,-2.9795,<0.0001,5.8000,0.4000,6.8400,0.2728,0.0000,-3.0379,<0.0001
HCP,512,6,adjusted_broad,0.0000,18.6752,1.7008,21.7670,1.8460,0.0000,-1.6963,<0.0001,18.4400,3.4068,25.6600,2.8204,0.0000,-2.3087,<0.0001
HCP,512,6,adjusted_broad,0.1000,12.2302,2.6889,11.9791,2.7735,0.1896,0.0910,0.190,9.5200,3.3481,9.6800,2.9627,0.8616,-0.0506,0.862
HCP,512,6,adjusted_broad,0.2000,10.7548,2.2763,10.5389,1.8886,0.1121,0.1102,0.112,7.8400,2.3096,7.8200,1.2952,0.9706,0.0107,0.971
HCP,512,6,adjusted_broad,0.3000,10.2888,1.8409,9.9195,1.5003,0.0007,0.2364,<0.001,7.4800,1.9823,6.7400,0.9178,0.1035,0.4791,0.104
HCP,512,6,adjusted_broad,0.4000,9.6429,1.6248,9.6836,1.2955,0.6653,-0.0300,0.665,7.0800,1.4945,6.6400,1.0726,0.2471,0.3383,0.247
HCP,512,6,adjusted_broad,0.5000,9.5778,1.0151,9.2630,1.1416,0.0001,0.2807,<0.0001,6.6400,0.9749,6.4000,0.9899,0.4016,0.2443,0.402
HCP,512,6,adjusted_broad,0.6000,9.3651,0.9434,9.1460,1.1178,0.0038,0.2009,<0.01,6.8400,0.9666,6.4800,1.0342,0.2189,0.3596,0.219
HCP,512,6,adjusted_broad,0.7000,9.2381,0.8273,8.9506,1.0471,0.0000,0.2836,<0.0001,6.4400,0.9415,6.3600,0.8188,0.7548,0.0907,0.755
HCP,512,6,adjusted_broad,0.8000,8.5540,0.9764,8.7218,1.1118,0.0265,-0.1539,<0.05,5.8800,1.0323,6.5200,0.7808,0.0192,-0.6993,<0.05
HCP,512,6,adjusted_broad,0.9000,8.2433,1.2372,8.5446,1.0782,0.0001,-0.2724,<0.0001,5.9200,1.0167,5.9200,0.9020,1.0000,0.0000,1.000
HCP,512,6,adjusted_broad,1.0000,7.1550,1.2139,7.3687,1.4473,0.0290,-0.1515,<0.05,5.0000,0.9381,5.2000,0.8602,0.4452,-0.2222,0.445
HCP,512,10,binary,0.0000,10.1064,0.1220,10.5120,0.0784,0.0000,-4.6544,<0.0001,5.0000,0.0000,4.9400,0.1625,0.0830,0.3693,0.083
HCP,512,10,binary,0.1000,9.9910,0.1309,10.4705,0.0766,0.0000,-5.4504,<0.0001,5.0000,0.0000,4.9600,0.1356,0.1615,0.2949,0.161
HCP,512,10,binary,0.2000,9.9080,0.1311,10.3902,0.0813,0.0000,-5.2705,<0.0001,5.0000,0.0000,5.0000,0.1414,1.0000,0.0000,1.000
HCP,512,10,binary,0.3000,9.8003,0.1175,10.2762,0.0808,0.0000,-5.4109,<0.0001,4.9200,0.2713,5.0200,0.0980,0.0959,-0.4903,0.096
HCP,512,10,binary,0.4000,9.6904,0.1120,10.1364,0.0817,0.0000,-5.0964,<0.0001,4.9600,0.1960,4.9400,0.1625,0.7020,0.1111,0.702
HCP,512,10,binary,0.5000,9.5940,0.1128,9.9849,0.0882,0.0000,-4.2160,<0.0001,4.9600,0.1960,5.0200,0.0980,0.1860,-0.3873,0.186
HCP,512,10,binary,0.6000,9.4550,0.1053,9.8368,0.1023,0.0000,-3.7153,<0.0001,5.0000,0.0000,4.9800,0.0980,0.3273,0.2041,0.327
HCP,512,10,binary,0.7000,9.3523,0.1078,9.6794,0.1094,0.0000,-2.9981,<0.0001,4.9600,0.1960,4.9400,0.1625,0.7020,0.1111,0.702
HCP,512,10,binary,0.8000,9.2387,0.1172,9.5396,0.1150,0.0000,-2.6081,<0.0001,4.9600,0.1960,4.9400,0.1625,0.7020,0.1111,0.702
HCP,512,10,binary,0.9000,9.1441,0.1234,9.4020,0.1281,0.0000,-2.0250,<0.0001,5.0000,0.0000,4.9800,0.0980,0.3273,0.2041,0.327
HCP,512,10,binary,1.0000,9.0717,0.1375,9.2504,0.1236,0.0000,-1.4178,<0.0001,5.0000,0.0000,4.9600,0.1356,0.1615,0.2949,0.161
HCP,512,10,random_narrow,0.0000,10.4718,0.0997,10.9112,0.1082,0.0000,-4.1118,<0.0001,5.0000,0.0000,5.3800,0.3544,0.0000,-1.0722,<0.0001
HCP,512,10,random_narrow,0.1000,10.3768,0.1059,10.8530,0.1155,0.0000,-4.1785,<0.0001,5.0000,0.0000,5.5400,0.3980,0.0000,-1.3568,<0.0001
HCP,512,10,random_narrow,0.2000,10.2763,0.1128,10.7616,0.1096,0.0000,-4.4072,<0.0001,4.9600,0.1960,5.3600,0.3323,0.0000,-1.4665,<0.0001
HCP,512,10,random_narrow,0.3000,10.1762,0.1129,10.6459,0.1100,0.0000,-4.2524,<0.0001,4.9200,0.2713,5.4400,0.3262,0.0000,-1.7333,<0.0001
HCP,512,10,random_narrow,0.4000,10.0409,0.1062,10.5142,0.1075,0.0000,-4.4099,<0.0001,4.9600,0.1960,5.3000,0.3162,0.0000,-1.2925,<0.0001
HCP,512,10,random_narrow,0.5000,9.9158,0.1151,10.3638,0.1054,0.0000,-4.1834,<0.0001,4.9600,0.1960,5.1600,0.3666,0.0225,-0.6804,<0.05
HCP,512,10,random_narrow,0.6000,9.7963,0.1137,10.2197,0.1151,0.0000,-3.6853,<0.0001,4.9600,0.1960,4.9600,0.1960,1.0000,0.0000,1.000
HCP,512,10,random_narrow,0.7000,9.6848,0.1122,10.0770,0.1233,0.0000,-3.2268,<0.0001,4.9600,0.1960,5.0200,0.2638,0.3756,-0.2582,0.376
HCP,512,10,random_narrow,0.8000,9.5791,0.1108,9.9238,0.1268,0.0000,-2.7725,<0.0001,5.0000,0.0000,5.0200,0.0980,0.3273,-0.2041,0.327
HCP,512,10,random_narrow,0.9000,9.4822,0.1213,9.7849,0.1314,0.0000,-2.3326,<0.0001,5.0000,0.0000,4.9600,0.1356,0.1615,0.2949,0.161
HCP,512,10,random_narrow,1.0000,9.3808,0.1255,9.6428,0.1336,0.0000,-1.9807,<0.0001,4.9600,0.1960,5.0000,0.0000,0.3223,-0.2887,0.322
HCP,512,10,random_broad,0.0000,18.9102,1.4247,20.2129,0.9309,0.0000,-1.1634,<0.0001,16.1200,2.8750,17.3400,1.9683,0.0927,-0.4952,0.093
HCP,512,10,random_broad,0.1000,18.1503,2.3737,18.8148,2.4999,0.0005,-0.2703,<0.001,15.9600,3.8417,16.1800,2.9896,0.8257,-0.0639,0.826
HCP,512,10,random_broad,0.2000,17.2008,2.7250,17.7518,3.2556,0.0217,-0.1784,<0.05,14.2400,3.1910,14.0000,2.7350,0.7809,0.0808,0.781
HCP,512,10,random_broad,0.3000,16.3331,2.7656,16.5321,3.0484,0.3859,-0.0673,0.386,12.6400,3.5652,13.2600,3.0037,0.5178,-0.1881,0.518
HCP,512,10,random_broad,0.4000,16.1135,2.4013,15.7207,3.2830,0.0937,0.1301,0.094,13.3600,3.1985,12.5200,2.2781,0.2999,0.3025,0.300
HCP,512,10,random_broad,0.5000,14.7894,2.6616,15.5496,2.9930,0.0007,-0.2633,<0.001,11.8800,3.1915,12.0200,2.3387,0.8631,-0.0500,0.863
HCP,512,10,random_broad,0.6000,14.8231,2.0480,14.4070,2.8829,0.0420,0.1579,<0.05,11.4000,2.4658,11.1800,3.1587,0.7891,0.0776,0.789
HCP,512,10,random_broad,0.7000,14.4055,2.2757,13.9576,2.7534,0.0269,0.1720,<0.05,11.6000,3.5665,10.9800,2.3600,0.4810,0.2050,0.481
HCP,512,10,random_broad,0.8000,14.2713,2.2402,13.8021,2.3672,0.0095,0.2017,<0.01,10.9600,3.6822,10.5000,2.4249,0.6116,0.1476,0.612
HCP,512,10,random_broad,0.9000,13.8611,2.0601,13.1814,2.5173,0.0002,0.2862,<0.001,10.9600,2.9997,10.3800,1.8830,0.4264,0.2316,0.426
HCP,512,10,random_broad,1.0000,13.7980,1.9112,12.7576,2.6686,0.0000,0.4259,<0.0001,11.4000,2.9257,9.7600,1.7153,0.0219,0.6839,<0.05
HCP,512,10,adjusted_narrow,0.0000,10.4678,0.1108,10.9103,0.1113,0.0000,-3.9828,<0.0001,5.0400,0.1960,5.5000,0.3742,0.0000,-1.5402,<0.0001
HCP,512,10,adjusted_narrow,0.1000,10.3344,0.1133,10.8307,0.1140,0.0000,-4.3612,<0.0001,4.9600,0.1960,5.5600,0.4079,0.0000,-1.8750,<0.0001
HCP,512,10,adjusted_narrow,0.2000,10.2264,0.1068,10.7031,0.1113,0.0000,-4.3408,<0.0001,5.0000,0.0000,5.3800,0.4534,0.0004,-0.8381,<0.001
HCP,512,10,adjusted_narrow,0.3000,10.0876,0.1116,10.5498,0.1107,0.0000,-4.1651,<0.0001,4.8800,0.3250,5.3200,0.3709,0.0001,-1.2618,<0.0001
HCP,512,10,adjusted_narrow,0.4000,9.9319,0.1172,10.3718,0.1126,0.0000,-3.8530,<0.0001,4.8800,0.3250,5.2400,0.3200,0.0003,-1.1163,<0.001
HCP,512,10,adjusted_narrow,0.5000,9.7913,0.1180,10.1890,0.1110,0.0000,-3.5085,<0.0001,4.8400,0.3666,5.0800,0.1833,0.0061,-0.8281,<0.01
HCP,512,10,adjusted_narrow,0.6000,9.6438,0.1204,10.0196,0.1237,0.0000,-3.0645,<0.0001,5.0000,0.0000,5.1000,0.3162,0.1344,-0.3162,0.134
HCP,512,10,adjusted_narrow,0.7000,9.5311,0.1325,9.8621,0.1295,0.0000,-2.5367,<0.0001,5.0000,0.0000,5.0000,0.2000,1.0000,0.0000,1.000
HCP,512,10,adjusted_narrow,0.8000,9.4239,0.1426,9.7164,0.1360,0.0000,-2.1158,<0.0001,5.0000,0.0000,4.8400,0.2332,0.0026,0.6860,<0.01
HCP,512,10,adjusted_narrow,0.9000,9.3409,0.1455,9.5818,0.1281,0.0000,-1.7959,<0.0001,5.0000,0.0000,4.9000,0.2000,0.0220,0.5000,<0.05
HCP,512,10,adjusted_narrow,1.0000,9.5661,0.1795,9.7401,0.1758,0.0000,-0.9830,<0.0001,5.0800,0.2713,5.6800,0.3124,0.0000,-2.0508,<0.0001
HCP,512,10,adjusted_broad,0.0000,18.9648,1.4884,20.2273,0.9579,0.0000,-1.0868,<0.0001,16.4800,2.6095,17.7000,1.7889,0.0649,-0.5453,0.065
HCP,512,10,adjusted_broad,0.1000,13.7301,2.9580,13.2358,3.1259,0.0383,0.1609,<0.05,10.0000,2.7713,10.1800,2.8245,0.8246,-0.0643,0.825
HCP,512,10,adjusted_broad,0.2000,11.6318,2.3599,11.5616,2.3871,0.7035,0.0295,0.704,8.3200,1.9944,8.2000,1.7493,0.8256,0.0640,0.826
HCP,512,10,adjusted_broad,0.3000,10.8120,1.7359,10.5894,1.7995,0.1070,0.1252,0.107,7.9600,2.4410,7.4600,1.3032,0.3805,0.2555,0.380
HCP,512,10,adjusted_broad,0.4000,10.3501,1.2706,10.0030,1.5846,0.0027,0.2334,<0.01,7.6000,1.4422,7.1200,1.2023,0.2165,0.3615,0.217
HCP,512,10,adjusted_broad,0.5000,9.7601,1.3254,9.9018,1.3275,0.1690,-0.1068,0.169,7.0800,1.4675,6.8600,0.8065,0.5229,0.1858,0.523
HCP,512,10,adjusted_broad,0.6000,9.6824,0.9498,9.3193,1.1516,0.0000,0.3335,<0.0001,7.0000,1.2000,6.3600,0.8663,0.0393,0.6116,<0.05
HCP,512,10,adjusted_broad,0.7000,9.3906,1.0032,9.1273,1.1910,0.0028,0.2326,<0.01,6.4800,1.1356,6.4200,0.8908,0.8395,0.0588,0.839
HCP,512,10,adjusted_broad,0.8000,9.1676,0.7759,9.0716,0.9420,0.1649,0.1078,0.165,6.0800,1.1285,6.3600,0.6248,0.2929,-0.3070,0.293
HCP,512,10,adjusted_broad,0.9000,8.9783,0.7178,8.6895,1.1002,0.0002,0.2919,<0.001,6.2400,0.7632,6.1000,0.6164,0.4878,0.2018,0.488
HCP,512,10,adjusted_broad,1.0000,8.0146,1.3213,7.1029,1.4208,0.0000,0.6566,<0.0001,5.5200,1.0628,5.1200,0.6524,0.1227,0.4536,0.123
HCP,1024,6,binary,0.0000,12.6285,0.1102,13.3759,0.0862,0.0000,-8.2441,<0.0001,6.0000,0.0000,6.3444,0.3445,0.0000,-1.0000,<0.0001
HCP,1024,6,binary,0.1000,12.4018,0.1077,13.1672,0.1007,0.0000,-7.5144,<0.0001,6.0000,0.0000,6.2667,0.2381,0.0000,-1.1198,<0.0001
HCP,1024,6,binary,0.2000,12.0208,0.1296,12.7310,0.1156,0.0000,-6.0148,<0.0001,6.0000,0.0000,6.2556,0.2087,0.0000,-1.2246,<0.0001
HCP,1024,6,binary,0.3000,11.5177,0.1407,12.1683,0.1140,0.0000,-5.4733,<0.0001,6.0000,0.0000,6.1889,0.2426,0.0002,-0.7785,<0.001
HCP,1024,6,binary,0.4000,11.0322,0.1182,11.6233,0.0993,0.0000,-5.7547,<0.0001,6.0000,0.0000,6.0444,0.1447,0.1033,-0.3071,0.103
HCP,1024,6,binary,0.5000,10.5866,0.0997,11.1070,0.0989,0.0000,-5.2558,<0.0001,6.0000,0.0000,6.0667,0.1356,0.0117,-0.4916,<0.05
HCP,1024,6,binary,0.6000,10.2122,0.1015,10.6581,0.0896,0.0000,-4.8643,<0.0001,6.0000,0.0000,6.0222,0.0846,0.1608,-0.2628,0.161
HCP,1024,6,binary,0.7000,9.8744,0.0904,10.2136,0.1016,0.0000,-3.3966,<0.0001,6.0000,0.0000,6.0000,0.0000,,,NaN
HCP,1024,6,binary,0.8000,9.5817,0.0906,9.8005,0.0861,0.0000,-2.5190,<0.0001,6.0000,0.0000,6.0000,0.0000,,,NaN
HCP,1024,6,binary,0.9000,9.2968,0.0920,9.4295,0.0873,0.0000,-1.5061,<0.0001,6.0000,0.0000,6.0000,0.0000,,,NaN
HCP,1024,6,binary,1.0000,9.0214,0.0887,9.0742,0.0891,0.0000,-0.5935,<0.0001,6.0000,0.0000,6.0000,0.0000,,,NaN
HCP,1024,6,random_narrow,0.0000,12.5595,0.1018,13.2749,0.1377,0.0000,-5.6373,<0.0001,6.9667,0.1826,7.0000,0.0000,0.3256,-0.2582,0.326
HCP,1024,6,random_narrow,0.1000,12.1975,0.1640,12.8808,0.1583,0.0000,-4.2649,<0.0001,6.9667,0.1826,7.0000,0.0000,0.3256,-0.2582,0.326
HCP,1024,6,random_narrow,0.2000,11.5298,0.1375,12.2817,0.1208,0.0000,-5.9374,<0.0001,6.7333,0.4498,7.0000,0.0000,0.0029,-0.8385,<0.01
HCP,1024,6,random_narrow,0.3000,10.9638,0.1591,11.5935,0.1290,0.0000,-4.5057,<0.0001,6.4333,0.5040,7.0000,0.0000,0.0000,-1.5900,<0.0001
HCP,1024,6,random_narrow,0.4000,10.4429,0.1030,11.0555,0.1274,0.0000,-5.1106,<0.0001,6.1333,0.3457,7.0000,0.0000,0.0000,-3.5449,<0.0001
HCP,1024,6,random_narrow,0.5000,9.9764,0.1287,10.4576,0.1046,0.0000,-4.2521,<0.0001,6.1333,0.3457,7.0000,0.0000,0.0000,-3.5449,<0.0001
HCP,1024,6,random_narrow,0.6000,9.5184,0.1115,9.9678,0.1152,0.0000,-3.9434,<0.0001,6.0000,0.0000,7.0000,0.0000,0.0000,,<0.0001
HCP,1024,6,random_narrow,0.7000,9.1876,0.1000,9.4737,0.0892,0.0000,-3.0786,<0.0001,6.0667,0.2537,6.9667,0.1269,0.0000,-4.4871,<0.0001
HCP,1024,6,random_narrow,0.8000,8.8308,0.1194,9.1033,0.1040,0.0000,-2.4922,<0.0001,6.0000,0.0000,6.9333,0.1729,0.0000,-5.3990,<0.0001
HCP,1024,6,random_narrow,0.9000,8.5128,0.0835,8.6787,0.1151,0.0000,-1.5697,<0.0001,6.0000,0.0000,6.8333,0.2397,0.0000,-3.4761,<0.0001
HCP,1024,6,random_narrow,1.0000,8.2926,0.0800,8.3646,0.0733,0.0000,-0.9525,<0.0001,6.0000,0.0000,6.7833,0.2842,0.0000,-2.7567,<0.0001
HCP,1024,6,random_broad,0.0000,18.6968,1.7532,19.8558,1.6744,0.0000,-0.6814,<0.0001,32.2000,5.9038,36.8667,4.5674,0.0012,-0.8842,<0.01
HCP,1024,6,random_broad,0.1000,16.4140,3.2759,15.8034,3.6291,0.0254,0.1737,<0.05,23.2000,9.1327,21.8333,7.1261,0.5209,0.1668,0.521
HCP,1024,6,random_broad,0.2000,13.5636,3.4761,14.1675,3.1559,0.0174,-0.1849,<0.05,15.0000,8.5742,17.8000,6.3322,0.1560,-0.3715,0.156
HCP,1024,6,random_broad,0.3000,13.1800,3.3429,12.7866,2.7142,0.0847,0.1339,0.085,16.0000,9.6204,13.2000,4.8806,0.1623,0.3671,0.162
HCP,1024,6,random_broad,0.4000,12.1386,2.8043,11.5186,2.2873,0.0013,0.2509,<0.01,12.8667,7.3143,11.6000,5.2677,0.4449,0.1987,0.445
HCP,1024,6,random_broad,0.5000,11.7254,2.2840,11.1440,2.0182,0.0004,0.2755,<0.001,13.6333,6.2944,12.0333,4.6645,0.2683,0.2888,0.268
HCP,1024,6,random_broad,0.6000,10.7465,1.6877,10.4132,1.7921,0.0147,0.1896,<0.05,10.1333,3.1703,9.7000,2.1156,0.5363,0.1608,0.536
HCP,1024,6,random_broad,0.7000,10.3380,1.5321,10.2982,1.7286,0.7580,0.0239,0.758,9.9667,3.1126,10.5000,2.8284,0.4901,-0.1793,0.490
HCP,1024,6,random_broad,0.8000,10.0376,1.9141,9.9432,1.6306,0.4816,0.0546,0.482,9.1000,3.2521,9.4000,2.2183,0.6781,-0.1078,0.678
HCP,1024,6,random_broad,0.9000,10.1109,1.6428,9.6164,1.4062,0.0000,0.3321,<0.0001,9.9667,4.6719,9.7333,2.6285,0.8126,0.0616,0.813
HCP,1024,6,random_broad,1.0000,10.0699,1.1633,9.4508,1.2822,0.0000,0.4977,<0.0001,9.4333,2.7378,9.0000,1.6661,0.4626,0.1912,0.463
HCP,1024,6,adjusted_narrow,0.0000,13.2471,0.1434,13.9446,0.1265,0.0000,-5.2687,<0.0001,7.0000,0.0000,7.0000,0.0000,,,NaN
HCP,1024,6,adjusted_narrow,0.1000,12.8113,0.1642,13.5978,0.1308,0.0000,-5.5085,<0.0001,6.8333,0.3790,7.0000,0.0000,0.0226,-0.6218,<0.05
HCP,1024,6,adjusted_narrow,0.2000,12.2112,0.1352,12.9499,0.1058,0.0000,-6.3460,<0.0001,6.6667,0.4795,7.0000,0.0000,0.0007,-0.9832,<0.001
HCP,1024,6,adjusted_narrow,0.3000,11.5803,0.1227,12.2329,0.1213,0.0000,-5.3603,<0.0001,6.4333,0.5040,7.0000,0.0000,0.0000,-1.5900,<0.0001
HCP,1024,6,adjusted_narrow,0.4000,11.0213,0.1124,11.5996,0.1076,0.0000,-5.2938,<0.0001,6.1667,0.3790,7.0000,0.0000,0.0000,-3.1091,<0.0001
HCP,1024,6,adjusted_narrow,0.5000,10.5565,0.1186,11.0354,0.1104,0.0000,-4.2313,<0.0001,6.1667,0.3790,7.0000,0.0000,0.0000,-3.1091,<0.0001
HCP,1024,6,adjusted_narrow,0.6000,10.1554,0.1099,10.5373,0.0974,0.0000,-3.7549,<0.0001,6.1667,0.3790,7.0000,0.0000,0.0000,-3.1091,<0.0001
HCP,1024,6,adjusted_narrow,0.7000,9.8167,0.0933,10.0806,0.0960,0.0000,-2.7756,<0.0001,6.1333,0.3457,6.9833,0.0913,0.0000,-3.3616,<0.0001
HCP,1024,6,adjusted_narrow,0.8000,9.5352,0.0825,9.6908,0.0913,0.0000,-1.7587,<0.0001,6.0667,0.2537,6.9833,0.0913,0.0000,-4.8079,<0.0001
HCP,1024,6,adjusted_narrow,0.9000,9.2797,0.0963,9.3972,0.0793,0.0000,-1.3759,<0.0001,6.1000,0.3051,6.8167,0.3075,0.0000,-2.3397,<0.0001
HCP,1024,6,adjusted_narrow,1.0000,9.1542,0.0852,9.2237,0.0875,0.0000,-0.8007,<0.0001,6.8333,0.3790,7.2000,0.2816,0.0001,-1.0981,<0.0001
HCP,1024,6,adjusted_broad,0.0000,21.4334,1.9063,22.7218,2.0540,0.0000,-0.6423,<0.0001,32.8333,5.3245,37.1667,4.6225,0.0014,-0.8691,<0.01
HCP,1024,6,adjusted_broad,0.1000,10.9948,2.2254,10.4915,1.9818,0.0018,0.2436,<0.01,9.1000,2.9752,8.2333,1.6802,0.1715,0.3587,0.171
HCP,1024,6,adjusted_broad,0.2000,9.4061,1.5499,9.6210,1.3907,0.0557,-0.1487,0.056,7.1000,1.9360,7.6833,1.3926,0.1861,-0.3459,0.186
HCP,1024,6,adjusted_broad,0.3000,9.1087,1.3173,9.1597,1.0997,0.5763,-0.0434,0.576,7.1667,2.0356,7.1167,1.0882,0.9061,0.0306,0.906
HCP,1024,6,adjusted_broad,0.4000,8.7772,0.9603,8.7312,0.8753,0.5126,0.0508,0.513,6.8667,1.3830,6.7667,1.1043,0.7581,0.0799,0.758
HCP,1024,6,adjusted_broad,0.5000,8.7260,0.8256,8.6487,0.7632,0.2040,0.0986,0.204,7.2000,1.6060,6.9833,1.2559,0.5629,0.1503,0.563
HCP,1024,6,adjusted_broad,0.6000,8.4240,0.6223,8.3600,0.7218,0.2317,0.0928,0.232,6.5000,1.4081,6.5167,0.8558,0.9561,-0.0143,0.956
HCP,1024,6,adjusted_broad,0.7000,8.2252,0.6981,8.2498,0.7343,0.6608,-0.0341,0.661,6.5000,1.1671,6.7667,0.8976,0.3256,-0.2561,0.326
HCP,1024,6,adjusted_broad,0.8000,8.0265,1.0080,8.1219,0.7321,0.1410,-0.1143,0.141,6.2000,1.2704,6.4667,0.8087,0.3368,-0.2504,0.337
HCP,1024,6,adjusted_broad,0.9000,7.9391,0.6773,7.9003,0.6865,0.4647,0.0567,0.465,6.0333,1.3515,6.2667,0.9890,0.4488,-0.1970,0.449
HCP,1024,6,adjusted_broad,1.0000,6.9538,0.9375,6.8049,1.1511,0.0772,0.1372,0.077,5.1667,1.1472,5.5000,0.7543,0.1896,-0.3433,0.190
HCP,1024,10,binary,0.0000,10.1889,0.1104,10.6398,0.0508,0.0000,-6.9743,<0.0001,5.0000,0.0000,5.0000,0.0000,,,NaN
HCP,1024,10,binary,0.1000,10.0754,0.1186,10.5888,0.0525,0.0000,-7.5420,<0.0001,5.0000,0.0000,5.0111,0.0609,0.3256,-0.1826,0.326
HCP,1024,10,binary,0.2000,9.9578,0.1169,10.4810,0.0593,0.0000,-7.2508,<0.0001,5.0000,0.0000,5.0222,0.0846,0.1608,-0.2628,0.161
HCP,1024,10,binary,0.3000,9.7841,0.1113,10.3137,0.0613,0.0000,-7.3504,<0.0001,5.0000,0.0000,5.0000,0.0000,,,NaN
HCP,1024,10,binary,0.4000,9.6239,0.0964,10.1016,0.0644,0.0000,-6.7549,<0.0001,5.0000,0.0000,5.0000,0.0000,,,NaN
HCP,1024,10,binary,0.5000,9.4497,0.0781,9.8612,0.0830,0.0000,-5.0043,<0.0001,5.0000,0.0000,5.0000,0.0000,,,NaN
HCP,1024,10,binary,0.6000,9.2621,0.0719,9.5983,0.0904,0.0000,-3.8371,<0.0001,5.0000,0.0000,5.0000,0.0000,,,NaN
HCP,1024,10,binary,0.7000,9.0724,0.0640,9.3134,0.0848,0.0000,-2.9477,<0.0001,5.0000,0.0000,5.0000,0.0000,,,NaN
HCP,1024,10,binary,0.8000,8.8976,0.0682,9.0652,0.0765,0.0000,-2.2297,<0.0001,5.0000,0.0000,5.0000,0.0000,,,NaN
HCP,1024,10,binary,0.9000,8.7254,0.0721,8.8315,0.0726,0.0000,-1.4626,<0.0001,5.0000,0.0000,5.0000,0.0000,,,NaN
HCP,1024,10,binary,1.0000,8.5484,0.0753,8.6168,0.0770,0.0000,-0.8913,<0.0001,5.0000,0.0000,5.0000,0.0000,,,NaN
HCP,1024,10,random_narrow,0.0000,9.9772,0.1396,10.5597,0.0783,0.0000,-5.6644,<0.0001,5.7000,0.4661,6.0000,0.0000,0.0014,-0.9103,<0.01
HCP,1024,10,random_narrow,0.1000,9.8542,0.0942,10.4607,0.0904,0.0000,-6.6177,<0.0001,5.2667,0.4498,6.0000,0.0000,0.0000,-2.3058,<0.0001
HCP,1024,10,random_narrow,0.2000,9.7076,0.0658,10.2530,0.1110,0.0000,-5.5479,<0.0001,5.3000,0.4661,6.0000,0.0000,0.0000,-2.1239,<0.0001
HCP,1024,10,random_narrow,0.3000,9.5062,0.0688,9.9074,0.1322,0.0000,-3.4873,<0.0001,5.2000,0.4068,6.0000,0.0000,0.0000,-2.7809,<0.0001
HCP,1024,10,random_narrow,0.4000,9.2510,0.1027,9.5584,0.0884,0.0000,-3.2913,<0.0001,5.0000,0.0000,5.9833,0.0913,0.0000,-10.7719,<0.0001
HCP,1024,10,random_narrow,0.5000,8.9474,0.1209,9.2871,0.0844,0.0000,-3.4630,<0.0001,5.0333,0.1826,5.9833,0.0913,0.0000,-6.5818,<0.0001
HCP,1024,10,random_narrow,0.6000,8.6540,0.0960,8.9939,0.1160,0.0000,-3.0974,<0.0001,5.0333,0.1826,5.8667,0.2249,0.0000,-4.0685,<0.0001
HCP,1024,10,random_narrow,0.7000,8.4786,0.0698,8.6904,0.0877,0.0000,-2.5780,<0.0001,5.0333,0.1826,5.9000,0.2034,0.0000,-4.4840,<0.0001
HCP,1024,10,random_narrow,0.8000,8.3124,0.0839,8.5015,0.0601,0.0000,-2.7446,<0.0001,5.0000,0.0000,5.7500,0.3411,0.0000,-2.1985,<0.0001
HCP,1024,10,random_narrow,0.9000,8.1328,0.0971,8.3173,0.0773,0.0000,-2.1863,<0.0001,5.0000,0.0000,5.5833,0.3239,0.0000,-1.8012,<0.0001
HCP,1024,10,random_narrow,1.0000,7.9202,0.1240,8.0835,0.0967,0.0000,-1.5319,<0.0001,5.0000,0.0000,5.6167,0.3640,0.0000,-1.6943,<0.0001
HCP,1024,10,random_broad,0.0000,18.4106,1.0201,19.1991,1.1884,0.0000,-0.6946,<0.0001,20.6333,3.8190,23.9167,3.2907,0.0007,-0.9211,<0.001
HCP,1024,10,random_broad,0.1000,17.1431,1.9737,17.5918,2.8848,0.0273,-0.1715,<0.05,20.2667,4.8915,21.0500,4.1447,0.5061,-0.1728,0.506
HCP,1024,10,random_broad,0.2000,16.0122,2.7004,15.8485,2.9590,0.4630,0.0569,0.463,17.5333,5.5630,17.5833,3.7694,0.9677,-0.0105,0.968
HCP,1024,10,random_broad,0.3000,14.0702,3.4640,14.3970,3.2069,0.2014,-0.0992,0.201,14.0000,6.1139,15.1333,4.0619,0.4017,-0.2184,0.402
HCP,1024,10,random_broad,0.4000,13.9984,2.5098,13.9208,2.7209,0.7061,0.0293,0.706,13.6333,5.1761,14.0000,4.6051,0.7730,-0.0748,0.773
HCP,1024,10,random_broad,0.5000,13.0740,2.5113,12.7916,2.4369,0.1397,0.1147,0.140,12.1667,5.9947,12.7000,2.8211,0.6616,-0.1138,0.662
HCP,1024,10,random_broad,0.6000,12.0495,2.3171,12.4541,2.3376,0.0255,-0.1736,<0.05,12.7333,5.4135,12.1167,3.7981,0.6117,0.1319,0.612
HCP,1024,10,random_broad,0.7000,11.5018,2.2327,11.8686,2.2700,0.0365,-0.1625,<0.05,11.7667,4.7174,12.4833,3.0014,0.4860,-0.1813,0.486
HCP,1024,10,random_broad,0.8000,11.4696,1.7631,11.2501,1.8301,0.1180,0.1214,0.118,11.1667,3.6867,10.7833,3.1423,0.6664,0.1119,0.666
HCP,1024,10,random_broad,0.9000,11.2926,1.3538,11.0463,1.8333,0.0603,0.1459,0.060,11.3000,3.3026,10.3333,3.0971,0.2470,0.3019,0.247
HCP,1024,10,random_broad,1.0000,11.0317,1.6380,10.8101,1.5794,0.0745,0.1385,0.074,10.2000,2.9642,10.7667,2.6318,0.4369,-0.2022,0.437
HCP,1024,10,adjusted_narrow,0.0000,10.5870,0.0759,10.9804,0.1079,0.0000,-3.9970,<0.0001,5.6000,0.4983,6.0000,0.0000,0.0001,-1.1353,<0.001
HCP,1024,10,adjusted_narrow,0.1000,10.4701,0.0851,10.8784,0.1034,0.0000,-4.1807,<0.0001,5.3000,0.4661,6.0000,0.0000,0.0000,-2.1239,<0.0001
HCP,1024,10,adjusted_narrow,0.2000,10.3078,0.0991,10.6944,0.0928,0.0000,-4.0722,<0.0001,5.2333,0.4302,6.0000,0.0000,0.0000,-2.5204,<0.0001
HCP,1024,10,adjusted_narrow,0.3000,10.1001,0.0953,10.4565,0.0729,0.0000,-4.3986,<0.0001,5.2000,0.4068,6.0000,0.0000,0.0000,-2.7809,<0.0001
HCP,1024,10,adjusted_narrow,0.4000,9.8508,0.1001,10.1917,0.0618,0.0000,-4.4441,<0.0001,5.1000,0.3051,5.9833,0.0913,0.0000,-3.9223,<0.0001
HCP,1024,10,adjusted_narrow,0.5000,9.5923,0.1012,9.9074,0.0673,0.0000,-3.9288,<0.0001,5.0000,0.0000,5.9500,0.1526,0.0000,-6.2269,<0.0001
HCP,1024,10,adjusted_narrow,0.6000,9.3410,0.0930,9.6266,0.0817,0.0000,-3.3347,<0.0001,5.1000,0.3051,5.8833,0.2151,0.0000,-2.9674,<0.0001
HCP,1024,10,adjusted_narrow,0.7000,9.1226,0.0841,9.3349,0.0844,0.0000,-2.5185,<0.0001,5.0000,0.0000,5.8500,0.2980,0.0000,-2.8525,<0.0001
HCP,1024,10,adjusted_narrow,0.8000,8.9332,0.0786,9.0852,0.0759,0.0000,-1.9782,<0.0001,5.0000,0.0000,5.6667,0.3556,0.0000,-1.8749,<0.0001
HCP,1024,10,adjusted_narrow,0.9000,8.7781,0.0774,8.8911,0.0724,0.0000,-1.5240,<0.0001,5.0000,0.0000,5.5500,0.3794,0.0000,-1.4496,<0.0001
HCP,1024,10,adjusted_narrow,1.0000,8.8191,0.0761,8.9049,0.0732,0.0000,-1.1563,<0.0001,5.8000,0.4068,6.0000,0.0000,0.0117,-0.6952,<0.05
HCP,1024,10,adjusted_broad,0.0000,20.3110,1.0923,21.3677,1.2288,0.0000,-0.8916,<0.0001,21.4000,3.6065,23.9000,2.6110,0.0033,-0.7941,<0.01
HCP,1024,10,adjusted_broad,0.1000,12.4028,2.5281,12.0517,2.5634,0.0765,0.1376,0.076,9.4333,3.4709,9.6167,2.5281,0.8160,-0.0604,0.816
HCP,1024,10,adjusted_broad,0.2000,10.7358,1.7226,10.4340,1.6328,0.0196,0.1814,<0.05,7.7333,1.7991,8.3500,1.2605,0.1302,-0.3970,0.130
HCP,1024,10,adjusted_broad,0.3000,9.3980,1.6830,9.6537,1.5770,0.0414,-0.1585,<0.05,7.2667,2.2118,7.3167,1.2281,0.9143,-0.0280,0.914
HCP,1024,10,adjusted_broad,0.4000,9.4001,0.9723,9.2719,0.9433,0.0832,0.1346,0.083,7.1333,1.4320,7.1500,1.0184,0.9588,-0.0134,0.959
HCP,1024,10,adjusted_broad,0.5000,9.0421,0.9234,8.8819,0.8602,0.0194,0.1817,<0.05,6.9333,1.4606,7.1000,0.8550,0.5922,-0.1393,0.592
HCP,1024,10,adjusted_broad,0.6000,8.5739,0.8043,8.7328,0.8020,0.0109,-0.1979,<0.05,6.8000,1.2149,6.9000,0.9322,0.7220,-0.0924,0.722
HCP,1024,10,adjusted_broad,0.7000,8.2649,0.7735,8.4930,0.8246,0.0003,-0.2823,<0.001,6.4333,1.5013,6.9167,0.8209,0.1288,-0.3995,0.129
HCP,1024,10,adjusted_broad,0.8000,8.2317,0.5764,8.2774,0.6778,0.3621,-0.0707,0.362,6.5333,1.3578,6.4667,0.8298,0.8195,0.0592,0.819
HCP,1024,10,adjusted_broad,0.9000,8.1766,0.4673,8.0963,0.6487,0.0818,0.1351,0.082,6.3667,1.0662,6.2000,0.8263,0.5014,0.1747,0.501
HCP,1024,10,adjusted_broad,1.0000,6.9255,1.0248,6.9089,1.0055,0.8324,0.0164,0.832,5.0667,1.1725,5.3167,0.7711,0.3339,-0.2519,0.334
HMCP,64,6,binary,0.0000,11.1128,0.3109,11.0576,0.2722,0.0044,0.1978,<0.01,6.0400,0.1960,5.9480,0.0964,0.0040,0.5957,<0.01
HMCP,64,6,binary,0.1000,10.9821,0.3405,10.9486,0.2564,0.0765,0.1229,0.076,5.9800,0.3156,5.9640,0.0954,0.7348,0.0686,0.735
HMCP,64,6,binary,0.2000,10.8120,0.3176,10.8344,0.2774,0.2561,-0.0788,0.256,6.0000,0.3464,5.9240,0.1050,0.1448,0.2969,0.145
HMCP,64,6,binary,0.3000,10.6863,0.3180,10.7485,0.2860,0.0021,-0.2133,<0.01,5.9000,0.3000,5.9400,0.1077,0.3819,-0.1775,0.382
HMCP,64,6,binary,0.4000,10.5763,0.3309,10.6330,0.2791,0.0046,-0.1967,<0.01,5.9800,0.3736,5.8680,0.1726,0.0597,0.3849,0.060
HMCP,64,6,binary,0.5000,10.4540,0.3373,10.4913,0.2706,0.0574,-0.1319,0.057,5.9400,0.3693,5.8320,0.2014,0.0754,0.3631,0.075
HMCP,64,6,binary,0.6000,10.2668,0.3182,10.3761,0.2724,0.0000,-0.3896,<0.0001,5.8400,0.3666,5.7960,0.1523,0.4397,0.1568,0.440
HMCP,64,6,binary,0.7000,10.1554,0.3439,10.2678,0.2781,0.0000,-0.3876,<0.0001,5.7200,0.4490,5.7080,0.2008,0.8648,0.0345,0.865
HMCP,64,6,binary,0.8000,10.0768,0.3346,10.1335,0.2830,0.0052,-0.1942,<0.01,5.7600,0.4271,5.6640,0.2057,0.1595,0.2864,0.159
HMCP,64,6,binary,0.9000,10.0296,0.3460,10.0362,0.2714,0.7413,-0.0229,0.741,5.6400,0.5571,5.6000,0.2433,0.6461,0.0930,0.646
HMCP,64,6,binary,1.0000,9.8948,0.2905,9.8750,0.2852,0.3177,0.0693,0.318,5.6600,0.5142,5.4480,0.2579,0.0114,0.5212,<0.05
HMCP,64,6,random_narrow,0.0000,11.7032,0.3731,11.6713,0.3169,0.1590,0.0977,0.159,6.4200,0.4936,6.1920,0.1647,0.0028,0.6197,<0.01
HMCP,64,6,random_narrow,0.1000,11.5773,0.3902,11.5913,0.3181,0.5410,-0.0424,0.541,6.4000,0.4899,6.1640,0.1682,0.0019,0.6443,<0.01
HMCP,64,6,random_narrow,0.2000,11.3961,0.3672,11.4338,0.3176,0.0961,-0.1154,0.096,6.2200,0.5400,6.1080,0.1610,0.1673,0.2811,0.167
HMCP,64,6,random_narrow,0.3000,11.3186,0.4006,11.3339,0.3175,0.5075,-0.0460,0.507,6.2400,0.4716,6.1080,0.1659,0.0676,0.3734,0.068
HMCP,64,6,random_narrow,0.4000,11.1547,0.4107,11.2453,0.3284,0.0001,-0.2637,<0.001,6.2200,0.4142,6.0560,0.0983,0.0083,0.5448,<0.01
HMCP,64,6,random_narrow,0.5000,11.0278,0.4399,11.1282,0.3360,0.0000,-0.2824,<0.0001,6.1200,0.3816,6.0040,0.1232,0.0456,0.4091,<0.05
HMCP,64,6,random_narrow,0.6000,10.8589,0.3345,10.9584,0.3328,0.0000,-0.2988,<0.0001,5.9800,0.3156,6.0000,0.0980,0.6727,-0.0856,0.673
HMCP,64,6,random_narrow,0.7000,10.7620,0.4392,10.8504,0.3345,0.0003,-0.2497,<0.001,6.0800,0.2713,5.9600,0.1386,0.0069,0.5571,<0.01
HMCP,64,6,random_narrow,0.8000,10.6281,0.4079,10.7631,0.3506,0.0000,-0.3742,<0.0001,5.9000,0.3606,5.9160,0.1271,0.7702,-0.0592,0.770
HMCP,64,6,random_narrow,0.9000,10.6064,0.3913,10.6249,0.3379,0.4424,-0.0533,0.442,6.0000,0.4472,5.9520,0.1170,0.4691,0.1468,0.469
HMCP,64,6,random_narrow,1.0000,10.5011,0.3555,10.5050,0.3355,0.8675,-0.0116,0.868,5.8600,0.3470,5.8960,0.1216,0.4947,-0.1385,0.495
HMCP,64,6,random_broad,0.0000,14.7997,1.2898,15.1271,1.3311,0.0004,-0.2472,<0.001,11.6000,1.5362,11.5520,0.6113,0.8394,0.0411,0.839
HMCP,64,6,random_broad,0.1000,14.2525,1.6250,14.9010,1.5201,0.0000,-0.4217,<0.0001,10.5800,1.7215,11.0000,0.7077,0.1174,-0.3191,0.117
HMCP,64,6,random_broad,0.2000,14.2442,1.5121,14.3090,1.7077,0.5773,-0.0386,0.577,10.4600,1.5519,10.5160,0.6513,0.8163,-0.0471,0.816
HMCP,64,6,random_broad,0.3000,13.2700,1.7459,14.1641,1.6277,0.0000,-0.5426,<0.0001,9.8200,1.8296,10.3480,0.7556,0.0649,-0.3772,0.065
HMCP,64,6,random_broad,0.4000,13.3576,1.7639,13.7249,1.8443,0.0039,-0.2006,<0.01,9.8800,1.9457,9.8920,0.7302,0.9678,-0.0082,0.968
HMCP,64,6,random_broad,0.5000,13.4472,1.8628,13.4772,1.9337,0.8219,-0.0156,0.822,9.5800,1.7560,9.6520,0.8455,0.7965,-0.0522,0.796
HMCP,64,6,random_broad,0.6000,12.7636,1.6927,13.0752,1.7092,0.0085,-0.1826,<0.01,8.9400,1.5800,9.3680,0.8422,0.0975,-0.3381,0.097
HMCP,64,6,random_broad,0.7000,12.5539,1.8700,13.0036,1.8162,0.0004,-0.2464,<0.001,8.7600,1.6194,9.2080,0.7166,0.0797,-0.3578,0.080
HMCP,64,6,random_broad,0.8000,12.5009,1.8054,12.8125,1.7811,0.0119,-0.1746,<0.05,8.8800,1.6928,9.0200,0.7389,0.5969,-0.1072,0.597
HMCP,64,6,random_broad,0.9000,12.1165,1.5898,12.4249,1.7944,0.0117,-0.1750,<0.05,8.3600,1.6219,8.7360,0.7636,0.1452,-0.2966,0.145
HMCP,64,6,random_broad,1.0000,12.1756,1.6801,12.3318,1.8708,0.2211,-0.0849,0.221,8.6400,1.5068,8.6480,0.6935,0.9731,-0.0068,0.973
HMCP,64,6,adjusted_narrow,0.0000,11.6511,0.3874,11.6665,0.3107,0.4955,-0.0473,0.495,6.4200,0.4936,6.1960,0.1574,0.0032,0.6115,<0.01
HMCP,64,6,adjusted_narrow,0.1000,11.4869,0.3861,11.5577,0.3312,0.0028,-0.2077,<0.01,6.3800,0.4854,6.1440,0.1444,0.0015,0.6590,<0.01
HMCP,64,6,adjusted_narrow,0.2000,11.3362,0.4128,11.3863,0.3239,0.0339,-0.1472,<0.05,6.1600,0.5044,6.0680,0.1420,0.2220,0.2483,0.222
HMCP,64,6,adjusted_narrow,0.3000,11.2245,0.3759,11.2652,0.3384,0.0884,-0.1182,0.088,6.2000,0.4899,6.0680,0.1580,0.0757,0.3626,0.076
HMCP,64,6,adjusted_narrow,0.4000,11.0746,0.3845,11.1451,0.3364,0.0032,-0.2046,<0.01,6.1200,0.3250,6.0240,0.1305,0.0579,0.3877,0.058
HMCP,64,6,adjusted_narrow,0.5000,10.9082,0.4282,11.0200,0.3497,0.0000,-0.3072,<0.0001,6.0600,0.4200,5.9920,0.1197,0.2784,0.2202,0.278
HMCP,64,6,adjusted_narrow,0.6000,10.7188,0.3643,10.8480,0.3386,0.0000,-0.3769,<0.0001,6.0000,0.2828,5.9880,0.1013,0.7804,0.0565,0.780
HMCP,64,6,adjusted_narrow,0.7000,10.6072,0.4492,10.7249,0.3612,0.0000,-0.3121,<0.0001,6.0400,0.1960,5.9440,0.1329,0.0055,0.5734,<0.01
HMCP,64,6,adjusted_narrow,0.8000,10.5130,0.4170,10.5890,0.3551,0.0028,-0.2076,<0.01,5.8800,0.3250,5.9080,0.1214,0.5734,-0.1141,0.573
HMCP,64,6,adjusted_narrow,0.9000,10.4755,0.4040,10.5050,0.3427,0.2292,-0.0834,0.229,5.9600,0.3980,5.9320,0.1103,0.6362,0.0959,0.636
HMCP,64,6,adjusted_narrow,1.0000,10.5691,0.3994,10.6015,0.3881,0.2311,-0.0831,0.231,5.8600,0.3470,5.9280,0.1250,0.1999,-0.2608,0.200
HMCP,64,6,adjusted_broad,0.0000,14.8173,1.3131,15.1107,1.3239,0.0014,-0.2219,<0.01,11.6000,1.5362,11.5520,0.6113,0.8394,0.0411,0.839
HMCP,64,6,adjusted_broad,0.1000,12.7882,2.1899,13.5849,2.0672,0.0000,-0.3816,<0.0001,9.1000,2.1656,9.7120,0.9684,0.0740,-0.3648,0.074
HMCP,64,6,adjusted_broad,0.2000,12.1102,2.1672,12.1865,2.0892,0.6009,-0.0363,0.601,8.3800,1.8643,8.4160,0.7319,0.9001,-0.0254,0.900
HMCP,64,6,adjusted_broad,0.3000,10.5926,1.8131,11.5441,1.8096,0.0000,-0.5256,<0.0001,7.3200,1.5158,7.9560,0.7697,0.0102,-0.5291,<0.05
HMCP,64,6,adjusted_broad,0.4000,11.2091,1.7934,10.8312,1.7592,0.0020,0.2141,<0.01,7.6400,1.3966,7.2640,0.5283,0.0811,0.3561,0.081
HMCP,64,6,adjusted_broad,0.5000,11.0382,1.8099,10.6771,1.7383,0.0030,0.2063,<0.01,7.3600,1.3078,7.2440,0.6966,0.5849,0.1107,0.585
HMCP,64,6,adjusted_broad,0.6000,10.1132,1.6231,10.1553,1.6780,0.7158,-0.0252,0.716,6.8000,1.2649,6.7280,0.4763,0.7100,0.0753,0.710
HMCP,64,6,adjusted_broad,0.7000,9.6593,1.6969,9.9436,1.5340,0.0088,-0.1820,<0.01,6.4400,1.2674,6.6320,0.5690,0.3357,-0.1954,0.336
HMCP,64,6,adjusted_broad,0.8000,9.8902,1.6122,9.8203,1.5769,0.5242,0.0442,0.524,6.5000,1.1358,6.4600,0.5532,0.8251,0.0448,0.825
HMCP,64,6,adjusted_broad,0.9000,9.2204,1.7791,9.1839,1.6521,0.7527,0.0219,0.753,6.1000,1.2207,6.0040,0.5359,0.6153,0.1018,0.615
HMCP,64,6,adjusted_broad,1.0000,8.3146,1.5034,8.3670,1.7990,0.6667,-0.0299,0.667,5.6400,1.0346,5.5560,0.3780,0.5947,0.1078,0.595
HMCP,64,10,binary,0.0000,9.2840,0.2445,9.0393,0.2060,0.0000,1.1497,<0.0001,5.0400,0.1960,4.9880,0.0475,0.0741,0.3647,0.074
HMCP,64,10,binary,0.1000,9.3030,0.2425,9.0135,0.2039,0.0000,1.3735,<0.0001,5.0600,0.3693,4.9880,0.0621,0.1815,0.2719,0.181
HMCP,64,10,binary,0.2000,9.2568,0.2407,8.9779,0.2055,0.0000,1.3174,<0.0001,5.0600,0.3693,4.9640,0.0866,0.0796,0.3579,0.080
HMCP,64,10,binary,0.3000,9.2078,0.2370,8.9215,0.2056,0.0000,1.3559,<0.0001,5.2200,0.4142,4.9640,0.0866,0.0001,0.8555,<0.0001
HMCP,64,10,binary,0.4000,9.1237,0.2483,8.8562,0.2062,0.0000,1.2514,<0.0001,5.1000,0.4583,4.9800,0.0600,0.0722,0.3672,0.072
HMCP,64,10,binary,0.5000,9.0762,0.2815,8.8015,0.2033,0.0000,1.2584,<0.0001,5.3200,0.4665,4.9680,0.0733,0.0000,1.0542,<0.0001
HMCP,64,10,binary,0.6000,9.0630,0.2562,8.7613,0.2020,0.0000,1.4237,<0.0001,5.2000,0.4472,4.9480,0.0964,0.0002,0.7790,<0.001
HMCP,64,10,binary,0.7000,8.9369,0.2650,8.6945,0.2192,0.0000,1.0655,<0.0001,5.0800,0.3919,4.9720,0.0694,0.0604,0.3837,0.060
HMCP,64,10,binary,0.8000,8.8456,0.2827,8.6301,0.2046,0.0000,0.9820,<0.0001,5.0000,0.2000,4.9560,0.0920,0.1649,0.2827,0.165
HMCP,64,10,binary,0.9000,8.8299,0.2759,8.5563,0.2088,0.0000,1.2360,<0.0001,5.0000,0.3464,4.9520,0.0943,0.3516,0.1891,0.352
HMCP,64,10,binary,1.0000,8.8072,0.2499,8.4851,0.2055,0.0000,1.5085,<0.0001,5.0400,0.1960,4.9240,0.1050,0.0004,0.7379,<0.001
HMCP,64,10,random_narrow,0.0000,9.7491,0.2482,9.5283,0.2311,0.0000,0.9435,<0.0001,5.2200,0.4600,5.0240,0.0950,0.0043,0.5901,<0.01
HMCP,64,10,random_narrow,0.1000,9.7476,0.2689,9.5071,0.2297,0.0000,1.0162,<0.0001,5.4000,0.4899,5.0240,0.0862,0.0000,1.0690,<0.0001
HMCP,64,10,random_narrow,0.2000,9.7409,0.2598,9.4704,0.2290,0.0000,1.1540,<0.0001,5.3000,0.4583,5.0240,0.0862,0.0001,0.8371,<0.0001
HMCP,64,10,random_narrow,0.3000,9.7231,0.2982,9.4038,0.2315,0.0000,1.3089,<0.0001,5.4400,0.4964,5.0120,0.1013,0.0000,1.1948,<0.0001
HMCP,64,10,random_narrow,0.4000,9.6227,0.3187,9.3632,0.2319,0.0000,1.0442,<0.0001,5.4200,0.4936,4.9840,0.0543,0.0000,1.2418,<0.0001
HMCP,64,10,random_narrow,0.5000,9.5900,0.3096,9.2886,0.2291,0.0000,1.2335,<0.0001,5.5600,0.4964,4.9840,0.0784,0.0000,1.6209,<0.0001
HMCP,64,10,random_narrow,0.6000,9.5148,0.3317,9.2491,0.2400,0.0000,1.0316,<0.0001,5.3000,0.4583,4.9960,0.0848,0.0000,0.9225,<0.0001
HMCP,64,10,random_narrow,0.7000,9.4554,0.3218,9.1891,0.2436,0.0000,1.0312,<0.0001,5.3600,0.4800,4.9880,0.0840,0.0000,1.0796,<0.0001
HMCP,64,10,random_narrow,0.8000,9.3195,0.3247,9.1188,0.2278,0.0000,0.8141,<0.0001,5.2600,0.4386,4.9680,0.0835,0.0000,0.9248,<0.0001
HMCP,64,10,random_narrow,0.9000,9.2908,0.3234,9.0659,0.2414,0.0000,0.8756,<0.0001,5.3200,0.4665,4.9920,0.0560,0.0000,0.9873,<0.0001
HMCP,64,10,random_narrow,1.0000,9.3324,0.2958,8.9905,0.2489,0.0000,1.3285,<0.0001,5.1800,0.4331,4.9680,0.0733,0.0010,0.6825,<0.01
HMCP,64,10,random_broad,0.0000,13.8832,1.0916,14.0709,1.0242,0.0090,-0.1813,<0.01,9.4000,0.9165,9.5920,0.4979,0.2006,-0.2603,0.201
HMCP,64,10,random_broad,0.1000,14.0493,1.1106,14.0127,1.0198,0.6102,0.0354,0.610,9.6200,1.1470,9.4600,0.5646,0.3831,0.1770,0.383
HMCP,64,10,random_broad,0.2000,13.8439,1.3136,13.9314,1.0928,0.2654,-0.0773,0.265,9.4200,1.2663,9.4480,0.5594,0.8877,-0.0286,0.888
HMCP,64,10,random_broad,0.3000,13.4808,1.0408,13.7409,1.0607,0.0004,-0.2460,<0.001,9.1400,0.9800,9.2920,0.5110,0.3381,-0.1945,0.338
HMCP,64,10,random_broad,0.4000,12.9722,1.5359,13.4915,1.2573,0.0000,-0.3971,<0.0001,8.5600,1.2986,9.0400,0.4436,0.0161,-0.4947,<0.05
HMCP,64,10,random_broad,0.5000,12.8965,1.3634,13.4133,1.2984,0.0000,-0.3947,<0.0001,8.6400,1.2126,9.0680,0.4658,0.0232,-0.4660,<0.05
HMCP,64,10,random_broad,0.6000,12.7851,1.1964,13.2765,1.2080,0.0000,-0.4074,<0.0001,8.5400,1.1868,8.9120,0.4421,0.0424,-0.4154,<0.05
HMCP,64,10,random_broad,0.7000,12.9174,1.4582,13.0145,1.3371,0.3027,-0.0715,0.303,8.7600,1.2579,8.7160,0.5756,0.8243,0.0450,0.824
HMCP,64,10,random_broad,0.8000,12.8746,1.0681,12.9256,1.3113,0.5632,-0.0401,0.563,8.4800,0.9642,8.6840,0.5457,0.2004,-0.2604,0.200
HMCP,64,10,random_broad,0.9000,12.4081,1.1554,12.8468,1.2176,0.0000,-0.3633,<0.0001,8.3600,1.0726,8.5080,0.5188,0.3867,-0.1757,0.387
HMCP,64,10,random_broad,1.0000,12.9327,1.4153,12.6692,1.3589,0.0055,0.1926,<0.01,8.5400,1.2363,8.4120,0.5003,0.5033,0.1357,0.503
HMCP,64,10,adjusted_narrow,0.0000,9.7302,0.2753,9.5398,0.2296,0.0000,0.8008,<0.0001,5.2200,0.4600,5.0240,0.0950,0.0043,0.5901,<0.01
HMCP,64,10,adjusted_narrow,0.1000,9.7092,0.2518,9.4875,0.2277,0.0000,0.9562,<0.0001,5.4000,0.5657,5.0280,0.0801,0.0000,0.9208,<0.0001
HMCP,64,10,adjusted_narrow,0.2000,9.7037,0.2993,9.4401,0.2290,0.0000,1.0888,<0.0001,5.2800,0.4490,5.0320,0.0835,0.0003,0.7680,<0.001
HMCP,64,10,adjusted_narrow,0.3000,9.6446,0.3144,9.3700,0.2352,0.0000,1.0980,<0.0001,5.4200,0.4936,5.0120,0.1089,0.0000,1.1416,<0.0001
HMCP,64,10,adjusted_narrow,0.4000,9.5373,0.3593,9.3093,0.2300,0.0000,0.8903,<0.0001,5.3400,0.5142,4.9920,0.0560,0.0000,0.9515,<0.0001
HMCP,64,10,adjusted_narrow,0.5000,9.5012,0.3236,9.2312,0.2442,0.0000,1.0421,<0.0001,5.5000,0.5000,4.9880,0.0739,0.0000,1.4326,<0.0001
HMCP,64,10,adjusted_narrow,0.6000,9.4650,0.3297,9.1744,0.2442,0.0000,1.1165,<0.0001,5.2600,0.4821,4.9760,0.0862,0.0001,0.8201,<0.0001
HMCP,64,10,adjusted_narrow,0.7000,9.3334,0.3518,9.1034,0.2431,0.0000,0.8701,<0.0001,5.1800,0.3842,4.9760,0.0862,0.0005,0.7327,<0.001
HMCP,64,10,adjusted_narrow,0.8000,9.1998,0.3294,9.0233,0.2442,0.0000,0.6783,<0.0001,5.1800,0.3842,4.9600,0.0894,0.0002,0.7887,<0.001
HMCP,64,10,adjusted_narrow,0.9000,9.2225,0.3441,8.9765,0.2426,0.0000,0.9383,<0.0001,5.2400,0.4716,4.9720,0.0694,0.0002,0.7951,<0.001
HMCP,64,10,adjusted_narrow,1.0000,9.4125,0.3378,9.1304,0.2805,0.0000,0.9702,<0.0001,5.2000,0.4472,4.9800,0.0721,0.0010,0.6868,<0.001
HMCP,64,10,adjusted_broad,0.0000,13.8948,1.0711,14.1134,1.0287,0.0024,-0.2110,<0.01,9.4000,0.9165,9.5960,0.5020,0.1923,-0.2653,0.192
HMCP,64,10,adjusted_broad,0.1000,13.5922,1.3513,13.6283,1.3587,0.7016,-0.0266,0.702,9.2400,1.3647,9.1400,0.6174,0.6413,0.0944,0.641
HMCP,64,10,adjusted_broad,0.2000,12.8101,1.7903,12.7924,1.7674,0.8855,0.0100,0.886,8.5200,1.4455,8.4920,0.6174,0.9010,0.0252,0.901
HMCP,64,10,adjusted_broad,0.3000,12.1561,1.5145,12.0713,1.8060,0.4875,0.0481,0.488,8.1400,1.3418,8.0120,0.6898,0.5540,0.1200,0.554
HMCP,64,10,adjusted_broad,0.4000,11.4019,1.7416,11.6330,1.8408,0.0680,-0.1266,0.068,7.4200,1.3578,7.6240,0.4877,0.3247,-0.2000,0.325
HMCP,64,10,adjusted_broad,0.5000,11.1910,1.6135,11.3267,1.7230,0.2513,-0.0796,0.251,7.3400,1.3507,7.4640,0.5549,0.5536,-0.1201,0.554
HMCP,64,10,adjusted_broad,0.6000,10.6345,1.6165,10.7447,1.6801,0.3414,-0.0660,0.341,6.8800,1.0889,7.1440,0.4965,0.1257,-0.3120,0.126
HMCP,64,10,adjusted_broad,0.7000,10.5228,1.5777,10.4562,1.6102,0.5496,0.0415,0.550,6.7800,1.1365,6.8920,0.4803,0.5266,-0.1284,0.527
HMCP,64,10,adjusted_broad,0.8000,10.2386,1.3682,9.9978,1.6175,0.0280,0.1525,<0.05,6.5200,1.0998,6.5760,0.5225,0.7482,-0.0650,0.748
HMCP,64,10,adjusted_broad,0.9000,9.7642,1.6446,9.7805,1.5485,0.8803,-0.0104,0.880,6.3800,1.0562,6.3840,0.4864,0.9808,-0.0049,0.981
HMCP,64,10,adjusted_broad,1.0000,8.6664,1.8541,8.6924,1.6013,0.8198,-0.0158,0.820,5.7000,1.2207,5.7360,0.5373,0.8505,-0.0382,0.851
HMCP,128,6,binary,0.0000,12.1810,0.3246,11.9910,0.2194,0.0000,0.7913,<0.0001,6.8000,0.4000,6.1400,0.1661,0.0000,2.1550,<0.0001
HMCP,128,6,binary,0.1000,11.8969,0.3562,11.8966,0.2256,0.9894,0.0009,0.989,6.5400,0.4984,6.0440,0.1283,0.0000,1.3630,<0.0001
HMCP,128,6,binary,0.2000,11.6168,0.3810,11.7706,0.2337,0.0000,-0.5828,<0.0001,6.4200,0.5325,6.0520,0.1118,0.0000,0.9564,<0.0001
HMCP,128,6,binary,0.3000,11.5354,0.3458,11.6045,0.2390,0.0001,-0.2660,<0.001,6.4800,0.4996,6.0320,0.0926,0.0000,1.2469,<0.0001
HMCP,128,6,binary,0.4000,11.3412,0.3765,11.4663,0.2373,0.0000,-0.4712,<0.0001,6.3600,0.4800,5.9880,0.1089,0.0000,1.0689,<0.0001
HMCP,128,6,binary,0.5000,11.1634,0.3437,11.3255,0.2435,0.0000,-0.6171,<0.0001,6.1600,0.4630,6.0080,0.0796,0.0257,0.4575,<0.05
HMCP,128,6,binary,0.6000,10.9536,0.3943,11.1775,0.2516,0.0000,-0.7988,<0.0001,6.1000,0.3000,6.0000,0.0693,0.0252,0.4593,<0.05
HMCP,128,6,binary,0.7000,10.8299,0.4155,11.0104,0.2458,0.0000,-0.6420,<0.0001,6.2600,0.5219,5.9880,0.0475,0.0004,0.7340,<0.001
HMCP,128,6,binary,0.8000,10.6940,0.3553,10.8861,0.2752,0.0000,-0.6624,<0.0001,6.1000,0.5000,5.9800,0.0600,0.0985,0.3370,0.099
HMCP,128,6,binary,0.9000,10.5858,0.3869,10.7199,0.2686,0.0000,-0.4597,<0.0001,6.1200,0.3250,5.9600,0.0800,0.0012,0.6761,<0.01
HMCP,128,6,binary,1.0000,10.4983,0.3345,10.5586,0.2684,0.0020,-0.2148,<0.01,6.0000,0.3464,5.9720,0.0694,0.5803,0.1121,0.580
HMCP,128,6,random_narrow,0.0000,12.6551,0.3275,12.5982,0.2607,0.0027,0.2086,<0.01,6.9000,0.3000,6.6280,0.2040,0.0000,1.0603,<0.0001
HMCP,128,6,random_narrow,0.1000,12.3447,0.3517,12.4841,0.2520,0.0000,-0.5139,<0.0001,6.6600,0.4737,6.4960,0.2474,0.0342,0.4340,<0.05
HMCP,128,6,random_narrow,0.2000,12.0748,0.3573,12.3336,0.2492,0.0000,-0.9578,<0.0001,6.5800,0.4936,6.3040,0.2010,0.0005,0.7324,<0.001
HMCP,128,6,random_narrow,0.3000,11.9646,0.3986,12.1754,0.2619,0.0000,-0.7292,<0.0001,6.5200,0.5381,6.2600,0.2408,0.0026,0.6237,<0.01
HMCP,128,6,random_narrow,0.4000,11.7884,0.3930,12.0108,0.2594,0.0000,-0.7775,<0.0001,6.4400,0.4964,6.2280,0.2263,0.0077,0.5496,<0.01
HMCP,128,6,random_narrow,0.5000,11.6125,0.3832,11.8818,0.2673,0.0000,-0.9293,<0.0001,6.3600,0.5200,6.1640,0.1775,0.0142,0.5045,<0.05
HMCP,128,6,random_narrow,0.6000,11.4049,0.3866,11.6975,0.2732,0.0000,-0.9915,<0.0001,6.2800,0.4915,6.0680,0.1363,0.0045,0.5878,<0.01
HMCP,128,6,random_narrow,0.7000,11.2352,0.4487,11.5637,0.2891,0.0000,-1.0228,<0.0001,6.2200,0.4600,6.0400,0.1131,0.0091,0.5374,<0.01
HMCP,128,6,random_narrow,0.8000,11.0994,0.4031,11.4086,0.2852,0.0000,-1.0041,<0.0001,6.1200,0.3816,5.9760,0.1106,0.0127,0.5126,<0.05
HMCP,128,6,random_narrow,0.9000,10.9505,0.4005,11.2767,0.2976,0.0000,-1.0289,<0.0001,6.0400,0.2800,6.0080,0.0688,0.4391,0.1570,0.439
HMCP,128,6,random_narrow,1.0000,10.9482,0.3906,11.1056,0.2903,0.0000,-0.5093,<0.0001,6.0400,0.2800,5.9680,0.0926,0.0906,0.3453,0.091
HMCP,128,6,random_broad,0.0000,17.0655,1.8409,17.7023,1.3728,0.0000,-0.4359,<0.0001,13.9000,2.4352,14.9080,0.8991,0.0078,-0.5492,<0.01
HMCP,128,6,random_broad,0.1000,16.4140,1.8058,16.9756,2.0264,0.0000,-0.2820,<0.0001,13.2800,2.3155,14.0400,1.1005,0.0406,-0.4192,<0.05
HMCP,128,6,random_broad,0.2000,15.2408,2.0533,16.0767,2.4964,0.0000,-0.3442,<0.0001,12.3200,2.7888,12.9120,1.2087,0.1759,-0.2754,0.176
HMCP,128,6,random_broad,0.3000,14.5766,2.2428,15.6547,2.4232,0.0000,-0.4503,<0.0001,11.2600,2.6819,12.3880,1.1541,0.0081,-0.5464,<0.01
HMCP,128,6,random_broad,0.4000,14.2520,2.6024,14.9944,2.3475,0.0000,-0.3104,<0.0001,10.8000,3.0067,11.8280,1.1960,0.0285,-0.4493,<0.05
HMCP,128,6,random_broad,0.5000,14.2136,2.0514,14.2980,2.5706,0.6250,-0.0339,0.625,10.5800,2.2724,10.8920,1.0547,0.3855,-0.1761,0.385
HMCP,128,6,random_broad,0.6000,13.9652,2.7534,14.1416,2.4661,0.3120,-0.0701,0.312,10.3600,2.7112,10.8760,1.1777,0.2247,-0.2469,0.225
HMCP,128,6,random_broad,0.7000,12.9943,2.2958,14.1043,1.9530,0.0000,-0.5511,<0.0001,9.6800,2.4120,11.0680,0.9973,0.0003,-0.7521,<0.001
HMCP,128,6,random_broad,0.8000,12.6202,1.8471,13.3660,2.0628,0.0000,-0.3676,<0.0001,9.1800,2.1419,10.0000,1.0135,0.0173,-0.4894,<0.05
HMCP,128,6,random_broad,0.9000,13.2514,2.0950,12.8376,2.2256,0.0069,0.1877,<0.01,9.8800,2.1037,9.5960,1.2313,0.4167,0.1648,0.417
HMCP,128,6,random_broad,1.0000,12.8949,1.7689,12.7754,2.1880,0.4174,0.0562,0.417,9.4000,2.0298,9.6400,0.9847,0.4582,-0.1504,0.458
HMCP,128,6,adjusted_narrow,0.0000,12.6574,0.3294,12.5960,0.2629,0.0013,0.2233,<0.01,6.9000,0.3000,6.6280,0.2040,0.0000,1.0603,<0.0001
HMCP,128,6,adjusted_narrow,0.1000,12.2824,0.3588,12.4588,0.2524,0.0000,-0.6460,<0.0001,6.6800,0.4665,6.4720,0.2735,0.0083,0.5440,<0.01
HMCP,128,6,adjusted_narrow,0.2000,11.9250,0.3495,12.2789,0.2579,0.0000,-1.2861,<0.0001,6.5600,0.4964,6.2680,0.2063,0.0002,0.7682,<0.001
HMCP,128,6,adjusted_narrow,0.3000,11.8518,0.4386,12.0944,0.2787,0.0000,-0.7799,<0.0001,6.4800,0.5381,6.2120,0.2094,0.0016,0.6563,<0.01
HMCP,128,6,adjusted_narrow,0.4000,11.6042,0.3817,11.9130,0.2726,0.0000,-1.0516,<0.0001,6.3200,0.5075,6.1680,0.1714,0.0498,0.4013,<0.05
HMCP,128,6,adjusted_narrow,0.5000,11.4575,0.3586,11.7311,0.2754,0.0000,-0.9405,<0.0001,6.3400,0.4737,6.1200,0.1497,0.0025,0.6263,<0.01
HMCP,128,6,adjusted_narrow,0.6000,11.2260,0.4624,11.5389,0.2733,0.0000,-1.0005,<0.0001,6.1800,0.4771,6.0240,0.1176,0.0286,0.4490,<0.05
HMCP,128,6,adjusted_narrow,0.7000,11.0588,0.4732,11.3888,0.2865,0.0000,-1.0154,<0.0001,6.2000,0.4472,5.9880,0.1089,0.0017,0.6514,<0.01
HMCP,128,6,adjusted_narrow,0.8000,10.9314,0.4176,11.2347,0.2869,0.0000,-0.9706,<0.0001,6.0600,0.3693,5.9880,0.0739,0.1839,0.2703,0.184
HMCP,128,6,adjusted_narrow,0.9000,10.8276,0.3507,11.1076,0.3069,0.0000,-0.8903,<0.0001,6.0000,0.2828,5.9960,0.0848,0.9246,0.0192,0.925
HMCP,128,6,adjusted_narrow,1.0000,10.9952,0.4207,11.2910,0.3536,0.0000,-0.8092,<0.0001,6.0800,0.4833,6.0880,0.1451,0.9119,-0.0224,0.912
HMCP,128,6,adjusted_broad,0.0000,17.1018,1.8627,17.7148,1.3700,0.0000,-0.4189,<0.0001,13.9000,2.4352,14.9080,0.8991,0.0078,-0.5492,<0.01
HMCP,128,6,adjusted_broad,0.1000,14.4888,1.9640,14.1734,3.0009,0.1112,0.1105,0.111,10.5600,1.8672,10.7120,1.4267,0.6517,-0.0915,0.652
HMCP,128,6,adjusted_broad,0.2000,12.1609,2.1945,12.3128,2.5282,0.3761,-0.0614,0.376,8.7600,2.0451,8.8040,0.9537,0.8917,-0.0276,0.892
HMCP,128,6,adjusted_broad,0.3000,11.0392,1.7921,11.5785,2.0249,0.0001,-0.2713,<0.0001,7.6200,1.4545,8.1800,0.7571,0.0187,-0.4830,<0.05
HMCP,128,6,adjusted_broad,0.4000,10.5790,2.0980,10.8555,1.7957,0.0312,-0.1495,<0.05,7.2600,1.7299,7.5640,0.7660,0.2634,-0.2272,0.263
HMCP,128,6,adjusted_broad,0.5000,10.5611,1.5557,10.3472,1.6959,0.0655,0.1278,0.065,7.2200,1.4041,7.0440,0.6404,0.4266,0.1613,0.427
HMCP,128,6,adjusted_broad,0.6000,9.8939,1.6860,10.1725,1.5968,0.0128,-0.1728,<0.05,6.8200,1.2600,6.8840,0.4965,0.7415,-0.0668,0.742
HMCP,128,6,adjusted_broad,0.7000,9.7234,1.6973,10.2813,1.2965,0.0000,-0.4068,<0.0001,6.5800,1.1677,6.9520,0.5522,0.0465,-0.4073,<0.05
HMCP,128,6,adjusted_broad,0.8000,9.4920,1.4277,9.7033,1.4948,0.0401,-0.1424,<0.05,6.4400,1.0613,6.3880,0.5222,0.7589,0.0622,0.759
HMCP,128,6,adjusted_broad,0.9000,9.3875,1.6494,9.2269,1.6097,0.1520,0.0994,0.152,6.5200,1.0628,6.1720,0.5920,0.0480,0.4045,<0.05
HMCP,128,6,adjusted_broad,1.0000,8.6560,1.6610,8.2481,1.8121,0.0010,0.2282,<0.01,5.8000,0.9592,5.6360,0.4728,0.2857,0.2169,0.286
HMCP,128,10,binary,0.0000,10.1060,0.2433,9.6619,0.1865,0.0000,2.2532,<0.0001,5.4000,0.5657,4.9760,0.0650,0.0000,1.0531,<0.0001
HMCP,128,10,binary,0.1000,9.9562,0.2438,9.6377,0.1799,0.0000,1.6593,<0.0001,5.4400,0.4964,4.9360,0.1162,0.0000,1.3981,<0.0001
HMCP,128,10,binary,0.2000,9.8073,0.3065,9.5811,0.1702,0.0000,1.1342,<0.0001,5.2600,0.4821,4.9480,0.0877,0.0000,0.9005,<0.0001
HMCP,128,10,binary,0.3000,9.6140,0.3275,9.5179,0.1785,0.0000,0.4564,<0.0001,5.2200,0.4600,4.9800,0.0600,0.0005,0.7317,<0.001
HMCP,128,10,binary,0.4000,9.3999,0.3258,9.4562,0.1778,0.0001,-0.2684,<0.001,5.2000,0.4000,4.9680,0.0733,0.0001,0.8068,<0.001
HMCP,128,10,binary,0.5000,9.3319,0.3380,9.3698,0.1914,0.0142,-0.1703,<0.05,5.1400,0.3470,4.9640,0.0954,0.0009,0.6916,<0.001
HMCP,128,10,binary,0.6000,9.2756,0.3252,9.3040,0.1851,0.0569,-0.1322,0.057,5.1200,0.3816,4.9800,0.0721,0.0132,0.5098,<0.05
HMCP,128,10,binary,0.7000,9.1946,0.3405,9.2250,0.1925,0.0506,-0.1357,0.051,5.1600,0.4176,4.9800,0.0600,0.0036,0.6034,<0.01
HMCP,128,10,binary,0.8000,9.1043,0.3356,9.1620,0.1966,0.0002,-0.2555,<0.001,5.2200,0.4142,4.9640,0.0768,0.0000,0.8593,<0.0001
HMCP,128,10,binary,0.9000,9.0066,0.3128,9.0767,0.2156,0.0000,-0.2986,<0.0001,5.1400,0.3470,4.9520,0.0854,0.0004,0.7440,<0.001
HMCP,128,10,binary,1.0000,9.1894,0.3699,9.0021,0.2101,0.0000,0.7675,<0.0001,5.1000,0.4123,4.9560,0.0920,0.0190,0.4821,<0.05
HMCP,128,10,random_narrow,0.0000,10.4673,0.2225,10.1567,0.1787,0.0000,1.6632,<0.0001,5.8200,0.4331,5.2240,0.2103,0.0000,1.7506,<0.0001
HMCP,128,10,random_narrow,0.1000,10.3534,0.2532,10.1114,0.1695,0.0000,1.3006,<0.0001,5.7800,0.4600,5.1520,0.1900,0.0000,1.7845,<0.0001
HMCP,128,10,random_narrow,0.2000,10.2214,0.2488,10.0362,0.1729,0.0000,0.9870,<0.0001,5.6800,0.5075,5.1240,0.1692,0.0000,1.4697,<0.0001
HMCP,128,10,random_narrow,0.3000,10.0420,0.2776,9.9711,0.1717,0.0000,0.3671,<0.0001,5.6600,0.4737,5.0640,0.1622,0.0000,1.6834,<0.0001
HMCP,128,10,random_narrow,0.4000,9.8078,0.2987,9.9063,0.1748,0.0000,-0.4908,<0.0001,5.4800,0.4996,5.0240,0.1242,0.0000,1.2527,<0.0001
HMCP,128,10,random_narrow,0.5000,9.7246,0.3002,9.8436,0.1829,0.0000,-0.5747,<0.0001,5.4400,0.5352,5.0080,0.1055,0.0000,1.1200,<0.0001
HMCP,128,10,random_narrow,0.6000,9.6861,0.2890,9.7661,0.1824,0.0000,-0.3920,<0.0001,5.5400,0.4984,4.9920,0.0796,0.0000,1.5355,<0.0001
HMCP,128,10,random_narrow,0.7000,9.5750,0.2983,9.6935,0.1784,0.0000,-0.5829,<0.0001,5.4000,0.4899,4.9920,0.0977,0.0000,1.1551,<0.0001
HMCP,128,10,random_narrow,0.8000,9.4862,0.3342,9.6320,0.1889,0.0000,-0.6629,<0.0001,5.2600,0.4386,4.9920,0.0560,0.0001,0.8571,<0.0001
HMCP,128,10,random_narrow,0.9000,9.4189,0.3090,9.5611,0.1896,0.0000,-0.6642,<0.0001,5.3600,0.4800,4.9800,0.0825,0.0000,1.1034,<0.0001
HMCP,128,10,random_narrow,1.0000,9.6070,0.2941,9.4725,0.1931,0.0000,0.6307,<0.0001,5.4600,0.4984,4.9600,0.0894,0.0000,1.3965,<0.0001
HMCP,128,10,random_broad,0.0000,16.0332,0.9876,16.3100,1.1090,0.0003,-0.2539,<0.001,11.7800,1.5785,11.7760,0.7565,0.9873,0.0032,0.987
HMCP,128,10,random_broad,0.1000,15.6248,1.3036,16.0857,1.2866,0.0000,-0.3574,<0.0001,11.1600,1.5794,11.5600,0.6425,0.1038,-0.3318,0.104
HMCP,128,10,random_broad,0.2000,15.2207,0.9532,15.7265,1.7805,0.0000,-0.3026,<0.0001,10.8600,1.3858,11.1120,0.9184,0.2913,-0.2144,0.291
HMCP,128,10,random_broad,0.3000,14.3292,1.6125,15.3510,1.6783,0.0000,-0.6127,<0.0001,9.6600,1.4368,10.9280,0.8057,0.0000,-1.0886,<0.0001
HMCP,128,10,random_broad,0.4000,14.2458,1.4895,15.1325,1.5646,0.0000,-0.5712,<0.0001,9.8000,1.3711,10.7760,0.7906,0.0000,-0.8721,<0.0001
HMCP,128,10,random_broad,0.5000,14.0661,1.3367,14.9491,1.7968,0.0000,-0.5107,<0.0001,9.7400,1.5207,10.5080,0.7113,0.0018,-0.6470,<0.01
HMCP,128,10,random_broad,0.6000,13.9954,1.4508,14.5340,1.8467,0.0000,-0.3014,<0.0001,9.6000,1.4560,10.0480,0.7446,0.0581,-0.3874,0.058
HMCP,128,10,random_broad,0.7000,13.7240,1.4257,14.2920,1.7708,0.0000,-0.3306,<0.0001,9.4000,1.4832,10.0600,0.7871,0.0071,-0.5559,<0.01
HMCP,128,10,random_broad,0.8000,13.5448,1.2865,14.2857,1.5884,0.0000,-0.4804,<0.0001,9.0200,1.3783,9.9800,0.6515,0.0000,-0.8906,<0.0001
HMCP,128,10,random_broad,0.9000,13.0460,1.4945,13.8602,1.9776,0.0000,-0.4272,<0.0001,8.9200,1.4119,9.7160,0.8936,0.0012,-0.6737,<0.01
HMCP,128,10,random_broad,1.0000,13.6890,1.6127,13.6630,1.8851,0.8383,0.0141,0.838,9.4400,1.5513,9.5040,0.8249,0.7993,-0.0515,0.799
HMCP,128,10,adjusted_narrow,0.0000,10.4970,0.2263,10.1518,0.1856,0.0000,1.7894,<0.0001,5.7200,0.4490,5.1600,0.2078,0.0000,1.6007,<0.0001
HMCP,128,10,adjusted_narrow,0.1000,10.3158,0.2529,10.0889,0.1726,0.0000,1.2043,<0.0001,5.6000,0.4899,5.1400,0.1755,0.0000,1.2501,<0.0001
HMCP,128,10,adjusted_narrow,0.2000,10.1796,0.2538,10.0042,0.1738,0.0000,0.9258,<0.0001,5.6800,0.4665,5.0840,0.1604,0.0000,1.7086,<0.0001
HMCP,128,10,adjusted_narrow,0.3000,9.9096,0.2770,9.9401,0.1760,0.0253,-0.1553,<0.05,5.5200,0.4996,5.0800,0.1876,0.0000,1.1660,<0.0001
HMCP,128,10,adjusted_narrow,0.4000,9.6436,0.2864,9.8597,0.1793,0.0000,-1.0745,<0.0001,5.3800,0.4854,5.0560,0.1388,0.0000,0.9076,<0.0001
HMCP,128,10,adjusted_narrow,0.5000,9.5802,0.2888,9.7532,0.1868,0.0000,-0.8349,<0.0001,5.3800,0.4854,5.0440,0.1564,0.0000,0.9318,<0.0001
HMCP,128,10,adjusted_narrow,0.6000,9.5337,0.3034,9.6893,0.1850,0.0000,-0.7430,<0.0001,5.3400,0.5142,5.0360,0.0954,0.0001,0.8221,<0.0001
HMCP,128,10,adjusted_narrow,0.7000,9.4245,0.3060,9.5995,0.1855,0.0000,-0.8315,<0.0001,5.2800,0.5307,5.0080,0.0688,0.0006,0.7189,<0.001
HMCP,128,10,adjusted_narrow,0.8000,9.3503,0.3267,9.5235,0.1908,0.0000,-0.7896,<0.0001,5.1800,0.4331,5.0040,0.0747,0.0061,0.5663,<0.01
HMCP,128,10,adjusted_narrow,0.9000,9.2965,0.2916,9.4492,0.1980,0.0000,-0.7056,<0.0001,5.1200,0.3816,4.9720,0.0981,0.0099,0.5313,<0.01
HMCP,128,10,adjusted_narrow,1.0000,9.7682,0.3045,9.7266,0.2518,0.0219,0.1590,<0.05,5.4600,0.5370,5.1200,0.1833,0.0001,0.8474,<0.0001
HMCP,128,10,adjusted_broad,0.0000,15.9488,0.9572,16.2938,1.1000,0.0000,-0.3201,<0.0001,11.7800,1.5785,11.7760,0.7565,0.9873,0.0032,0.987
HMCP,128,10,adjusted_broad,0.1000,14.4422,1.9947,14.6682,2.2239,0.1362,-0.1033,0.136,10.0800,2.0769,10.3120,0.9079,0.4754,-0.1447,0.475
HMCP,128,10,adjusted_broad,0.2000,13.2146,1.6476,13.3001,2.4044,0.5912,-0.0372,0.591,8.8600,1.5233,9.1480,1.0821,0.2833,-0.2180,0.283
HMCP,128,10,adjusted_broad,0.3000,12.1316,2.1215,12.2090,2.3232,0.6262,-0.0338,0.626,8.0600,1.7136,8.3040,0.8072,0.3694,-0.1822,0.369
HMCP,128,10,adjusted_broad,0.4000,11.3049,1.6903,11.7483,1.9706,0.0009,-0.2301,<0.001,7.2400,1.3048,8.0240,0.7393,0.0004,-0.7393,<0.001
HMCP,128,10,adjusted_broad,0.5000,11.1818,1.5313,11.3138,1.8365,0.2878,-0.0737,0.288,7.3600,1.2452,7.7760,0.6556,0.0411,-0.4181,<0.05
HMCP,128,10,adjusted_broad,0.6000,10.8227,1.4989,10.5659,1.5985,0.0194,0.1623,<0.05,7.0200,1.2883,7.1120,0.5854,0.6500,-0.0919,0.650
HMCP,128,10,adjusted_broad,0.7000,10.4992,1.3870,10.2653,1.5529,0.0272,0.1533,<0.05,7.1200,1.1940,6.8400,0.5600,0.1404,0.3003,0.140
HMCP,128,10,adjusted_broad,0.8000,10.2122,1.4344,10.2536,1.4131,0.6733,-0.0292,0.673,6.7400,1.0356,6.7880,0.4857,0.7696,-0.0593,0.770
HMCP,128,10,adjusted_broad,0.9000,9.4405,1.5927,9.6662,1.5129,0.0331,-0.1478,<0.05,6.0800,1.0167,6.4440,0.4653,0.0248,-0.4604,<0.05
HMCP,128,10,adjusted_broad,1.0000,8.5612,1.5891,8.4816,1.7563,0.5071,0.0460,0.507,5.8000,1.0000,5.7040,0.5048,0.5500,0.1212,0.550
HMCP,256,6,binary,0.0000,12.4729,0.2729,12.7072,0.1639,0.0000,-1.2566,<0.0001,6.6400,0.4800,6.2920,0.2048,0.0000,0.9431,<0.0001
HMCP,256,6,binary,0.1000,11.8438,0.3704,12.6033,0.1695,0.0000,-3.5125,<0.0001,6.4000,0.4899,6.2160,0.2072,0.0173,0.4892,<0.05
HMCP,256,6,binary,0.2000,11.6060,0.3172,12.4093,0.1675,0.0000,-4.0105,<0.0001,6.3800,0.5250,6.1080,0.1560,0.0008,0.7024,<0.001
HMCP,256,6,binary,0.3000,11.3295,0.3499,12.1929,0.1821,0.0000,-3.9412,<0.0001,6.1200,0.3816,6.0640,0.1466,0.3399,0.1937,0.340
HMCP,256,6,binary,0.4000,11.2023,0.3278,12.0058,0.1914,0.0000,-3.6517,<0.0001,6.1000,0.3000,6.0400,0.0980,0.1863,0.2689,0.186
HMCP,256,6,binary,0.5000,11.0057,0.2786,11.7914,0.2010,0.0000,-3.6398,<0.0001,6.1000,0.4123,5.9840,0.0967,0.0581,0.3874,0.058
HMCP,256,6,binary,0.6000,10.8604,0.2948,11.5957,0.2152,0.0000,-3.1923,<0.0001,6.1800,0.4331,5.9760,0.0763,0.0016,0.6560,<0.01
HMCP,256,6,binary,0.7000,10.7043,0.2875,11.3864,0.2186,0.0000,-2.9471,<0.0001,6.1200,0.3250,5.9920,0.0392,0.0074,0.5530,<0.01
HMCP,256,6,binary,0.8000,10.5671,0.2594,11.1871,0.2204,0.0000,-2.7277,<0.0001,5.9600,0.2800,5.9920,0.0392,0.4301,-0.1601,0.430
HMCP,256,6,binary,0.9000,10.4156,0.2768,10.9817,0.2299,0.0000,-2.3753,<0.0001,6.0200,0.3156,5.9840,0.0543,0.4332,0.1590,0.433
HMCP,256,6,binary,1.0000,10.4564,0.3028,10.7727,0.2369,0.0000,-1.2696,<0.0001,6.0600,0.3105,5.9600,0.0894,0.0327,0.4377,<0.05
HMCP,256,6,random_narrow,0.0000,12.9118,0.3159,13.3003,0.1937,0.0000,-1.7756,<0.0001,6.7800,0.4142,6.8760,0.1544,0.1317,-0.3071,0.132
HMCP,256,6,random_narrow,0.1000,12.3084,0.4248,13.1688,0.1889,0.0000,-3.5202,<0.0001,6.5200,0.5381,6.7720,0.1833,0.0025,-0.6269,<0.01
HMCP,256,6,random_narrow,0.2000,12.0588,0.3836,12.9351,0.1922,0.0000,-3.7272,<0.0001,6.3800,0.5250,6.7040,0.2088,0.0001,-0.8110,<0.001
HMCP,256,6,random_narrow,0.3000,11.7446,0.3889,12.7359,0.2087,0.0000,-3.9989,<0.0001,6.1800,0.4331,6.5800,0.2600,0.0000,-1.1198,<0.0001
HMCP,256,6,random_narrow,0.4000,11.6438,0.3412,12.5246,0.2115,0.0000,-3.7004,<0.0001,6.1000,0.4583,6.4200,0.2506,0.0000,-0.8664,<0.0001
HMCP,256,6,random_narrow,0.5000,11.4194,0.3212,12.3218,0.2183,0.0000,-3.7837,<0.0001,6.1200,0.4308,6.3000,0.2750,0.0154,-0.4981,<0.05
HMCP,256,6,random_narrow,0.6000,11.3387,0.3062,12.0841,0.2262,0.0000,-3.0887,<0.0001,6.1800,0.4331,6.2000,0.1697,0.7641,-0.0608,0.764
HMCP,256,6,random_narrow,0.7000,11.0744,0.3376,11.8979,0.2303,0.0000,-3.2759,<0.0001,6.1000,0.3606,6.1120,0.1796,0.8352,-0.0421,0.835
HMCP,256,6,random_narrow,0.8000,10.9244,0.2955,11.6706,0.2440,0.0000,-2.9466,<0.0001,6.0200,0.2441,6.0200,0.1217,1.0000,0.0000,1.000
HMCP,256,6,random_narrow,0.9000,10.8004,0.3204,11.4633,0.2439,0.0000,-2.5672,<0.0001,6.0600,0.4200,6.0000,0.1058,0.3346,0.1959,0.335
HMCP,256,6,random_narrow,1.0000,10.8252,0.2862,11.2678,0.2494,0.0000,-1.7297,<0.0001,5.9800,0.3156,5.9720,0.0981,0.8658,0.0342,0.866
HMCP,256,6,random_broad,0.0000,17.9703,2.4795,19.7985,1.8951,0.0000,-0.9123,<0.0001,16.3600,3.4162,18.9840,1.5934,0.0000,-0.9844,<0.0001
HMCP,256,6,random_broad,0.1000,17.1680,2.4231,18.0635,3.3952,0.0001,-0.2752,<0.0001,14.7400,3.5654,16.3640,1.7676,0.0052,-0.5771,<0.01
HMCP,256,6,random_broad,0.2000,16.6979,2.3778,16.8532,3.5571,0.5086,-0.0458,0.509,13.3600,3.3750,14.7400,1.8544,0.0138,-0.5068,<0.05
HMCP,256,6,random_broad,0.3000,15.1514,2.5296,16.1082,3.3818,0.0000,-0.2939,<0.0001,11.8200,2.8684,13.7920,1.7518,0.0001,-0.8298,<0.0001
HMCP,256,6,random_broad,0.4000,14.4314,2.4430,15.0385,3.1611,0.0042,-0.1988,<0.01,10.9400,2.5800,12.4520,1.7490,0.0010,-0.6860,<0.001
HMCP,256,6,random_broad,0.5000,13.9559,2.8024,14.4295,3.0454,0.0232,-0.1575,<0.05,10.3600,2.8054,11.9400,1.7446,0.0012,-0.6764,<0.01
HMCP,256,6,random_broad,0.6000,13.1189,2.6156,13.7533,2.8584,0.0012,-0.2250,<0.01,9.9400,2.9557,11.0600,1.7345,0.0243,-0.4622,<0.05
HMCP,256,6,random_broad,0.7000,12.6787,2.2199,13.3453,2.5375,0.0001,-0.2680,<0.001,9.7400,2.7189,10.7280,1.5162,0.0286,-0.4488,<0.05
HMCP,256,6,random_broad,0.8000,12.9669,2.2724,12.9354,2.3868,0.8478,0.0133,0.848,10.1400,2.6534,10.1480,1.2597,0.9848,-0.0039,0.985
HMCP,256,6,random_broad,0.9000,12.6759,2.1810,12.4549,2.3195,0.1653,0.0962,0.165,9.9600,2.6605,9.7480,1.4084,0.6231,0.0996,0.623
HMCP,256,6,random_broad,1.0000,12.7092,1.8106,12.5825,2.1936,0.3918,0.0594,0.392,9.7600,2.0451,9.8640,1.2461,0.7618,-0.0614,0.762
HMCP,256,6,adjusted_narrow,0.0000,12.9200,0.3206,13.3116,0.1926,0.0000,-1.7872,<0.0001,6.7800,0.4142,6.8760,0.1544,0.1317,-0.3071,0.132
HMCP,256,6,adjusted_narrow,0.1000,12.2152,0.4109,13.1397,0.1967,0.0000,-3.7644,<0.0001,6.4400,0.5352,6.7600,0.1918,0.0002,-0.7960,<0.001
HMCP,256,6,adjusted_narrow,0.2000,11.9254,0.3700,12.8519,0.1948,0.0000,-3.9730,<0.0001,6.2800,0.5307,6.6720,0.2030,0.0000,-0.9757,<0.0001
HMCP,256,6,adjusted_narrow,0.3000,11.5783,0.4009,12.6008,0.2078,0.0000,-4.0825,<0.0001,6.2000,0.4472,6.5360,0.2575,0.0000,-0.9208,<0.0001
HMCP,256,6,adjusted_narrow,0.4000,11.4404,0.3559,12.3462,0.2284,0.0000,-3.5651,<0.0001,6.0400,0.3441,6.3400,0.2307,0.0000,-1.0242,<0.0001
HMCP,256,6,adjusted_narrow,0.5000,11.2176,0.3356,12.1082,0.2284,0.0000,-3.5711,<0.0001,6.1200,0.4308,6.2440,0.2539,0.0857,-0.3507,0.086
HMCP,256,6,adjusted_narrow,0.6000,11.0845,0.3136,11.8568,0.2420,0.0000,-3.0255,<0.0001,6.0800,0.3370,6.1520,0.1723,0.1861,-0.2690,0.186
HMCP,256,6,adjusted_narrow,0.7000,10.8941,0.3284,11.6492,0.2531,0.0000,-2.8270,<0.0001,6.1000,0.3606,6.1000,0.1755,1.0000,0.0000,1.000
HMCP,256,6,adjusted_narrow,0.8000,10.7154,0.3100,11.4158,0.2485,0.0000,-2.6965,<0.0001,5.9800,0.2441,5.9920,0.1055,0.7528,-0.0638,0.753
HMCP,256,6,adjusted_narrow,0.9000,10.6366,0.3410,11.2349,0.2603,0.0000,-2.1729,<0.0001,5.9800,0.3156,6.0040,0.0848,0.6083,-0.1039,0.608
HMCP,256,6,adjusted_narrow,1.0000,10.9521,0.3253,11.3735,0.3124,0.0000,-1.3396,<0.0001,6.0400,0.3980,6.3600,0.1960,0.0000,-1.0201,<0.0001
HMCP,256,6,adjusted_broad,0.0000,17.9563,2.4717,19.7947,1.8805,0.0000,-0.9234,<0.0001,16.3600,3.4162,18.9840,1.5934,0.0000,-0.9844,<0.0001
HMCP,256,6,adjusted_broad,0.1000,13.5330,2.3350,12.9100,3.2050,0.0036,0.2024,<0.01,10.4400,3.1187,9.9040,1.2356,0.2661,0.2260,0.266
HMCP,256,6,adjusted_broad,0.2000,11.4222,1.9243,11.3120,2.4034,0.4951,0.0473,0.495,7.7800,1.5658,8.2720,0.9293,0.0615,-0.3821,0.062
HMCP,256,6,adjusted_broad,0.3000,10.6300,1.9244,10.7175,1.8924,0.5061,-0.0461,0.506,7.4400,2.0412,7.5320,0.8066,0.7698,-0.0593,0.770
HMCP,256,6,adjusted_broad,0.4000,10.2810,1.7681,10.3010,1.7093,0.8666,-0.0117,0.867,7.2000,1.4832,7.2120,0.6933,0.9592,-0.0104,0.959
HMCP,256,6,adjusted_broad,0.5000,10.0274,1.7082,9.9648,1.5702,0.5713,0.0393,0.571,6.9600,1.3994,7.0240,0.6605,0.7728,-0.0585,0.773
HMCP,256,6,adjusted_broad,0.6000,9.5411,1.6148,9.6261,1.4374,0.4039,-0.0579,0.404,6.8000,1.4422,6.6400,0.6040,0.4755,0.1447,0.476
HMCP,256,6,adjusted_broad,0.7000,9.4692,1.4399,9.5753,1.3645,0.2667,-0.0770,0.267,6.6400,1.0911,6.5560,0.4788,0.6228,0.0997,0.623
HMCP,256,6,adjusted_broad,0.8000,9.3935,1.3203,9.2859,1.3659,0.2533,0.0792,0.253,6.4400,1.0800,6.3040,0.4617,0.4196,0.1637,0.420
HMCP,256,6,adjusted_broad,0.9000,8.9850,1.3491,8.8849,1.3187,0.2760,0.0756,0.276,6.0600,1.0278,6.0880,0.5109,0.8648,-0.0345,0.865
HMCP,256,6,adjusted_broad,1.0000,7.6846,1.2433,7.9480,1.6165,0.0150,-0.1688,<0.05,5.3600,0.8188,5.5480,0.5626,0.1883,-0.2676,0.188
HMCP,256,10,binary,0.0000,10.3778,0.2499,10.2090,0.1340,0.0000,1.0608,<0.0001,5.4800,0.5381,4.9600,0.0894,0.0000,1.3480,<0.0001
HMCP,256,10,binary,0.1000,10.0803,0.2320,10.1867,0.1367,0.0000,-0.6793,<0.0001,5.3600,0.5571,4.9760,0.0650,0.0000,0.9682,<0.0001
HMCP,256,10,binary,0.2000,9.6699,0.2252,10.1146,0.1428,0.0000,-2.7886,<0.0001,5.2000,0.4472,4.9640,0.0866,0.0005,0.7327,<0.001
HMCP,256,10,binary,0.3000,9.2763,0.2159,10.0289,0.1401,0.0000,-4.8465,<0.0001,5.0400,0.3441,4.9760,0.0650,0.2038,0.2585,0.204
HMCP,256,10,binary,0.4000,8.9717,0.2172,9.9316,0.1340,0.0000,-6.3551,<0.0001,4.9800,0.3736,4.9640,0.0866,0.7709,0.0590,0.771
HMCP,256,10,binary,0.5000,8.9620,0.2346,9.8351,0.1507,0.0000,-5.2095,<0.0001,5.0200,0.3156,4.9280,0.1184,0.0590,0.3860,0.059
HMCP,256,10,binary,0.6000,8.9079,0.2098,9.7502,0.1543,0.0000,-5.1107,<0.0001,5.0000,0.2000,4.9480,0.0877,0.0988,0.3367,0.099
HMCP,256,10,binary,0.7000,8.8513,0.2307,9.6432,0.1460,0.0000,-4.8544,<0.0001,4.9400,0.2375,4.9480,0.0877,0.8254,-0.0447,0.825
HMCP,256,10,binary,0.8000,8.7702,0.2470,9.5469,0.1557,0.0000,-4.4575,<0.0001,4.9800,0.1400,4.9760,0.0650,0.8564,0.0366,0.856
HMCP,256,10,binary,0.9000,8.7145,0.2108,9.4515,0.1691,0.0000,-4.1704,<0.0001,4.9800,0.1400,4.9600,0.0980,0.4146,0.1655,0.415
HMCP,256,10,binary,1.0000,9.0344,0.2628,9.3472,0.1804,0.0000,-1.5912,<0.0001,5.0000,0.4000,4.9520,0.1024,0.4178,0.1644,0.418
HMCP,256,10,random_narrow,0.0000,10.7360,0.1765,10.6000,0.1352,0.0000,0.9518,<0.0001,5.9000,0.3000,5.4240,0.2354,0.0000,1.7652,<0.0001
HMCP,256,10,random_narrow,0.1000,10.4039,0.2002,10.5504,0.1322,0.0000,-1.0054,<0.0001,5.8000,0.4000,5.3280,0.1908,0.0000,1.5062,<0.0001
HMCP,256,10,random_narrow,0.2000,9.9998,0.2283,10.4661,0.1299,0.0000,-3.0930,<0.0001,5.6400,0.4800,5.2520,0.1825,0.0000,1.0686,<0.0001
HMCP,256,10,random_narrow,0.3000,9.5710,0.1875,10.3922,0.1339,0.0000,-5.6946,<0.0001,5.1400,0.3470,5.1960,0.2020,0.3313,-0.1973,0.331
HMCP,256,10,random_narrow,0.4000,9.3101,0.2170,10.2964,0.1352,0.0000,-6.4940,<0.0001,5.1200,0.3250,5.1440,0.1791,0.6517,-0.0915,0.652
HMCP,256,10,random_narrow,0.5000,9.2456,0.2067,10.2077,0.1395,0.0000,-6.2993,<0.0001,5.1400,0.4477,5.1160,0.2043,0.7335,0.0690,0.734
HMCP,256,10,random_narrow,0.6000,9.2404,0.2061,10.1148,0.1410,0.0000,-5.6861,<0.0001,5.2400,0.4271,5.0560,0.1388,0.0051,0.5795,<0.01
HMCP,256,10,random_narrow,0.7000,9.1663,0.2283,10.0240,0.1487,0.0000,-5.2109,<0.0001,5.0400,0.3441,4.9920,0.0977,0.3498,0.1898,0.350
HMCP,256,10,random_narrow,0.8000,9.0948,0.2278,9.9337,0.1513,0.0000,-5.0407,<0.0001,4.9800,0.3156,4.9720,0.1059,0.8668,0.0340,0.867
HMCP,256,10,random_narrow,0.9000,9.0338,0.2073,9.8301,0.1532,0.0000,-4.8730,<0.0001,4.9800,0.1400,4.9760,0.1106,0.8756,0.0317,0.876
HMCP,256,10,random_narrow,1.0000,9.3778,0.2344,9.7291,0.1504,0.0000,-2.0993,<0.0001,5.3000,0.5000,4.9920,0.0796,0.0000,0.8603,<0.0001
HMCP,256,10,random_broad,0.0000,17.6366,1.0165,18.3181,1.1153,0.0000,-0.6197,<0.0001,13.5400,2.2110,14.1120,0.9140,0.0974,-0.3381,0.097
HMCP,256,10,random_broad,0.1000,16.7682,1.2799,17.6525,1.9989,0.0000,-0.4658,<0.0001,12.1600,2.0529,13.2800,1.1426,0.0012,-0.6742,<0.01
HMCP,256,10,random_broad,0.2000,15.3586,2.0551,16.9185,2.1943,0.0000,-0.7182,<0.0001,10.7600,2.1219,12.8000,1.0681,0.0000,-1.2145,<0.0001
HMCP,256,10,random_broad,0.3000,14.6043,1.8826,16.2952,2.5172,0.0000,-0.6978,<0.0001,9.8800,1.9354,12.3200,1.2630,0.0000,-1.4931,<0.0001
HMCP,256,10,random_broad,0.4000,14.6118,1.3180,16.0906,2.4901,0.0000,-0.6330,<0.0001,9.6200,1.5606,12.0120,1.1651,0.0000,-1.7369,<0.0001
HMCP,256,10,random_broad,0.5000,14.1643,1.7856,15.4674,2.4634,0.0000,-0.5511,<0.0001,9.4000,1.7664,11.4960,1.0705,0.0000,-1.4351,<0.0001
HMCP,256,10,random_broad,0.6000,13.8442,2.0429,15.4184,2.3391,0.0000,-0.6867,<0.0001,9.3800,1.7651,11.5680,1.0766,0.0000,-1.4966,<0.0001
HMCP,256,10,random_broad,0.7000,13.9361,1.5207,14.8557,2.4189,0.0000,-0.4008,<0.0001,9.5600,1.4988,10.9800,1.0698,0.0000,-1.0906,<0.0001
HMCP,256,10,random_broad,0.8000,14.0036,1.4118,14.2718,2.4722,0.0969,-0.1151,0.097,9.6200,1.4952,10.5040,1.1615,0.0015,-0.6603,<0.01
HMCP,256,10,random_broad,0.9000,13.6184,1.3693,14.1262,2.3977,0.0012,-0.2247,<0.01,9.1000,1.6155,10.4480,1.0907,0.0000,-0.9780,<0.0001
HMCP,256,10,random_broad,1.0000,13.3445,2.0943,13.7553,2.2285,0.0073,-0.1862,<0.01,9.2200,1.9625,10.2040,1.1706,0.0033,-0.6090,<0.01
HMCP,256,10,adjusted_narrow,0.0000,10.7210,0.1898,10.5961,0.1313,0.0000,0.8753,<0.0001,5.9000,0.3000,5.4240,0.2354,0.0000,1.7652,<0.0001
HMCP,256,10,adjusted_narrow,0.1000,10.3259,0.2119,10.5365,0.1368,0.0000,-1.3864,<0.0001,5.8000,0.4000,5.2960,0.1843,0.0000,1.6183,<0.0001
HMCP,256,10,adjusted_narrow,0.2000,9.9044,0.2219,10.4405,0.1303,0.0000,-3.5875,<0.0001,5.6000,0.4899,5.2520,0.1910,0.0000,0.9359,<0.0001
HMCP,256,10,adjusted_narrow,0.3000,9.4294,0.1923,10.3338,0.1354,0.0000,-6.1795,<0.0001,5.1000,0.3000,5.1640,0.1947,0.2133,-0.2531,0.213
HMCP,256,10,adjusted_narrow,0.4000,9.1552,0.2101,10.2249,0.1429,0.0000,-6.8515,<0.0001,5.0600,0.2375,5.0960,0.1509,0.3727,-0.1809,0.373
HMCP,256,10,adjusted_narrow,0.5000,9.0673,0.2430,10.1210,0.1511,0.0000,-6.2045,<0.0001,5.0600,0.4200,5.0640,0.1572,0.9503,-0.0126,0.950
HMCP,256,10,adjusted_narrow,0.6000,9.0806,0.2217,10.0111,0.1559,0.0000,-5.5189,<0.0001,5.1400,0.3470,5.0200,0.1217,0.0245,0.4615,<0.05
HMCP,256,10,adjusted_narrow,0.7000,9.0161,0.2382,9.9059,0.1519,0.0000,-5.2561,<0.0001,4.9800,0.2441,4.9880,0.0840,0.8287,-0.0438,0.829
HMCP,256,10,adjusted_narrow,0.8000,8.9541,0.2251,9.7941,0.1597,0.0000,-4.8759,<0.0001,4.9400,0.3693,4.9520,0.1237,0.8297,-0.0436,0.830
HMCP,256,10,adjusted_narrow,0.9000,8.9215,0.2301,9.6990,0.1572,0.0000,-4.5332,<0.0001,5.0000,0.0000,4.9720,0.0895,0.0334,0.3127,<0.05
HMCP,256,10,adjusted_narrow,1.0000,9.5734,0.2730,10.0024,0.2301,0.0000,-1.8046,<0.0001,5.5000,0.5385,5.3200,0.1876,0.0295,0.4464,<0.05
HMCP,256,10,adjusted_broad,0.0000,17.6873,1.0520,18.3763,1.1209,0.0000,-0.6208,<0.0001,13.5400,2.2110,14.1120,0.9140,0.0974,-0.3381,0.097
HMCP,256,10,adjusted_broad,0.1000,14.4511,2.3613,14.3865,3.1033,0.7556,0.0216,0.756,10.0200,2.2582,10.3800,1.1365,0.3213,-0.2014,0.321
HMCP,256,10,adjusted_broad,0.2000,11.6695,2.1816,12.1680,2.6575,0.0055,-0.1929,<0.01,7.8000,1.6000,8.6120,1.0341,0.0036,-0.6028,<0.01
HMCP,256,10,adjusted_broad,0.3000,11.4232,1.8601,11.2302,2.1763,0.1907,0.0908,0.191,7.4200,1.2663,7.7320,0.8751,0.1591,-0.2867,0.159
HMCP,256,10,adjusted_broad,0.4000,11.3452,1.4494,11.0258,1.9267,0.0132,0.1721,<0.05,7.4800,1.1531,7.7040,0.7421,0.2556,-0.2310,0.256
HMCP,256,10,adjusted_broad,0.5000,10.5243,1.2942,10.5316,1.6211,0.9466,-0.0046,0.947,6.9000,1.1358,7.1640,0.6062,0.1544,-0.2900,0.154
HMCP,256,10,adjusted_broad,0.6000,9.9680,1.6806,10.3387,1.4775,0.0004,-0.2450,<0.001,6.7600,1.2737,7.1560,0.6453,0.0551,-0.3922,0.055
HMCP,256,10,adjusted_broad,0.7000,10.3109,1.2393,9.9565,1.4184,0.0002,0.2549,<0.001,7.0400,1.0575,6.8360,0.5149,0.2276,0.2453,0.228
HMCP,256,10,adjusted_broad,0.8000,9.7307,1.1995,9.5196,1.4483,0.0310,0.1497,<0.05,6.5800,1.0600,6.5000,0.4771,0.6311,0.0973,0.631
HMCP,256,10,adjusted_broad,0.9000,9.4940,1.2727,9.2525,1.3886,0.0111,0.1763,<0.05,6.4800,0.9642,6.2440,0.5158,0.1341,0.3052,0.134
HMCP,256,10,adjusted_broad,1.0000,8.0435,1.5204,7.8142,1.5139,0.0292,0.1513,<0.05,5.5800,1.0216,5.4720,0.4895,0.5061,0.1348,0.506
HMCP,512,6,binary,0.0000,11.9182,0.2837,13.1775,0.1200,0.0000,-7.9041,<0.0001,6.2800,0.4490,6.6200,0.3816,0.0068,-0.8160,<0.01
HMCP,512,6,binary,0.1000,11.3297,0.2458,13.0315,0.1228,0.0000,-11.3151,<0.0001,6.0000,0.2828,6.2400,0.2871,0.0054,-0.8422,<0.01
HMCP,512,6,binary,0.2000,10.8574,0.2350,12.7507,0.1277,0.0000,-12.5414,<0.0001,5.9600,0.1960,6.1800,0.3124,0.0053,-0.8437,<0.01
HMCP,512,6,binary,0.3000,10.6798,0.2927,12.4305,0.1335,0.0000,-10.2630,<0.0001,5.8800,0.3250,6.2000,0.3742,0.0027,-0.9132,<0.01
HMCP,512,6,binary,0.4000,10.4882,0.2571,12.1083,0.1485,0.0000,-9.4514,<0.0001,5.9600,0.1960,6.0000,0.2000,0.4874,-0.2020,0.487
HMCP,512,6,binary,0.5000,10.3062,0.2725,11.7926,0.1582,0.0000,-8.1566,<0.0001,6.0000,0.2828,6.0200,0.1720,0.7685,-0.0854,0.769
HMCP,512,6,binary,0.6000,10.2229,0.2232,11.4523,0.1675,0.0000,-6.9086,<0.0001,6.0000,0.0000,6.0000,0.0000,,,NaN
HMCP,512,6,binary,0.7000,9.9934,0.2235,11.1375,0.1827,0.0000,-6.0185,<0.0001,5.9600,0.1960,5.9800,0.0980,0.6567,-0.1291,0.657
HMCP,512,6,binary,0.8000,9.9003,0.2368,10.8013,0.1887,0.0000,-4.5626,<0.0001,6.0000,0.2828,5.9800,0.0980,0.7448,0.0945,0.745
HMCP,512,6,binary,0.9000,9.7392,0.1900,10.4955,0.1863,0.0000,-4.0456,<0.0001,6.0000,0.0000,5.9800,0.0980,0.3273,0.2041,0.327
HMCP,512,6,binary,1.0000,9.7015,0.2302,10.2169,0.2053,0.0000,-2.4584,<0.0001,5.9200,0.2713,5.9400,0.1625,0.7580,-0.0894,0.758
HMCP,512,6,random_narrow,0.0000,12.4190,0.2956,13.7742,0.1490,0.0000,-7.4550,<0.0001,6.1600,0.5426,6.9600,0.1356,0.0000,-2.0229,<0.0001
HMCP,512,6,random_narrow,0.1000,11.7580,0.2839,13.5838,0.1605,0.0000,-9.7758,<0.0001,6.0800,0.3919,6.8600,0.2245,0.0000,-2.4423,<0.0001
HMCP,512,6,random_narrow,0.2000,11.3084,0.2825,13.2991,0.1574,0.0000,-10.8101,<0.0001,5.9600,0.1960,6.8400,0.2332,0.0000,-4.0853,<0.0001
HMCP,512,6,random_narrow,0.3000,11.1089,0.3081,12.9692,0.1559,0.0000,-9.7975,<0.0001,5.9600,0.3441,6.8200,0.2400,0.0000,-2.8991,<0.0001
HMCP,512,6,random_narrow,0.4000,10.8837,0.2807,12.6355,0.1748,0.0000,-8.9188,<0.0001,5.8400,0.3666,6.5800,0.3655,0.0000,-2.0215,<0.0001
HMCP,512,6,random_narrow,0.5000,10.7018,0.3188,12.2982,0.1739,0.0000,-7.7788,<0.0001,5.9200,0.2713,6.3800,0.4308,0.0001,-1.2778,<0.0001
HMCP,512,6,random_narrow,0.6000,10.5914,0.2600,11.9631,0.1822,0.0000,-6.9546,<0.0001,5.9600,0.1960,6.3800,0.3816,0.0000,-1.3847,<0.0001
HMCP,512,6,random_narrow,0.7000,10.3813,0.2657,11.6296,0.1918,0.0000,-6.0616,<0.0001,5.8800,0.3250,6.2600,0.2871,0.0001,-1.2394,<0.0001
HMCP,512,6,random_narrow,0.8000,10.2261,0.2539,11.3052,0.1992,0.0000,-5.1558,<0.0001,5.9200,0.2713,6.0600,0.1625,0.0351,-0.6261,<0.05
HMCP,512,6,random_narrow,0.9000,10.0689,0.2337,10.9866,0.2067,0.0000,-4.3398,<0.0001,5.8400,0.3666,6.1000,0.2000,0.0037,-0.8805,<0.01
HMCP,512,6,random_narrow,1.0000,10.0100,0.2351,10.6966,0.2089,0.0000,-3.2169,<0.0001,5.8800,0.4308,5.9800,0.2227,0.3175,-0.2916,0.317
HMCP,512,6,random_broad,0.0000,18.8375,1.9881,21.9068,1.7095,0.0000,-1.7450,<0.0001,17.4400,4.6654,24.3000,3.7789,0.0000,-1.6159,<0.0001
HMCP,512,6,random_broad,0.1000,16.7727,2.5944,18.7844,3.6883,0.0000,-0.5699,<0.0001,14.9200,4.4445,18.2200,3.7791,0.0079,-0.8000,<0.01
HMCP,512,6,random_broad,0.2000,15.4171,2.9793,16.4240,3.9833,0.0002,-0.2626,<0.001,12.5200,4.1581,16.0400,4.1855,0.0053,-0.8438,<0.01
HMCP,512,6,random_broad,0.3000,14.8864,2.9540,14.9025,3.5528,0.9466,-0.0046,0.947,11.2800,3.5386,13.1000,3.2680,0.0703,-0.5344,0.070
HMCP,512,6,random_broad,0.4000,14.3171,2.3265,14.3167,3.2730,0.9986,0.0001,0.999,11.1200,2.8750,12.5400,4.1879,0.1772,-0.3953,0.177
HMCP,512,6,random_broad,0.5000,13.4990,2.8744,13.5617,3.1771,0.7725,-0.0200,0.772,10.1200,3.4330,12.0200,3.9661,0.0823,-0.5123,0.082
HMCP,512,6,random_broad,0.6000,12.7780,2.6074,12.7993,2.5841,0.9053,-0.0082,0.905,9.3200,2.5569,11.4000,3.3734,0.0200,-0.6949,<0.05
HMCP,512,6,random_broad,0.7000,12.5388,2.3262,12.4082,2.2781,0.4103,0.0571,0.410,10.2800,2.6309,9.9200,1.7815,0.5814,0.1602,0.581
HMCP,512,6,random_broad,0.8000,12.7642,2.0137,11.6442,2.1192,0.0000,0.5328,<0.0001,9.6400,2.4961,9.6200,2.1692,0.9765,0.0086,0.976
HMCP,512,6,random_broad,0.9000,12.1175,2.0181,11.3967,1.9408,0.0000,0.3689,<0.0001,8.6800,2.3953,9.1400,1.7235,0.4488,-0.2205,0.449
HMCP,512,6,random_broad,1.0000,11.8753,2.1703,11.2461,1.8779,0.0000,0.3261,<0.0001,8.4800,2.2471,9.4400,1.6082,0.0952,-0.4913,0.095
HMCP,512,6,adjusted_narrow,0.0000,12.4118,0.3055,13.7732,0.1539,0.0000,-7.2489,<0.0001,6.2800,0.5307,6.9400,0.1625,0.0000,-1.6818,<0.0001
HMCP,512,6,adjusted_narrow,0.1000,11.6755,0.2934,13.5217,0.1584,0.0000,-9.8366,<0.0001,6.0000,0.4000,6.9600,0.1356,0.0000,-3.2143,<0.0001
HMCP,512,6,adjusted_narrow,0.2000,11.1529,0.2752,13.1299,0.1605,0.0000,-10.7102,<0.0001,5.9600,0.1960,6.7200,0.3187,0.0000,-2.8725,<0.0001
HMCP,512,6,adjusted_narrow,0.3000,10.9359,0.3297,12.7239,0.1686,0.0000,-8.7489,<0.0001,6.0400,0.3441,6.6800,0.3429,0.0000,-1.8631,<0.0001
HMCP,512,6,adjusted_narrow,0.4000,10.6665,0.2729,12.3047,0.1803,0.0000,-8.2439,<0.0001,5.9200,0.2713,6.6000,0.3464,0.0000,-2.1856,<0.0001
HMCP,512,6,adjusted_narrow,0.5000,10.4918,0.3175,11.9115,0.1987,0.0000,-6.3701,<0.0001,5.9200,0.2713,6.4200,0.3919,0.0000,-1.4835,<0.0001
HMCP,512,6,adjusted_narrow,0.6000,10.3682,0.2655,11.5334,0.1899,0.0000,-5.7004,<0.0001,5.8000,0.4000,6.3400,0.3929,0.0000,-1.3620,<0.0001
HMCP,512,6,adjusted_narrow,0.7000,10.1562,0.2677,11.1835,0.2072,0.0000,-4.7028,<0.0001,5.7600,0.4271,6.1400,0.2653,0.0006,-1.0688,<0.001
HMCP,512,6,adjusted_narrow,0.8000,10.0041,0.2715,10.8537,0.2038,0.0000,-3.9234,<0.0001,5.8400,0.4630,6.1000,0.2000,0.0149,-0.7290,<0.05
HMCP,512,6,adjusted_narrow,0.9000,9.8867,0.2090,10.5861,0.2034,0.0000,-3.4229,<0.0001,5.7200,0.4490,6.0200,0.2993,0.0090,-0.7862,<0.01
HMCP,512,6,adjusted_narrow,1.0000,10.0608,0.2594,10.5391,0.2267,0.0000,-2.0576,<0.0001,6.0400,0.4454,6.7200,0.3187,0.0000,-1.7558,<0.0001
HMCP,512,6,adjusted_broad,0.0000,18.7544,1.9588,21.8767,1.7459,0.0000,-1.7511,<0.0001,17.6800,4.5670,24.5000,3.8053,0.0000,-1.6225,<0.0001
HMCP,512,6,adjusted_broad,0.1000,12.1358,2.3896,11.6720,2.4143,0.0056,0.1924,<0.01,9.4000,3.4059,8.3600,1.7118,0.1877,0.3858,0.188
HMCP,512,6,adjusted_broad,0.2000,10.9104,2.1196,10.3554,1.8574,0.0000,0.2915,<0.0001,7.0400,1.6608,7.8400,1.0929,0.0545,-0.5691,0.054
HMCP,512,6,adjusted_broad,0.3000,9.8912,1.4567,9.7409,1.4920,0.1447,0.1012,0.145,7.0000,1.4697,6.8000,0.8944,0.5717,0.1644,0.572
HMCP,512,6,adjusted_broad,0.4000,9.7456,1.1901,9.6083,1.3395,0.1326,0.1043,0.133,6.7200,1.2172,6.9400,1.1342,0.5202,-0.1870,0.520
HMCP,512,6,adjusted_broad,0.5000,9.2907,1.2136,9.3130,1.2930,0.8014,-0.0174,0.801,5.9600,1.1825,6.6000,1.1136,0.0595,-0.5572,0.059
HMCP,512,6,adjusted_broad,0.6000,8.9907,1.4309,9.1355,1.0222,0.0579,-0.1316,0.058,6.2800,1.4288,6.5400,0.9372,0.4597,-0.2152,0.460
HMCP,512,6,adjusted_broad,0.7000,8.7923,1.1548,8.9735,1.0163,0.0121,-0.1741,<0.05,6.6800,1.2560,6.3400,0.4630,0.2194,0.3592,0.219
HMCP,512,6,adjusted_broad,0.8000,8.9147,0.9949,8.6781,1.1096,0.0018,0.2168,<0.01,6.0400,1.1482,6.1400,0.7813,0.7258,-0.1018,0.726
HMCP,512,6,adjusted_broad,0.9000,8.5438,1.0177,8.4552,1.0852,0.2345,0.0825,0.234,5.6400,1.0911,5.9200,0.7026,0.2958,-0.3051,0.296
HMCP,512,6,adjusted_broad,1.0000,7.1331,1.2620,7.2243,1.3768,0.3330,-0.0671,0.333,5.2000,0.7483,5.1400,0.7144,0.7775,0.0820,0.778
HMCP,512,10,binary,0.0000,10.0116,0.1519,10.5075,0.0767,0.0000,-5.3058,<0.0001,5.7200,0.4490,5.1200,0.2135,0.0000,1.7066,<0.0001
HMCP,512,10,binary,0.1000,9.4649,0.1528,10.4666,0.0750,0.0000,-10.8178,<0.0001,5.4400,0.4964,4.9600,0.1356,0.0000,1.3192,<0.0001
HMCP,512,10,binary,0.2000,8.9994,0.1543,10.3880,0.0790,0.0000,-14.5111,<0.0001,5.2000,0.4000,4.9800,0.2227,0.0227,0.6796,<0.05
HMCP,512,10,binary,0.3000,8.5629,0.1235,10.2757,0.0847,0.0000,-18.5582,<0.0001,4.9600,0.3441,4.9600,0.1356,1.0000,0.0000,1.000
HMCP,512,10,binary,0.4000,8.3125,0.1439,10.1385,0.0837,0.0000,-18.9497,<0.0001,5.0000,0.0000,4.9400,0.2154,0.1850,0.2785,0.185
HMCP,512,10,binary,0.5000,8.2798,0.1491,9.9871,0.0893,0.0000,-16.7798,<0.0001,5.0000,0.0000,4.9600,0.1356,0.1615,0.2949,0.161
HMCP,512,10,binary,0.6000,8.2350,0.1244,9.8297,0.1024,0.0000,-14.9916,<0.0001,5.0000,0.0000,4.9800,0.0980,0.3273,0.2041,0.327
HMCP,512,10,binary,0.7000,8.1958,0.1189,9.6785,0.1117,0.0000,-13.1334,<0.0001,5.0000,0.0000,4.9800,0.0980,0.3273,0.2041,0.327
HMCP,512,10,binary,0.8000,8.1690,0.1372,9.5402,0.1209,0.0000,-11.0755,<0.0001,5.0000,0.0000,4.9200,0.1833,0.0429,0.4364,<0.05
HMCP,512,10,binary,0.9000,8.1302,0.1412,9.3952,0.1227,0.0000,-10.0422,<0.0001,5.0000,0.0000,4.9600,0.1356,0.1615,0.2949,0.161
HMCP,512,10,binary,1.0000,8.5504,0.1493,9.2486,0.1251,0.0000,-5.3928,<0.0001,5.2400,0.4271,4.9200,0.1833,0.0015,0.9737,<0.01
HMCP,512,10,random_narrow,0.0000,10.3343,0.1603,10.9167,0.1101,0.0000,-4.8570,<0.0001,5.4000,0.4899,5.6400,0.3007,0.0463,-0.5905,<0.05
HMCP,512,10,random_narrow,0.1000,9.7892,0.1722,10.8504,0.1124,0.0000,-8.5349,<0.0001,5.4000,0.4899,5.3200,0.4214,0.5471,0.1751,0.547
HMCP,512,10,random_narrow,0.2000,9.2992,0.1559,10.7587,0.1105,0.0000,-12.2369,<0.0001,5.0800,0.3919,5.3600,0.3323,0.0103,-0.7707,<0.05
HMCP,512,10,random_narrow,0.3000,8.8797,0.1396,10.6439,0.1087,0.0000,-15.4211,<0.0001,4.8800,0.3250,5.4400,0.3262,0.0000,-1.7200,<0.0001
HMCP,512,10,random_narrow,0.4000,8.5991,0.1432,10.5124,0.1068,0.0000,-16.8384,<0.0001,5.0000,0.0000,5.2800,0.3187,0.0002,-0.8784,<0.001
HMCP,512,10,random_narrow,0.5000,8.5720,0.1613,10.3615,0.1027,0.0000,-15.6257,<0.0001,5.0000,0.0000,5.1000,0.3162,0.1344,-0.3162,0.134
HMCP,512,10,random_narrow,0.6000,8.5354,0.1236,10.2188,0.1127,0.0000,-14.6890,<0.0001,5.0000,0.0000,5.1200,0.2561,0.0308,-0.4685,<0.05
HMCP,512,10,random_narrow,0.7000,8.4670,0.1453,10.0755,0.1221,0.0000,-12.7366,<0.0001,5.0000,0.0000,5.0600,0.2154,0.1850,-0.2785,0.185
HMCP,512,10,random_narrow,0.8000,8.4477,0.1455,9.9225,0.1269,0.0000,-11.3290,<0.0001,4.9600,0.1960,5.0600,0.2154,0.0990,-0.4856,0.099
HMCP,512,10,random_narrow,0.9000,8.3921,0.1518,9.7904,0.1293,0.0000,-10.4889,<0.0001,5.0000,0.0000,5.0400,0.1960,0.3273,-0.2041,0.327
HMCP,512,10,random_narrow,1.0000,8.8026,0.1594,9.6475,0.1374,0.0000,-5.9805,<0.0001,5.0400,0.3441,4.9600,0.2417,0.3560,0.2691,0.356
HMCP,512,10,random_broad,0.0000,17.6138,1.4874,20.1571,1.0976,0.0000,-2.0493,<0.0001,14.3600,2.4146,18.3200,2.2040,0.0000,-1.7130,<0.0001
HMCP,512,10,random_broad,0.1000,16.5417,1.7093,18.7058,2.4382,0.0000,-0.9738,<0.0001,11.7200,2.6461,15.9800,2.4310,0.0000,-1.6766,<0.0001
HMCP,512,10,random_broad,0.2000,15.7062,1.7267,17.7163,3.0198,0.0000,-0.7557,<0.0001,11.4000,2.4495,14.4600,2.5255,0.0001,-1.2300,<0.0001
HMCP,512,10,random_broad,0.3000,14.3845,1.6080,17.0448,3.0299,0.0000,-1.0066,<0.0001,10.2400,2.1777,14.6200,2.9539,0.0000,-1.6879,<0.0001
HMCP,512,10,random_broad,0.4000,13.9553,1.6698,16.1357,3.0480,0.0000,-0.8168,<0.0001,9.2400,1.7270,13.2000,2.8071,0.0000,-1.6992,<0.0001
HMCP,512,10,random_broad,0.5000,13.7785,1.8534,15.3755,2.7512,0.0000,-0.6418,<0.0001,10.9200,2.4153,12.4000,2.5962,0.0464,-0.5903,<0.05
HMCP,512,10,random_broad,0.6000,13.7491,1.4379,14.0319,2.7736,0.1311,-0.1172,0.131,9.9200,1.7645,11.0000,2.7532,0.1122,-0.4671,0.112
HMCP,512,10,random_broad,0.7000,13.6112,1.5166,14.0536,2.6943,0.0162,-0.1868,<0.05,10.1600,1.4051,11.5200,2.9614,0.0476,-0.5868,<0.05
HMCP,512,10,random_broad,0.8000,13.2917,1.6658,13.3614,2.7478,0.7127,-0.0286,0.713,9.1600,1.8478,10.2600,2.4541,0.0858,-0.5064,0.086
HMCP,512,10,random_broad,0.9000,12.9470,1.9728,13.6828,2.5049,0.0001,-0.3143,<0.0001,8.6400,1.8521,10.9600,1.8650,0.0001,-1.2483,<0.0001
HMCP,512,10,random_broad,1.0000,13.1236,1.8607,13.3279,2.1978,0.2082,-0.0977,0.208,9.8800,2.2328,10.7000,2.2045,0.2066,-0.3696,0.207
HMCP,512,10,adjusted_narrow,0.0000,10.3432,0.1757,10.9102,0.1084,0.0000,-4.2132,<0.0001,5.6400,0.4800,5.6200,0.3250,0.8665,0.0488,0.866
HMCP,512,10,adjusted_narrow,0.1000,9.7009,0.1733,10.8331,0.1149,0.0000,-8.2539,<0.0001,5.2400,0.5122,5.4000,0.4472,0.2547,-0.3328,0.255
HMCP,512,10,adjusted_narrow,0.2000,9.1613,0.1637,10.7081,0.1139,0.0000,-11.6641,<0.0001,5.0000,0.2828,5.4400,0.4079,0.0001,-1.2536,<0.0001
HMCP,512,10,adjusted_narrow,0.3000,8.7107,0.1535,10.5518,0.1094,0.0000,-14.6339,<0.0001,4.8400,0.3666,5.3600,0.4800,0.0001,-1.2176,<0.001
HMCP,512,10,adjusted_narrow,0.4000,8.4446,0.1474,10.3623,0.1114,0.0000,-15.3964,<0.0001,4.9200,0.2713,5.2000,0.3742,0.0047,-0.8568,<0.01
HMCP,512,10,adjusted_narrow,0.5000,8.4123,0.1650,10.1977,0.1100,0.0000,-13.6406,<0.0001,4.9600,0.1960,5.0200,0.0980,0.1860,-0.3873,0.186
HMCP,512,10,adjusted_narrow,0.6000,8.3897,0.1372,10.0227,0.1241,0.0000,-12.6963,<0.0001,4.9600,0.1960,4.9600,0.2417,1.0000,0.0000,1.000
HMCP,512,10,adjusted_narrow,0.7000,8.3487,0.1461,9.8710,0.1329,0.0000,-11.0780,<0.0001,4.9600,0.1960,5.0800,0.1833,0.0333,-0.6325,<0.05
HMCP,512,10,adjusted_narrow,0.8000,8.3310,0.1518,9.7261,0.1379,0.0000,-9.7763,<0.0001,4.9600,0.1960,5.0400,0.1356,0.1066,-0.4747,0.107
HMCP,512,10,adjusted_narrow,0.9000,8.3258,0.1691,9.5776,0.1338,0.0000,-8.5450,<0.0001,4.9600,0.1960,5.0000,0.1414,0.4214,-0.2341,0.421
HMCP,512,10,adjusted_narrow,1.0000,9.0147,0.2038,9.7542,0.1740,0.0000,-4.0092,<0.0001,5.2400,0.4271,5.4800,0.2993,0.0288,-0.6508,<0.05
HMCP,512,10,adjusted_broad,0.0000,17.7100,1.4441,20.1410,1.0967,0.0000,-1.9872,<0.0001,14.5600,2.5152,17.8400,2.0963,0.0000,-1.4167,<0.0001
HMCP,512,10,adjusted_broad,0.1000,13.4697,2.6925,13.3413,3.1920,0.5856,0.0423,0.586,9.0000,2.8705,9.5200,2.0808,0.4759,-0.2074,0.476
HMCP,512,10,adjusted_broad,0.2000,11.6940,1.8422,11.8713,2.4829,0.3185,-0.0774,0.318,8.5200,1.4455,8.3400,1.5794,0.6823,0.1189,0.682
HMCP,512,10,adjusted_broad,0.3000,10.9592,1.6783,10.7017,1.7848,0.0582,0.1471,0.058,7.7200,1.4006,7.6800,1.4063,0.9218,0.0285,0.922
HMCP,512,10,adjusted_broad,0.4000,10.3202,1.3496,10.1947,1.4006,0.2428,0.0907,0.243,7.0400,1.4555,7.3800,1.0980,0.3655,-0.2637,0.365
HMCP,512,10,adjusted_broad,0.5000,9.8539,1.2258,9.7705,1.1555,0.3623,0.0707,0.362,7.1600,1.4333,6.8600,0.9436,0.3960,0.2472,0.396
HMCP,512,10,adjusted_broad,0.6000,9.8332,0.7611,9.3303,1.2139,0.0000,0.4637,<0.0001,6.7600,0.9069,6.4200,0.8681,0.1909,0.3830,0.191
HMCP,512,10,adjusted_broad,0.7000,9.3294,0.9110,9.2533,1.0285,0.3228,0.0767,0.323,7.0800,0.8447,6.4800,0.7547,0.0125,0.7491,<0.05
HMCP,512,10,adjusted_broad,0.8000,9.1331,0.8659,8.7795,1.2283,0.0001,0.3155,<0.0001,6.2000,0.9798,6.1400,0.8546,0.8221,0.0653,0.822
HMCP,512,10,adjusted_broad,0.9000,8.7502,1.0856,8.7977,1.0411,0.5624,-0.0450,0.562,6.0000,1.0198,6.3000,0.7211,0.2451,-0.3397,0.245
HMCP,512,10,adjusted_broad,1.0000,7.7094,1.2931,7.6380,1.3857,0.4969,0.0527,0.497,5.2800,0.9174,5.3200,0.5455,0.8551,-0.0530,0.855
HMCP,1024,6,binary,0.0000,10.2069,0.2196,13.3758,0.0861,0.0000,-26.5915,<0.0001,5.7667,0.4302,6.7778,0.2203,0.0000,-2.9586,<0.0001
HMCP,1024,6,binary,0.1000,9.3576,0.1756,13.1660,0.0956,0.0000,-33.7341,<0.0001,5.1000,0.3051,6.6000,0.2537,0.0000,-5.3457,<0.0001
HMCP,1024,6,binary,0.2000,8.7012,0.1581,12.7322,0.1128,0.0000,-33.1699,<0.0001,5.0000,0.0000,6.4222,0.2759,0.0000,-5.1550,<0.0001
HMCP,1024,6,binary,0.3000,8.3670,0.1388,12.1665,0.1131,0.0000,-32.2668,<0.0001,4.9667,0.1826,6.0778,0.1434,0.0000,-6.7686,<0.0001
HMCP,1024,6,binary,0.4000,8.3478,0.1411,11.6224,0.1014,0.0000,-30.0450,<0.0001,5.0000,0.2626,6.0556,0.1263,0.0000,-5.1223,<0.0001
HMCP,1024,6,binary,0.5000,8.3044,0.1471,11.1067,0.1029,0.0000,-25.1355,<0.0001,5.0333,0.1826,6.0111,0.0609,0.0000,-7.1852,<0.0001
HMCP,1024,6,binary,0.6000,8.2740,0.1362,10.6496,0.0928,0.0000,-23.4518,<0.0001,4.9667,0.1826,6.0111,0.0609,0.0000,-7.6751,<0.0001
HMCP,1024,6,binary,0.7000,8.2286,0.1353,10.2101,0.1019,0.0000,-18.3215,<0.0001,5.0000,0.0000,6.0000,0.0000,0.0000,,<0.0001
HMCP,1024,6,binary,0.8000,8.1933,0.1304,9.7992,0.0911,0.0000,-16.2712,<0.0001,4.9333,0.2537,6.0000,0.0000,0.0000,-5.9458,<0.0001
HMCP,1024,6,binary,0.9000,8.1586,0.1375,9.4338,0.0892,0.0000,-12.8977,<0.0001,4.9667,0.1826,6.0000,0.0000,0.0000,-8.0042,<0.0001
HMCP,1024,6,binary,1.0000,8.4637,0.1344,9.0771,0.0918,0.0000,-6.1273,<0.0001,5.2667,0.4498,6.0000,0.0000,0.0000,-2.3058,<0.0001
HMCP,1024,6,random_narrow,0.0000,9.9142,0.2321,13.2825,0.1373,0.0000,-19.2834,<0.0001,5.8667,0.3457,7.0000,0.0000,0.0000,-4.6357,<0.0001
HMCP,1024,6,random_narrow,0.1000,9.1126,0.2471,12.8934,0.1534,0.0000,-19.9190,<0.0001,5.5333,0.5074,7.0000,0.0000,0.0000,-4.0877,<0.0001
HMCP,1024,6,random_narrow,0.2000,8.5631,0.1671,12.2792,0.1269,0.0000,-26.2467,<0.0001,5.2333,0.5040,7.0000,0.0000,0.0000,-4.9572,<0.0001
HMCP,1024,6,random_narrow,0.3000,8.1043,0.2106,11.5909,0.1201,0.0000,-22.3324,<0.0001,4.9667,0.3198,7.0000,0.0000,0.0000,-8.9906,<0.0001
HMCP,1024,6,random_narrow,0.4000,8.0486,0.2085,11.0568,0.1327,0.0000,-18.5748,<0.0001,5.1000,0.3051,7.0000,0.0000,0.0000,-8.8061,<0.0001
HMCP,1024,6,random_narrow,0.5000,7.9538,0.1882,10.4523,0.1073,0.0000,-17.8994,<0.0001,5.0667,0.4498,7.0000,0.0000,0.0000,-6.0789,<0.0001
HMCP,1024,6,random_narrow,0.6000,7.8822,0.1642,9.9697,0.1194,0.0000,-15.3508,<0.0001,5.1000,0.3051,7.0000,0.0000,0.0000,-8.8061,<0.0001
HMCP,1024,6,random_narrow,0.7000,7.7915,0.1389,9.4720,0.0861,0.0000,-15.7639,<0.0001,5.1667,0.3790,7.0000,0.0000,0.0000,-6.8401,<0.0001
HMCP,1024,6,random_narrow,0.8000,7.6897,0.1087,9.1125,0.0999,0.0000,-13.8218,<0.0001,5.0000,0.2626,7.0000,0.0000,0.0000,-10.7703,<0.0001
HMCP,1024,6,random_narrow,0.9000,7.6125,0.1072,8.6778,0.1170,0.0000,-9.3604,<0.0001,5.0333,0.3198,7.0000,0.0000,0.0000,-8.6958,<0.0001
HMCP,1024,6,random_narrow,1.0000,7.7230,0.1260,8.3593,0.0718,0.0000,-6.8157,<0.0001,5.3333,0.4795,6.8333,0.2397,0.0000,-3.9573,<0.0001
HMCP,1024,6,random_broad,0.0000,15.2598,1.7205,19.9245,1.4628,0.0000,-3.0030,<0.0001,15.8000,3.6803,36.7667,4.8561,0.0000,-4.8663,<0.0001
HMCP,1024,6,random_broad,0.1000,13.9600,2.0971,16.9446,3.1986,0.0000,-1.0366,<0.0001,13.1000,3.8627,23.9167,7.5431,0.0000,-1.8051,<0.0001
HMCP,1024,6,random_broad,0.2000,12.2730,2.1007,14.6531,3.0876,0.0000,-0.8506,<0.0001,9.9667,2.4563,17.4167,5.9583,0.0000,-1.6348,<0.0001
HMCP,1024,6,random_broad,0.3000,12.2233,1.9610,12.7028,2.7996,0.0156,-0.1879,<0.05,10.6667,3.3356,12.7667,4.8915,0.0576,-0.5016,0.058
HMCP,1024,6,random_broad,0.4000,11.5918,2.0100,11.7822,2.4352,0.2867,-0.0827,0.287,9.1667,2.5742,12.0167,4.5324,0.0044,-0.7733,<0.01
HMCP,1024,6,random_broad,0.5000,11.4569,1.7104,11.0662,2.0422,0.0095,0.2016,<0.01,9.2667,2.7660,11.8667,4.6829,0.0119,-0.6761,<0.05
HMCP,1024,6,random_broad,0.6000,11.4806,1.5802,10.3630,1.8874,0.0000,0.6240,<0.0001,9.7333,2.3183,9.6167,2.2116,0.8426,0.0515,0.843
HMCP,1024,6,random_broad,0.7000,10.6846,1.4745,10.2042,1.6880,0.0001,0.2965,<0.001,9.1667,2.0356,9.7000,2.1440,0.3272,-0.2551,0.327
HMCP,1024,6,random_broad,0.8000,10.9034,1.6430,9.8266,1.4791,0.0000,0.7012,<0.0001,9.0667,2.1804,9.3833,2.2348,0.5807,-0.1434,0.581
HMCP,1024,6,random_broad,0.9000,10.5450,1.5801,9.6190,1.5092,0.0000,0.6040,<0.0001,9.8000,2.7965,9.2333,1.8971,0.3627,0.2371,0.363
HMCP,1024,6,random_broad,1.0000,10.3086,1.5188,9.6346,1.2651,0.0000,0.4975,<0.0001,8.7667,2.6481,9.8500,2.1097,0.0852,-0.4525,0.085
HMCP,1024,6,adjusted_narrow,0.0000,10.5983,0.2457,13.9396,0.1338,0.0000,-18.6685,<0.0001,5.9333,0.2537,7.0000,0.0000,0.0000,-5.9458,<0.0001
HMCP,1024,6,adjusted_narrow,0.1000,9.5948,0.2168,13.5901,0.1369,0.0000,-23.8150,<0.0001,5.5000,0.5085,7.0000,0.0000,0.0000,-4.1713,<0.0001
HMCP,1024,6,adjusted_narrow,0.2000,8.9034,0.2165,12.9511,0.1128,0.0000,-26.0815,<0.0001,5.1667,0.4611,7.0000,0.0000,0.0000,-5.6225,<0.0001
HMCP,1024,6,adjusted_narrow,0.3000,8.5076,0.1452,12.2329,0.1218,0.0000,-28.6465,<0.0001,4.9333,0.2537,7.0000,0.0000,0.0000,-11.5200,<0.0001
HMCP,1024,6,adjusted_narrow,0.4000,8.4777,0.1561,11.6032,0.1044,0.0000,-25.2015,<0.0001,5.0000,0.0000,7.0000,0.0000,0.0000,,<0.0001
HMCP,1024,6,adjusted_narrow,0.5000,8.4422,0.1335,11.0358,0.1079,0.0000,-22.1612,<0.0001,5.0667,0.3651,7.0000,0.0000,0.0000,-7.4878,<0.0001
HMCP,1024,6,adjusted_narrow,0.6000,8.3882,0.1360,10.5312,0.0996,0.0000,-18.9601,<0.0001,4.9667,0.4901,7.0000,0.0000,0.0000,-5.8669,<0.0001
HMCP,1024,6,adjusted_narrow,0.7000,8.3469,0.1332,10.0909,0.0974,0.0000,-15.7668,<0.0001,5.0000,0.2626,7.0000,0.0000,0.0000,-10.7703,<0.0001
HMCP,1024,6,adjusted_narrow,0.8000,8.3058,0.1162,9.7037,0.0814,0.0000,-14.8035,<0.0001,5.0333,0.1826,6.9333,0.1729,0.0000,-10.6868,<0.0001
HMCP,1024,6,adjusted_narrow,0.9000,8.2730,0.1233,9.3893,0.0866,0.0000,-11.1314,<0.0001,5.0000,0.2626,6.9167,0.1895,0.0000,-8.3696,<0.0001
HMCP,1024,6,adjusted_narrow,1.0000,8.6813,0.1333,9.2213,0.0935,0.0000,-4.9832,<0.0001,5.5333,0.5074,7.1000,0.2034,0.0000,-4.0529,<0.0001
HMCP,1024,6,adjusted_broad,0.0000,16.8123,1.9345,22.8855,1.6987,0.0000,-3.4106,<0.0001,16.2000,3.7361,36.6500,3.9939,0.0000,-5.2882,<0.0001
HMCP,1024,6,adjusted_broad,0.1000,11.4116,2.2509,11.0530,1.8965,0.0225,0.1774,<0.05,8.7000,2.5751,9.0667,2.4059,0.5710,-0.1471,0.571
HMCP,1024,6,adjusted_broad,0.2000,9.8391,1.8208,9.8145,1.3097,0.8323,0.0164,0.832,7.2333,1.8511,8.1667,1.5219,0.0373,-0.5508,<0.05
HMCP,1024,6,adjusted_broad,0.3000,9.4794,1.4125,9.0829,1.1304,0.0000,0.3220,<0.0001,7.3000,1.8782,6.8333,1.1472,0.2512,0.2999,0.251
HMCP,1024,6,adjusted_broad,0.4000,8.8441,1.2384,8.8809,0.9022,0.6446,-0.0358,0.645,6.5667,1.3817,7.1000,1.0860,0.1022,-0.4292,0.102
HMCP,1024,6,adjusted_broad,0.5000,8.6652,0.9846,8.5773,0.7960,0.1896,0.1019,0.190,6.7333,1.8370,6.7500,1.0484,0.9658,-0.0111,0.966
HMCP,1024,6,adjusted_broad,0.6000,8.6328,0.7581,8.3615,0.7381,0.0000,0.3642,<0.0001,6.6667,1.1842,6.4833,0.8758,0.4983,0.1760,0.498
HMCP,1024,6,adjusted_broad,0.7000,8.1897,0.6183,8.2334,0.7078,0.4065,-0.0644,0.406,6.3667,1.2452,6.4667,0.8401,0.7169,-0.0941,0.717
HMCP,1024,6,adjusted_broad,0.8000,8.1023,0.7123,8.1171,0.6528,0.7766,-0.0220,0.777,6.2667,1.1427,6.4500,0.9130,0.4952,-0.1773,0.495
HMCP,1024,6,adjusted_broad,0.9000,7.8649,0.7415,7.8967,0.7275,0.5759,-0.0434,0.576,6.1667,1.1472,6.0500,0.7234,0.6396,0.1217,0.640
HMCP,1024,6,adjusted_broad,1.0000,6.7231,0.9380,6.9015,1.0511,0.0237,-0.1758,<0.05,4.9333,0.9072,5.3833,0.7733,0.0433,-0.5339,<0.05
HMCP,1024,10,binary,0.0000,9.2397,0.1168,10.6433,0.0498,0.0000,-21.3117,<0.0001,5.0667,0.2537,5.1667,0.1908,0.0902,-0.4455,0.090
HMCP,1024,10,binary,0.1000,8.6273,0.1083,10.5878,0.0521,0.0000,-30.2235,<0.0001,4.9333,0.2537,5.0778,0.1894,0.0156,-0.6452,<0.05
HMCP,1024,10,binary,0.2000,8.1688,0.1057,10.4791,0.0575,0.0000,-34.0026,<0.0001,5.0000,0.0000,5.0000,0.0000,,,NaN
HMCP,1024,10,binary,0.3000,7.7371,0.0917,10.3195,0.0625,0.0000,-37.8497,<0.0001,4.8000,0.4068,5.0000,0.0000,0.0117,-0.6952,<0.05
HMCP,1024,10,binary,0.4000,7.6264,0.0645,10.0997,0.0674,0.0000,-36.9421,<0.0001,4.8667,0.3457,5.0111,0.0609,0.0315,-0.5819,<0.05
HMCP,1024,10,binary,0.5000,7.6284,0.0783,9.8576,0.0803,0.0000,-27.8645,<0.0001,5.0000,0.0000,5.0000,0.0000,,,NaN
HMCP,1024,10,binary,0.6000,7.6335,0.0841,9.5956,0.0881,0.0000,-22.4443,<0.0001,5.0000,0.0000,5.0000,0.0000,,,NaN
HMCP,1024,10,binary,0.7000,7.6169,0.0860,9.3101,0.0934,0.0000,-18.3684,<0.0001,4.9000,0.3051,5.0000,0.0000,0.0831,-0.4635,0.083
HMCP,1024,10,binary,0.8000,7.6048,0.0759,9.0609,0.0788,0.0000,-18.5859,<0.0001,4.9333,0.2537,5.0000,0.0000,0.1608,-0.3716,0.161
HMCP,1024,10,binary,0.9000,7.5938,0.0769,8.8318,0.0707,0.0000,-17.2430,<0.0001,4.9000,0.3051,5.0000,0.0000,0.0831,-0.4635,0.083
HMCP,1024,10,binary,1.0000,8.0600,0.1173,8.6171,0.0757,0.0000,-6.6291,<0.0001,5.0000,0.0000,5.0000,0.0000,,,NaN
HMCP,1024,10,random_narrow,0.0000,8.8780,0.1405,10.5565,0.0810,0.0000,-16.0438,<0.0001,5.4667,0.5074,6.0000,0.0000,0.0000,-1.4864,<0.0001
HMCP,1024,10,random_narrow,0.1000,8.4266,0.1552,10.4681,0.0894,0.0000,-17.6634,<0.0001,5.1333,0.3457,6.0000,0.0000,0.0000,-3.5449,<0.0001
HMCP,1024,10,random_narrow,0.2000,7.8456,0.0861,10.2401,0.1094,0.0000,-23.4272,<0.0001,4.9667,0.3198,5.9833,0.0913,0.0000,-4.3227,<0.0001
HMCP,1024,10,random_narrow,0.3000,7.5767,0.1095,9.9158,0.1341,0.0000,-18.5026,<0.0001,4.9333,0.2537,6.0000,0.0000,0.0000,-5.9458,<0.0001
HMCP,1024,10,random_narrow,0.4000,7.4462,0.1468,9.5601,0.0914,0.0000,-18.7185,<0.0001,4.9667,0.1826,5.9833,0.0913,0.0000,-7.0437,<0.0001
HMCP,1024,10,random_narrow,0.5000,7.4216,0.1478,9.2946,0.0886,0.0000,-16.7476,<0.0001,4.9667,0.1826,5.9833,0.0913,0.0000,-7.0437,<0.0001
HMCP,1024,10,random_narrow,0.6000,7.4012,0.1460,8.9818,0.1169,0.0000,-12.4125,<0.0001,5.0000,0.0000,5.9500,0.1526,0.0000,-6.2269,<0.0001
HMCP,1024,10,random_narrow,0.7000,7.3676,0.1427,8.6882,0.0840,0.0000,-12.3220,<0.0001,4.9667,0.1826,5.9000,0.2034,0.0000,-4.8290,<0.0001
HMCP,1024,10,random_narrow,0.8000,7.3477,0.1462,8.5010,0.0632,0.0000,-11.6646,<0.0001,4.9333,0.2537,5.9167,0.1895,0.0000,-4.3913,<0.0001
HMCP,1024,10,random_narrow,0.9000,7.2977,0.1468,8.3163,0.0755,0.0000,-9.7209,<0.0001,4.9333,0.2537,5.8333,0.2397,0.0000,-3.6464,<0.0001
HMCP,1024,10,random_narrow,1.0000,7.5182,0.0611,8.0948,0.0944,0.0000,-6.7994,<0.0001,5.0333,0.1826,5.7000,0.2816,0.0000,-2.8091,<0.0001
HMCP,1024,10,random_broad,0.0000,15.7882,1.3917,19.2370,1.0149,0.0000,-2.9883,<0.0001,14.8667,2.7004,23.4833,3.0891,0.0000,-2.9700,<0.0001
HMCP,1024,10,random_broad,0.1000,14.4766,1.4383,16.9943,3.0080,0.0000,-0.9709,<0.0001,12.8333,2.8050,19.0000,4.1294,0.0000,-1.7470,<0.0001
HMCP,1024,10,random_broad,0.2000,13.5079,1.3771,16.0350,2.6883,0.0000,-1.0822,<0.0001,10.9333,2.4059,17.4667,3.7964,0.0000,-2.0557,<0.0001
HMCP,1024,10,random_broad,0.3000,12.5899,1.6257,14.4543,2.9827,0.0000,-0.7142,<0.0001,9.7667,2.4870,14.4500,4.3179,0.0000,-1.3292,<0.0001
HMCP,1024,10,random_broad,0.4000,12.3380,1.5566,13.2292,2.9839,0.0000,-0.3431,<0.0001,10.0000,2.3781,13.9500,6.0477,0.0020,-0.8596,<0.01
HMCP,1024,10,random_broad,0.5000,12.0648,1.5406,12.5032,2.8599,0.0240,-0.1754,<0.05,9.6000,1.7340,12.2000,3.7246,0.0013,-0.8950,<0.01
HMCP,1024,10,random_broad,0.6000,11.9804,1.2445,12.2749,2.3426,0.0635,-0.1441,0.064,9.1667,1.8585,11.4333,2.7125,0.0004,-0.9749,<0.001
HMCP,1024,10,random_broad,0.7000,11.7048,1.7234,12.0035,2.2924,0.0697,-0.1409,0.070,9.6333,1.8096,11.6500,3.7282,0.0109,-0.6882,<0.05
HMCP,1024,10,random_broad,0.8000,11.2985,1.5697,11.1874,1.9866,0.4411,0.0598,0.441,9.2000,2.1719,10.8167,2.3543,0.0076,-0.7138,<0.01
HMCP,1024,10,random_broad,0.9000,11.2806,1.2461,11.0932,1.7083,0.1242,0.1194,0.124,8.8000,1.2972,10.2833,2.2271,0.0028,-0.8139,<0.01
HMCP,1024,10,random_broad,1.0000,11.1777,1.3693,10.8071,1.7135,0.0030,0.2306,<0.01,9.5667,2.2234,10.0833,2.3892,0.3895,-0.2239,0.389
HMCP,1024,10,adjusted_narrow,0.0000,9.5262,0.1333,10.9801,0.1000,0.0000,-12.9650,<0.0001,5.5000,0.5085,6.0000,0.0000,0.0000,-1.3904,<0.0001
HMCP,1024,10,adjusted_narrow,0.1000,8.8587,0.1598,10.8855,0.1024,0.0000,-16.2844,<0.0001,5.1000,0.4026,6.0000,0.0000,0.0000,-3.1616,<0.0001
HMCP,1024,10,adjusted_narrow,0.2000,8.3432,0.1087,10.6984,0.0879,0.0000,-24.7180,<0.0001,5.0000,0.0000,6.0000,0.0000,0.0000,,<0.0001
HMCP,1024,10,adjusted_narrow,0.3000,7.8808,0.1301,10.4603,0.0692,0.0000,-27.4526,<0.0001,4.9667,0.1826,5.9833,0.0913,0.0000,-7.0437,<0.0001
HMCP,1024,10,adjusted_narrow,0.4000,7.7519,0.1033,10.1923,0.0645,0.0000,-30.6844,<0.0001,4.9667,0.1826,6.0000,0.0000,0.0000,-8.0042,<0.0001
HMCP,1024,10,adjusted_narrow,0.5000,7.7459,0.1039,9.9097,0.0684,0.0000,-26.4104,<0.0001,5.0000,0.0000,5.9333,0.1729,0.0000,-5.3990,<0.0001
HMCP,1024,10,adjusted_narrow,0.6000,7.7462,0.1047,9.6257,0.0748,0.0000,-21.8858,<0.0001,5.0000,0.0000,5.9167,0.2306,0.0000,-3.9757,<0.0001
HMCP,1024,10,adjusted_narrow,0.7000,7.7409,0.1270,9.3363,0.0870,0.0000,-15.6310,<0.0001,4.9333,0.2537,5.8167,0.2780,0.0000,-3.3190,<0.0001
HMCP,1024,10,adjusted_narrow,0.8000,7.7369,0.1184,9.0910,0.0783,0.0000,-14.4684,<0.0001,4.9333,0.2537,5.7667,0.3407,0.0000,-2.7742,<0.0001
HMCP,1024,10,adjusted_narrow,0.9000,7.7393,0.1251,8.8861,0.0704,0.0000,-12.4276,<0.0001,4.9667,0.1826,5.6500,0.3511,0.0000,-2.4420,<0.0001
HMCP,1024,10,adjusted_narrow,1.0000,8.3630,0.1053,8.9055,0.0741,0.0000,-6.3263,<0.0001,5.0667,0.3651,6.0000,0.0000,0.0000,-3.6148,<0.0001
HMCP,1024,10,adjusted_broad,0.0000,17.1822,1.5327,21.3131,1.0741,0.0000,-3.3163,<0.0001,14.7667,2.9324,23.4333,2.4591,0.0000,-3.2026,<0.0001
HMCP,1024,10,adjusted_broad,0.1000,12.3398,2.3951,11.5335,2.4368,0.0000,0.3328,<0.0001,9.5667,2.9441,8.4833,1.8312,0.0934,0.4419,0.093
HMCP,1024,10,adjusted_broad,0.2000,10.7833,1.6155,10.5418,1.5834,0.0512,0.1515,0.051,8.0000,2.0844,8.1833,1.4767,0.6959,-0.1015,0.696
HMCP,1024,10,adjusted_broad,0.3000,9.9207,1.4650,9.5382,1.2280,0.0002,0.2916,<0.001,7.3333,1.8257,7.4667,1.4320,0.7542,-0.0813,0.754
HMCP,1024,10,adjusted_broad,0.4000,9.3568,1.2404,9.0610,1.1594,0.0014,0.2492,<0.01,7.0667,1.7006,6.9167,1.4685,0.7160,0.0944,0.716
HMCP,1024,10,adjusted_broad,0.5000,9.0359,0.9354,8.7199,1.0992,0.0001,0.3016,<0.001,6.9667,1.6291,7.0000,1.3646,0.9318,-0.0222,0.932
HMCP,1024,10,adjusted_broad,0.6000,8.7400,0.6587,8.6683,0.7294,0.1910,0.1015,0.191,6.8000,1.3995,6.7333,0.8880,0.8265,0.0569,0.827
HMCP,1024,10,adjusted_broad,0.7000,8.5860,0.8647,8.5390,0.7199,0.4319,0.0610,0.432,6.7667,1.3566,6.8333,1.0775,0.8338,-0.0544,0.834
HMCP,1024,10,adjusted_broad,0.8000,8.2048,0.6874,8.2616,0.6715,0.2799,-0.0839,0.280,6.5000,1.4081,6.4500,0.8341,0.8678,0.0432,0.868
HMCP,1024,10,adjusted_broad,0.9000,8.1613,0.5242,8.1692,0.5348,0.8469,-0.0150,0.847,6.3000,1.1188,6.2833,0.7273,0.9457,0.0177,0.946
HMCP,1024,10,adjusted_broad,1.0000,7.0499,1.0136,6.8797,1.0458,0.0343,0.1644,<0.05,5.3333,1.0933,5.1833,0.7484,0.5379,0.1601,0.538
